[
  {
    "type": "item_group",
    "subtype": "distribution",
    "id": "airdrop_water_drum",
    "items": [ { "item": "water_clean", "prob": 100, "container-item": "55gal_drum_rubber", "charges": [ 700, 800 ] } ]
  },
  {
    "id": "airdrop_military_kit",
    "type": "item_group",
    "subtype": "collection",
    "entries": [
      { "group": "airdrop_MRE", "prob": 60, "count": [ 1, 4 ] },
      { "group": "airdrop_IFAK", "prob": 50, "count": [ 1, 2 ] },
      { "group": "airdrop_water_canteen", "prob": 50, "count": [ 1, 4 ] }
    ]
  },
  {
    "id": "airdrop_water_canteen",
    "type": "item_group",
    "subtype": "collection",
    "container-item": "box_medium",
    "entries": [
      { "item": "water_clean", "container-item": "canteen", "charges": 6, "count": 10 },
      { "item": "cardboard", "count": 30 }
    ]
  },
  {
    "id": "airdrop_IFAK",
    "type": "item_group",
    "subtype": "collection",
    "container-item": "box_medium",
    "entries": [ { "group": "full_ifak", "count": 10 }, { "item": "cardboard", "count": 9 } ]
  },
  {
    "id": "airdrop_MRE",
    "type": "item_group",
    "subtype": "collection",
    "container-item": "box_medium",
    "entries": [ { "group": "MRE", "count": 10 }, { "item": "cardboard", "count": 13 } ]
  }
]
