[
  {
    "type": "item_group",
    "id": "behindcounter",
    "ammo": 50,
    "magazine": 100,
    "subtype": "distribution",
    "entries": [
      { "prob": 85, "group": "bottle_otc_painkiller_1_20" },
      { "prob": 25, "group": "caffeine_bottle_plastic_pill_supplement_1_10" },
      { "prob": 5, "group": "melatonin_tablet_bottle_plastic_pill_supplement_1_30" },
      { "group": "tobacco_products", "prob": 161 },
      { "group": "cigar_box_unopened", "prob": 10, "count": [ 1, 4 ] },
      { "item": "cigar_cutter", "prob": 10 },
      { "item": "cigar_punch", "prob": 8 },
      { "item": "sponge", "prob": 10 },
      { "group": "ammo_pocket_batteries_full", "prob": 50 },
      { "item": "vibrator", "prob": 3, "charges": [ 0, 100 ] },
      { "item": "condom", "prob": 5, "count": [ 1, 3 ] },
      { "item": "mag_porn", "prob": 20 },
      { "item": "lighter", "prob": 60, "charges": [ 95, 100 ] },
      { "item": "ref_lighter", "prob": 5, "charges": [ 40, 50 ] },
      { "item": "matches", "prob": 60, "charges": [ 19, 20 ] },
      { "item": "ref_matches", "prob": 50, "charges": [ 31, 32 ] },
      { "item": "flashlight", "prob": 40, "charges": [ 0, 300 ] },
      { "item": "extinguisher", "prob": 20, "charges": 100 },
      { "item": "tazer", "prob": 3, "charges": [ 0, 500 ] },
      { "item": "mp3", "prob": 9, "charges": [ 0, 100 ] },
      { "item": "portable_game", "prob": 8, "charges": [ 0, 100 ] },
      { "item": "game_watch", "prob": 2, "charges": [ 0, 50 ] },
      { "item": "deck_of_cards", "prob": 2 },
      { "item": "roadmap", "prob": 40 },
      { "item": "trailmap", "prob": 20 },
      { "item": "file", "prob": 10 },
      { "item": "touristmap", "prob": 20 },
      { "item": "restaurantmap", "prob": 20 },
      { "item": "money_strap_one", "prob": 55 },
      { "item": "money_strap_five", "prob": 55 },
      { "item": "money_strap_ten", "prob": 25 },
      { "item": "gold_watch", "prob": 5 },
      { "item": "silver_watch", "prob": 10 },
      { "item": "gum", "prob": 30, "count": [ 1, 10 ] },
      { "item": "caff_gum", "prob": 10, "count": [ 1, 10 ] },
      { "item": "sm_extinguisher", "prob": 10, "charges": 10 },
      { "item": "nic_gum", "prob": 2, "count": [ 1, 10 ] },
      { "item": "razor_blade", "prob": 3 },
      { "item": "knitting_needles", "prob": 1 },
      { "group": "newspaper_recent", "prob": 15 },
      { "item": "survnote", "prob": 2 },
      { "item": "eclipse_glasses", "prob": 1 },
      { "item": "thermos", "prob": 10 },
      { "group": "writing_utensils", "prob": 10 }
    ]
  },
  {
    "type": "item_group",
    "id": "public_sink",
    "//": "Items you might find in the sink of a public place, like a bathroom.",
    "items": [ { "item": "liquid_soap", "count": [ 1, 4 ], "prob": 70, "charges": [ 1, -1 ] } ]
  },
  {
    "id": "glass_shop",
    "type": "item_group",
    "items": [
      [ "glass", 15 ],
      [ "jar_glass_sealed", 10 ],
      [ "glass_bowl", 10 ],
      [ "test_tube", 10 ],
      [ "bottle_glass", 10 ],
      [ "flask_glass", 10 ],
      [ "pipe_glass", 10 ],
      [ "fish_bowl", 1 ],
      [ "glass_plate", 20 ],
      [ "glass_sheet", 5 ],
      [ "jar_3l_glass_sealed", 15 ],
      [ "magnifying_glass", 5 ],
      [ "tempered_glass_sheet", 5 ]
    ]
  },
  {
    "id": "dollar_books",
    "type": "item_group",
    "items": [
      { "group": "book_mag_tech", "prob": 30 },
      { "group": "book_mag_gen", "prob": 45 },
      { "group": "book_mag_interests", "prob": 30 },
      { "group": "kids_books", "prob": 65 },
      [ "family_cookbook", 25 ]
    ]
  },
  {
    "id": "dollar_tools",
    "type": "item_group",
    "items": [
      [ "rope_6", 20 ],
      [ "string_36", 25 ],
      [ "toilet_paper", 10 ],
      { "item": "handflare", "prob": 15, "charges": 300 },
      [ "duct_tape", 25 ],
      { "group": "superglue", "prob": 45 },
      { "item": "flashlight", "prob": 25, "charges": [ 0, 300 ] },
      [ "thread", 20 ],
      { "group": "ammo_pocket_batteries_full", "prob": 25 },
      { "item": "candle", "prob": 25, "charges": [ 0, 100 ] },
      [ "hammer", 20 ],
      [ "screwdriver", 20 ],
      { "item": "lighter", "prob": 25, "charges": [ 0, 100 ] },
      [ "pockknife", 15 ],
      [ "metal_file", 15 ],
      [ "pin_reamer", 10 ],
      [ "sandbox_kit", 5 ],
      { "distribution": [ { "group": "full_survival_kit" }, { "group": "used_survival_kit" } ], "prob": 5 },
      { "group": "writing_utensils", "prob": 40 }
    ]
  },
  {
    "id": "dollar_kitchen",
    "type": "item_group",
    "items": [
      [ "cup_plastic", 20 ],
      [ "rolling_pin", 20 ],
      [ "bowl_plastic", 20 ],
      [ "canteen", 10 ],
      [ "flask_hip", 15 ],
      [ "fork", 25 ],
      [ "sponge", 30 ],
      [ "spoon", 25 ],
      [ "knife_butter", 25 ],
      [ "pan", 15 ],
      [ "pot", 15 ],
      [ "teapot", 15 ],
      { "group": "tinware", "prob": 8 }
    ]
  },
  {
    "id": "dollar_food",
    "type": "item_group",
    "items": [
      { "group": "candy_chocolate", "prob": 45 },
      { "prob": 15, "group": "licorice_bag_plastic_4" },
      { "group": "salty_snacks", "prob": 80 },
      [ "peanut_shelled", 20 ],
      [ "almond_shelled", 20 ],
      [ "cereal", 25 ],
      [ "cereal3", 25 ],
      [ "soup_tomato", 25 ],
      [ "soup_chicken", 25 ],
      [ "lasagne_raw", 25 ],
      [ "macaroni_raw", 25 ],
      [ "can_beans", 20 ],
      [ "can_spam", 20 ],
      [ "can_pineapple", 20 ],
      [ "can_tuna", 20 ],
      [ "can_cheese", 20 ],
      [ "dry_rice", 20 ],
      [ "dry_beans", 20 ],
      [ "dry_lentils", 50 ],
      [ "cookies", 25 ],
      { "prob": 40, "group": "bread_bag_plastic_14" }
    ]
  },
  {
    "type": "item_group",
    "id": "coffee_shop",
    "items": [
      { "group": "candy_chocolate", "prob": 530 },
      { "prob": 15, "group": "licorice_bag_plastic_4" },
      { "group": "softdrinks_canned", "prob": 470 },
      { "group": "snacks", "prob": 560 },
      [ "coffee_raw", 70 ],
      [ "water_clean", 90 ],
      [ "water_mineral", 10 ],
      [ "almond_milk", 30 ],
      [ "soy_milk", 30 ],
      [ "juice", 20 ],
      [ "sandwich_t", 30 ],
      [ "sandwich_pb", 30 ],
      [ "sandwich_pbj", 30 ],
      [ "sandwich_pbh", 30 ],
      [ "sandwich_pbm", 30 ],
      [ "pizza_veggy", 8 ],
      [ "pizza_cheese", 8 ],
      [ "pizza_meat", 8 ],
      [ "hamburger", 40 ],
      [ "fish_fried", 8 ],
      [ "fish_sandwich", 8 ],
      [ "cheeseburger", 40 ],
      [ "sloppyjoe", 8 ],
      [ "hotdogs_frozen", 12 ],
      [ "hotdogs_cooked", 35 ],
      [ "corndogs_frozen", 30 ],
      [ "blt", 40 ],
      [ "salted_fish", 15 ],
      [ "pie", 20 ],
      [ "pie_meat", 20 ],
      [ "pie_veggy", 20 ],
      [ "pie_maple", 10 ],
      [ "cinnamon", 15 ],
      [ "coffee_bean", 20 ],
      [ "roasted_coffee_bean", 50 ],
      [ "restaurantmap", 5 ],
      [ "touristmap", 2 ],
      [ "brioche", 50 ]
    ]
  },
  {
    "type": "item_group",
    "id": "pawn_guns",
    "items": [
      { "group": "guns_common_display", "prob": 100 },
      { "group": "guns_display_pieces", "prob": 1 },
      { "group": "guns_collectible", "prob": 1 }
    ]
  },
  {
    "type": "item_group",
    "id": "pawn_valuable",
    "items": [
      [ "sword_cane", 5 ],
      [ "advanced_ecig", 5 ],
      [ "television", 10 ],
      [ "gold_small", 10 ],
      [ "silver_small", 20 ],
      [ "platinum_small", 10 ],
      [ "gold_watch", 15 ],
      [ "silver_watch", 20 ],
      [ "sf_watch", 7 ],
      [ "platinum_watch", 1 ],
      { "item": "smart_phone", "prob": 31, "charges": [ 0, -1 ] },
      { "item": "goggles_nv", "prob": 1, "charges": [ 0, 100 ] },
      { "item": "goggles_ir", "prob": 1, "charges": [ 0, 100 ] },
      { "item": "eink_tablet_pc", "prob": 12, "charges": [ 0, 100 ] },
      { "item": "camera_pro", "prob": 5, "charges": [ 0, 150 ] },
      { "item": "portable_game", "prob": 8, "charges": [ 0, 100 ] },
      [ "knife_rm42", 1 ],
      [ "gold_ring", 12 ],
      [ "silver_ring", 6 ],
      [ "platinum_ring", 1 ],
      [ "diamond_ring", 1 ],
      [ "ring_engagement", 2 ],
      [ "ring_wedding", 1 ],
      [ "ring_purity", 2 ],
      [ "ring_signet", 1 ],
      [ "diamond", 1 ],
      [ "cufflinks", 2 ],
      [ "cufflinks_intricate", 1 ],
      [ "pearl_collar", 1 ],
      [ "silver_necklace", 14 ],
      [ "gold_ear", 12 ],
      [ "silver_ear", 14 ],
      [ "bead_ear", 14 ],
      [ "platinum_ear", 1 ],
      [ "platinum_bracelet", 1 ],
      [ "gold_bracelet", 8 ],
      [ "silver_bracelet", 10 ],
      [ "jade_brooch", 1 ],
      [ "silver_locket", 1 ],
      [ "gold_locket", 1 ],
      [ "platinum_locket", 1 ],
      [ "gold_anklet", 1 ],
      [ "silver_anklet", 2 ],
      [ "gold_lip_ring_loop", 1 ],
      [ "gold_lip_ring_stud", 1 ],
      [ "silver_lip_ring_loop", 2 ],
      [ "silver_lip_ring_stud", 2 ],
      [ "gold_nose_ring_loop", 1 ],
      [ "gold_nose_ring_stud", 1 ],
      [ "silver_nose_ring_loop", 2 ],
      [ "silver_nose_ring_stud", 2 ],
      [ "gold_toe_ring", 1 ],
      [ "silver_toe_ring", 2 ],
      { "group": "mags_common", "prob": 300 }
    ]
  },
  {
    "type": "item_group",
    "id": "pawn",
    "items": [
      [ "mag_fieldrepair", 50 ],
      { "item": "oxylamp", "prob": 50, "charges": [ 0, -1 ] },
      [ "bathroom_scale", 50 ],
      [ "polisher", 6 ],
      [ "folded_inflatable_boat", 10 ],
      [ "hand_pump", 10 ],
      [ "wakizashi_inferior", 3 ],
      [ "katana_inferior", 3 ],
      [ "zweihander_inferior", 3 ],
      [ "battleaxe_inferior", 3 ],
      [ "cutlass_inferior", 3 ],
      [ "scimitar_inferior", 3 ],
      [ "mace_inferior", 3 ],
      [ "morningstar_inferior", 3 ],
      { "group": "cigar_box_opened", "prob": 10, "count": [ 1, 2 ] },
      [ "hollow_cane", 5 ],
      [ "sinister_cane", 2 ],
      [ "wizard_cane_cheap", 2 ],
      [ "wizard_cane", 1 ],
      { "group": "costume_jewelry", "prob": 1 },
      [ "microwave", 5 ],
      [ "multi_cooker", 1 ],
      [ "pastaextruder", 8 ],
      { "item": "can_sealer", "prob": 5 },
      [ "knuckle_brass", 10 ],
      [ "knuckle_steel_forged", 5 ],
      { "item": "foodperson_mask", "prob": 1, "charges": [ 0, 500 ] },
      [ "cane", 10 ],
      [ "suit", 60 ],
      [ "waistcoat", 30 ],
      [ "sleeveless_trenchcoat", 5 ],
      [ "sleeveless_trenchcoat_leather", 5 ],
      [ "sleeveless_trenchcoat_fur", 5 ],
      [ "sleeveless_duster", 5 ],
      [ "sleeveless_duster_leather", 5 ],
      [ "sleeveless_duster_fur", 5 ],
      [ "apron_cut_resistant", 2 ],
      [ "chaps_cut_resistant", 5 ],
      [ "balaclava_cut_resistant", 5 ],
      [ "tieclip", 3 ],
      [ "cigar_cutter", 3 ],
      [ "cigar_punch", 3 ],
      [ "collarpin", 3 ],
      {
        "distribution": [ { "item": "mask_gas", "charges": [ 0, -1 ], "prob": 50 }, { "group": "gasmask_bag_full", "prob": 50 } ],
        "prob": 10
      },
      [ "goggles_welding", 70 ],
      [ "glasses_monocle", 2 ],
      [ "fancy_sunglasses", 15 ],
      [ "fc_hairpin", 5 ],
      [ "barrette", 5 ],
      [ "pearl_collar", 1 ],
      { "item": "cell_phone", "prob": 5, "charges": [ 0, 150 ] },
      [ "tophat", 10 ],
      [ "bullwhip", 3 ],
      [ "bowhat", 10 ],
      [ "cowboy_hat", 10 ],
      [ "10gal_hat", 5 ],
      [ "hat_chef", 5 ],
      [ "jacket_chef", 5 ],
      { "item": "smart_lamp", "prob": 5, "charges": [ 0, 100 ] },
      [ "mask_guy_fawkes", 5 ],
      { "item": "camera", "prob": 10, "charges": [ 0, 150 ] },
      [ "autoclave", 1 ],
      { "item": "geiger_off", "prob": 8, "charges": [ 0, 100 ] },
      { "item": "rad_monitor", "prob": 1, "charges": [ 0, 50 ] },
      [ "UPS_OFF", 5 ],
      { "item": "tazer", "prob": 3, "charges": [ 0, 100 ] },
      { "item": "mp3", "prob": 12, "charges": [ 0, 100 ] },
      { "item": "game_watch", "prob": 2, "charges": [ 0, 50 ] },
      [ "deck_of_cards", 2 ],
      { "item": "vibrator", "prob": 5, "charges": [ 0, 100 ] },
      [ "string_36", 40 ],
      [ "chain", 20 ],
      [ "steel_chunk", 30 ],
      [ "spring", 50 ],
      [ "steel_lump", 30 ],
      [ "manhole_cover", 1 ],
      [ "rock", 40 ],
      [ "hammer_sledge", 2 ],
      [ "hammer_sledge_short", 2 ],
      [ "hammer_sledge_engineer", 1 ],
      [ "hammer_sledge_heavy", 1 ],
      [ "ax", 8 ],
      { "item": "knife_huge", "variant": "knife_butcher", "prob": 10 },
      [ "knife_KABAR", 14 ],
      { "group": "infantry_knives", "prob": 1 },
      [ "kukri", 2 ],
      [ "knife_hunting", 8 ],
      { "group": "knife_rambo_cont", "prob": 16 },
      [ "throwing_knife", 7 ],
      [ "throwing_axe", 4 ],
      [ "punch_dagger", 12 ],
      [ "bat", 60 ],
      [ "petrified_eye", 1 ],
      [ "binoculars", 20 ],
      [ "boots", 70 ],
      [ "knee_high_boots", 30 ],
      [ "mocassins", 5 ],
      [ "dress_shoes", 50 ],
      [ "dance_shoes", 10 ],
      [ "heels", 50 ],
      [ "boots_western", 10 ],
      [ "jeans_vintage", 40 ],
      [ "pants", 75 ],
      [ "pants_army", 30 ],
      [ "jacket_army", 30 ],
      [ "tacjacket", 25 ],
      [ "winter_pants_army", 10 ],
      [ "winter_jacket_army", 10 ],
      [ "winter_gloves_army", 10 ],
      { "item": "tank_top", "variant": "tank_top_camo", "prob": 30 },
      [ "skirt", 75 ],
      [ "skirt_long", 50 ],
      [ "skirt_denim", 10 ],
      [ "skirt_leather", 5 ],
      [ "jumpsuit", 20 ],
      [ "dress", 70 ],
      [ "sundress", 50 ],
      [ "camisole", 60 ],
      [ "dress_shirt", 60 ],
      [ "denim_shirt", 10 ],
      [ "sweater", 75 ],
      [ "blazer", 35 ],
      [ "jacket_leather", 30 ],
      [ "jacket_varsity", 15 ],
      [ "gosling_jacket", 25 ],
      [ "coat_fur", 6 ],
      [ "coat_faux_fur", 10 ],
      [ "peacoat", 30 ],
      [ "greatcoat", 15 ],
      [ "coat_lab", 20 ],
      [ "helmet_army", 40 ],
      [ "helmet_army_outdated", 30 ],
      [ "helmet_soviet_tanker", 3 ],
      [ "helmet_conical", 1 ],
      [ "helmet_liner", 10 ],
      [ "hat_fur", 15 ],
      [ "hat_faux_fur", 15 ],
      [ "hat_newsboy", 20 ],
      [ "hat_sombrero", 5 ],
      [ "bandolier_shotgun", 8 ],
      [ "torso_bandolier_shotgun", 3 ],
      [ "holster", 8 ],
      [ "bootstrap", 3 ],
      [ "bholster", 5 ],
      [ "bbholster", 4 ],
      [ "legpouch", 4 ],
      [ "legpouch_large", 2 ],
      [ "chestpouch", 3 ],
      [ "ammo_satchel", 1 ],
      [ "ammo_pouch", 1 ],
      { "group": "novels", "prob": 378 },
      [ "atomic_survival", 1 ],
      [ "survival_book", 10 ],
      [ "fun_survival", 10 ],
      [ "SICP", 3 ],
      [ "textbook_robots", 1 ],
      [ "textbook_traps", 2 ],
      [ "textbook_anarch", 1 ],
      [ "recipe_bows", 2 ],
      [ "recipe_arrows", 2 ],
      [ "recipe_caseless", 1 ],
      { "item": "extinguisher", "prob": 20, "charges": 100 },
      [ "fan", 5 ],
      { "item": "radio", "prob": 20, "charges": [ 0, 100 ] },
      [ "chainsaw_off", 7 ],
      { "item": "elec_chainsaw_off", "prob": 4, "charges": [ 0, 500 ] },
      { "item": "elec_chainsaw_cord_off", "prob": 4 },
      { "item": "carver_off", "prob": 7 },
      [ "jackhammer", 2 ],
      [ "elec_jackhammer", 1 ],
      [ "pickaxe", 1 ],
      [ "bracelet_friendship", 1 ],
      [ "usb_drive", 5 ],
      [ "cot", 40 ],
      [ "rollmat", 40 ],
      [ "tent_kit", 17 ],
      [ "hammock", 2 ],
      [ "hammock_net", 1 ],
      [ "large_tent_kit", 17 ],
      [ "bat_metal", 60 ],
      [ "lawnmower", 25 ],
      [ "floodlight", 20 ],
      [ "minifridge", 20 ],
      [ "minifreezer", 10 ],
      [ "char_smoker", 25 ],
      [ "lawn_dart", 10 ],
      [ "dehydrator", 15 ],
      [ "pickelhaube", 50 ],
      [ "well_pump", 2 ],
      [ "firehelmet", 10 ],
      [ "bunker_coat", 5 ],
      [ "bunker_pants", 5 ],
      [ "boots_bunker", 5 ],
      [ "mask_bunker", 3 ],
      [ "fireman_belt", 3 ],
      [ "nomex_suit", 1 ],
      [ "nomex_hood", 1 ],
      [ "nomex_gloves", 1 ],
      [ "nomex_socks", 1 ],
      [ "picklocks", 10 ],
      [ "rucksack", 20 ],
      [ "briefcase", 5 ],
      [ "puller", 5 ],
      [ "press", 5 ],
      [ "vac_sealer", 10 ],
      [ "gasoline_lantern", 5 ],
      [ "electric_lantern", 8 ],
      [ "oil_lamp", 5 ],
      [ "lamp_oil", 5 ],
      [ "flotation_vest", 1 ],
      [ "javelin_bag", 1 ],
      [ "quiver_takedown_bow", 1 ],
      [ "nylon_quiver", 2 ],
      [ "quiver", 2 ],
      [ "quiver_large", 1 ],
      [ "raging_bull", 1 ],
      [ "sw_500", 1 ],
      [ "wristwatch", 15 ],
      [ "pocketwatch", 20 ],
      [ "umbrella", 5 ],
      [ "teleumbrella", 2 ],
      [ "tac_helmet", 5 ],
      [ "tac_fullhelmet", 2 ],
      [ "textbook_tailor", 12 ],
      [ "swage", 2 ],
      [ "forge", 5 ],
      [ "char_forge", 5 ],
      [ "char_kiln", 2 ],
      [ "apron_cotton", 5 ],
      [ "apron_leather", 5 ],
      [ "apron_plastic", 2 ],
      [ "boots_combat", 10 ],
      [ "boots_hiking", 10 ],
      [ "roller_blades", 20 ],
      [ "rollerskates", 10 ],
      [ "roller_shoes_off", 10 ],
      [ "folded_skateboard_generic", 10 ],
      [ "runner_bag", 5 ],
      [ "gloves_tactical", 1 ],
      [ "glasses_bal", 5 ],
      [ "elbow_pads", 10 ],
      [ "cu_pipe", 5 ],
      [ "e_tool", 5 ],
      [ "knife_trench", 7 ],
      { "item": "sm_extinguisher", "prob": 10, "charges": 10 },
      [ "switchblade", 6 ],
      [ "atomic_light", 1 ],
      [ "atomic_lamp", 1 ],
      [ "atomic_coffeepot", 1 ],
      [ "flaregun", 10 ],
      [ "signal_flare", 15 ],
      [ "knee_pads", 10 ],
      { "item": "oxygen_tank", "prob": 10, "charges": 24 },
      { "item": "smoxygen_tank", "prob": 5, "charges": 12 },
      [ "clogs", 1 ],
      [ "speargun", 8 ],
      [ "doublespeargun", 6 ],
      [ "airspeargun", 4 ],
      [ "fishspear", 4 ],
      [ "m_fishspear", 8 ],
      [ "c_fishspear", 8 ],
      [ "rebreather", 5 ],
      [ "rebreather_filler_soda_lime", 5 ],
      [ "diveknife", 10 ],
      { "group": "tools_fishingrods_commercial", "prob": 3 },
      [ "alarmclock", 5 ],
      [ "bagh_nakha", 2 ],
      [ "leathersandals", 10 ],
      [ "espadrilles", 5 ],
      [ "maid_dress", 3 ],
      [ "maid_dress_short", 3 ],
      [ "maid_hat", 3 ],
      { "group": "hat_hard_flashlight", "prob": 3 },
      [ "grapnel", 1 ],
      [ "razor_blade", 6 ],
      [ "scabbard", 4 ],
      [ "baldric", 4 ],
      [ "bscabbard", 4 ],
      [ "sheath", 6 ],
      [ "bootsheath", 6 ],
      [ "leg_sheath6", 1 ],
      [ "gartersheath1", 5 ],
      [ "gartersheath2", 2 ],
      [ "cestus", 1 ],
      [ "battleaxe", 1 ],
      [ "warhammer", 1 ],
      [ "morningstar", 1 ],
      [ "helmet_plate", 1 ],
      [ "huge_crossbow", 2 ],
      [ "bokken", 7 ],
      [ "broadsword_inferior", 20 ],
      [ "glaive", 1 ],
      [ "halberd", 1 ],
      [ "rapier_fake", 1 ],
      [ "cavalry_sabre_fake", 1 ],
      [ "estoc_inferior", 3 ],
      [ "jian_inferior", 30 ],
      [ "scimitar_inferior", 25 ],
      [ "longsword_inferior", 25 ],
      [ "arming_sword_inferior", 25 ],
      [ "tanto", 1 ],
      [ "kris", 5 ],
      [ "armor_lamellar", 2 ],
      [ "armor_junk_lightplate", 1 ],
      [ "cuirass_lightplate", 1 ],
      [ "armguard_lightplate", 1 ],
      [ "legguard_lightplate", 1 ],
      [ "armor_samurai", 1 ],
      [ "helmet_kabuto", 1 ],
      [ "gloves_plate", 1 ],
      [ "boots_plate", 1 ],
      [ "helmet_barbute", 1 ],
      [ "survnote", 5 ],
      { "group": "toy_radio_car", "prob": 1 },
      { "group": "toy_makerspace_kit", "prob": 1 },
      { "group": "toy_robot_kit", "prob": 1 },
      { "group": "toy_engine_kit", "prob": 1 },
      { "item": "air_launcher", "prob": 1 },
      [ "radiocontrol", 3 ],
      [ "peephole", 1 ],
      [ "magnifying_glass", 2 ],
      [ "ear_spool", 30 ],
      [ "halter_top", 40 ],
      [ "kilt", 5 ],
      [ "nanoskirt", 10 ],
      [ "sleeveless_tunic", 5 ],
      [ "straw_basket", 2 ],
      [ "fedora", 5 ],
      [ "straw_hat", 5 ],
      [ "straw_fedora", 5 ],
      [ "shark_suit", 1 ],
      [ "chainmail_junk_suit", 1 ],
      [ "chainmail_junk_hood", 2 ],
      [ "chainmail_junk_vest", 2 ],
      [ "chainmail_junk_arms", 2 ],
      [ "chainmail_junk_legs", 2 ],
      [ "chainmail_junk_feet", 2 ],
      [ "chainmail_junk_hands", 2 ],
      [ "motorbike_armor", 2 ],
      [ "motorbike_pants", 2 ],
      [ "motorbike_boots", 2 ],
      [ "dragonskin", 2 ],
      [ "kittel", 1 ],
      [ "kippah", 3 ],
      [ "thawb", 2 ],
      [ "kufi", 2 ],
      [ "cassock", 1 ],
      [ "zucchetto", 1 ],
      [ "cape_catholic", 1 ],
      [ "eboshi", 1 ],
      [ "kariginu", 2 ],
      [ "kimono", 2 ],
      [ "yukata", 4 ],
      [ "haori", 1 ],
      [ "hakama", 2 ],
      [ "geta", 1 ],
      [ "solarpack", 5 ],
      [ "tourist_table", 10 ],
      [ "thermos", 25 ],
      [ "magic_8_ball", 2 ],
      [ "coin_quarter", 2 ],
      [ "bronze_medal", 3 ],
      [ "silver_medal", 2 ],
      [ "gold_medal", 1 ],
      [ "freeze_dried_meal", 5 ],
      [ "bat_anklet", 1 ],
      [ "flower_anklet", 1 ],
      [ "woven_anklet", 1 ],
      { "group": "tinware", "prob": 10 },
      { "group": "pens", "prob": 10 },
      { "group": "costume_all_clothing", "prob": 10 }
    ]
  },
  {
    "id": "my_precious",
    "type": "item_group",
    "//": "for pawn_shop safe",
    "subtype": "distribution",
    "items": [
      { "group": "supplies_metal_precious", "prob": 70 },
      { "item": "money_strap_five", "prob": 90, "count": [ 1, 5 ] },
      { "item": "money_strap_ten", "prob": 70, "count": [ 1, 3 ] },
      { "item": "money_strap_twenty", "prob": 30, "count": [ 1, 3 ] },
      { "item": "money_strap_fifty", "prob": 10 },
      { "item": "gold_watch", "prob": 30 },
      { "item": "gold_ear", "prob": 30 },
      { "item": "gold_bracelet", "prob": 30 },
      { "item": "diamond_ring", "prob": 20 },
      { "item": "diamond", "prob": 10 }
    ]
  },
  {
    "type": "item_group",
    "id": "mil_surplus",
    "items": [
      { "group": "mags_surplus", "prob": 400 },
      [ "freeze_dried_meal", 20 ],
      [ "chocolate_military", 20 ],
      { "group": "infantry_knives", "prob": 14 },
      [ "knife_rm42", 1 ],
      [ "kukri", 2 ],
      [ "knife_KABAR", 6 ],
      [ "knife_hunting", 4 ],
      { "group": "knife_rambo_cont", "prob": 20 },
      [ "folded_inflatable_boat", 40 ],
      [ "hand_pump", 40 ],
      [ "throwing_knife", 14 ],
      [ "leg_sheath6", 10 ],
      { "item": "throwing_knife", "count": [ 1, 6 ], "entry-wrapper": "leg_sheath6", "prob": 5 },
      [ "throwing_axe", 4 ],
      [ "duffelbag", 25 ],
      [ "backpack_tactical_large", 10 ],
      [ "binoculars", 20 ],
      { "group": "crossbow_bolts", "prob": 7 },
      [ "crossbow", 2 ],
      { "group": "book_gunmags", "prob": 70 },
      [ "mag_fieldrepair", 100 ],
      [ "manual_brawl", 30 ],
      [ "manual_melee", 12 ],
      [ "manual_cutting", 12 ],
      [ "manual_stabbing", 12 ],
      [ "manual_bashing", 12 ],
      [ "manual_knives", 8 ],
      [ "manual_swords", 8 ],
      [ "manual_gun", 8 ],
      [ "manual_shotgun", 6 ],
      [ "manual_rifle", 10 ],
      [ "manual_pistol", 4 ],
      [ "manual_smg", 3 ],
      [ "manual_launcher", 2 ],
      [ "manual_fabrication", 12 ],
      [ "mag_melee", 20 ],
      [ "cot", 40 ],
      [ "manual_mechanics", 35 ],
      [ "manual_first_aid", 40 ],
      [ "textbook_firstaid", 20 ],
      [ "pocket_firstaid", 4 ],
      [ "pocket_survival", 2 ],
      [ "pocket_firearms", 2 ],
      [ "emergency_book", 6 ],
      [ "manual_traps", 12 ],
      [ "trappers_companion", 2 ],
      [ "textbook_traps", 8 ],
      [ "howto_traps", 14 ],
      [ "recipe_bows", 7 ],
      [ "recipe_arrows", 7 ],
      { "item": "flashlight", "prob": 40, "charges": [ 0, 300 ] },
      { "item": "heavy_flashlight", "prob": 30, "charges": [ 0, 300 ] },
      { "group": "full_survival_kit", "prob": 35 },
      { "group": "premium_contents", "prob": 8 },
      [ "mess_kit", 9 ],
      [ "popcan_stove", 2 ],
      [ "denat_alcohol", 1 ],
      [ "methed_alcohol", 1 ],
      [ "water_purifier", 5 ],
      [ "radio", 20 ],
      [ "geiger_off", 8 ],
      [ "rad_monitor", 2 ],
      [ "usb_drive", 5 ],
      [ "canteen", 15 ],
      [ "2lcanteen", 10 ],
      [ "camelbak", 5 ],
      [ "jerrycan", 10 ],
      [ "rucksack", 20 ],
      [ "heatpack", 60 ],
      [ "sleeping_bag_roll", 10 ],
      [ "emer_blanket", 20 ],
      [ "flyer", 10 ],
      [ "helmet_liner", 20 ],
      [ "jacket_army", 40 ],
      [ "helmet_army_outdated", 10 ],
      [ "helmet_soviet_tanker", 1 ],
      { "prob": 10, "group": "pur_tablets_bottle_plastic_small_1_50" },
      [ "knife_trench", 14 ],
      [ "flaregun", 20 ],
      [ "signal_flare", 25 ],
      [ "grapnel", 10 ],
      [ "bucket", 4 ],
      [ "bucket_5gal", 4 ],
      [ "folding_poncho", 5 ],
      [ "quikclot", 20 ],
      [ "bfipowder", 20 ],
      [ "sheath", 10 ],
      [ "bootsheath", 10 ],
      [ "survnote", 1 ],
      [ "solarpack", 1 ],
      [ "tourist_table", 5 ],
      [ "chem_hexamine", 5 ],
      [ "esbit_stove", 10 ],
      [ "angle_grinder", 4 ]
    ]
  },
  {
    "type": "item_group",
    "id": "coffee_display",
    "items": [
      { "group": "salty_snacks", "prob": 121 },
      [ "sandwich_t", 22 ],
      { "group": "tea_raw_bag_plastic_33", "prob": 50 },
      { "group": "tea_green_raw_bag_plastic_33", "prob": 25 },
      [ "cookies", 25 ],
      [ "brownie", 25 ],
      [ "coffee_raw", 90 ],
      [ "ceramic_cup", 10 ],
      [ "ceramic_plate", 10 ],
      [ "choco_coffee_beans", 60 ],
      [ "coffee_syrup", 25 ],
      [ "coffee_raw", 25 ]
    ]
  },
  {
    "type": "item_group",
    "id": "coffee_fridge",
    "items": [
      [ "water_clean", 30 ],
      [ "water_mineral", 15 ],
      { "group": "softdrinks_canned", "prob": 121 },
      { "item": "milk_UHT", "prob": 10, "charges": [ 1, 6 ], "sealed": false },
      [ "juice", 31 ],
      [ "pie", 40 ],
      [ "pie_meat", 28 ],
      [ "pie_veggy", 15 ],
      [ "pie_maple", 7 ],
      [ "yoghurt", 30 ],
      [ "soy_milk", 20 ]
    ]
  },
  {
    "type": "item_group",
    "id": "coffee_table",
    "items": [
      [ "pretzels", 40 ],
      [ "chocpretzels", 45 ],
      [ "candy", 30 ],
      [ "chips", 30 ],
      [ "cookies", 45 ],
      [ "brownie", 45 ],
      [ "restaurantmap", 5 ],
      [ "touristmap", 5 ],
      [ "fried_seeds", 5 ],
      { "prob": 20, "group": "seasoning_salt_various" },
      { "prob": 20, "group": "pepper_various" },
      [ "cinnamon", 10 ],
      [ "cup_plastic", 10 ],
      [ "ceramic_cup", 80 ],
      [ "ceramic_plate", 60 ],
      [ "choco_coffee_beans", 40 ],
      [ "cig", 39 ],
      [ "rolling_paper", 15 ],
      [ "wrapper", 25 ],
      [ "wrapper_foil", 2 ],
      [ "mag_news", 40 ],
      [ "news_regional", 35 ],
      [ "coffee", 55 ],
      [ "atomic_coffee", 10 ],
      [ "tea", 35 ]
    ]
  },
  {
    "type": "item_group",
    "id": "bookstore_misc",
    "subtype": "distribution",
    "entries": [
      { "item": "paper", "prob": 150, "count": [ 10, 30 ] },
      { "item": "wrapper", "prob": 25 },
      { "item": "wrapper_foil", "prob": 1 },
      { "item": "bubblewrap", "prob": 25 },
      { "item": "scissors", "prob": 25 },
      { "item": "roadmap", "prob": 10 },
      { "item": "trailmap", "prob": 20 },
      { "item": "touristmap", "prob": 5 },
      { "item": "restaurantmap", "prob": 5 },
      { "item": "magnifying_glass", "prob": 25 },
      { "item": "glasses_reading", "prob": 50 },
      { "item": "string_6", "prob": 25 },
      { "item": "candle", "prob": 20, "charges": [ 0, 100 ] },
      { "item": "reading_light", "prob": 25, "charges": [ 0, 100 ] },
      { "item": "survnote", "prob": 1 },
      { "group": "writing_utensils", "prob": 30 }
    ]
  },
  {
    "type": "item_group",
    "id": "arcade_prizes",
    "ammo": 75,
    "magazine": 100,
    "subtype": "distribution",
    "entries": [
      { "group": "candy_chocolate", "prob": 320 },
      { "group": "softdrinks_canned", "prob": 244 },
      { "item": "bbgun", "prob": 30 },
      { "item": "bb", "prob": 30 },
      { "item": "air_launcher", "prob": 5 },
      { "item": "portable_game", "prob": 60 },
      { "item": "game_watch", "prob": 15 },
      { "item": "deck_of_cards", "prob": 25 },
      { "item": "atomic_light", "prob": 1 },
      { "item": "folded_inflatable_boat", "prob": 10 },
      { "item": "hand_pump", "prob": 15 },
      { "prob": 45, "group": "toastem_box_small_8" },
      { "prob": 45, "group": "toastem2_box_small_8" },
      { "prob": 45, "group": "toastem3_box_small_8" },
      { "prob": 45, "group": "cookies_box_snack_4" },
      { "item": "bat", "prob": 15 },
      { "item": "backpack", "prob": 20 },
      { "item": "backpack_denim", "prob": 10 },
      { "item": "hairpin", "prob": 10 },
      { "item": "fc_hairpin", "prob": 4 },
      { "item": "wristwatch", "prob": 15 },
      { "item": "umbrella", "prob": 10 },
      { "item": "teleumbrella", "prob": 4 },
      { "group": "kids_books", "prob": 215 },
      { "item": "novel_pulp", "prob": 30 },
      { "item": "folded_bicycle", "prob": 3 },
      { "item": "sunglasses", "prob": 25 },
      { "item": "cowboy_hat", "prob": 25 },
      { "item": "mp3", "prob": 35, "charges": [ 0, 100 ] },
      { "item": "fursuit", "prob": 5 },
      { "item": "mp3", "prob": 20, "charges": [ 0, 100 ] },
      { "item": "wolfsuit", "prob": 5 },
      { "item": "dinosuit", "prob": 5 },
      { "item": "gum", "prob": 10, "count": 10 },
      { "item": "talking_doll", "prob": 11, "charges": [ 0, 100 ] },
      { "item": "marble", "prob": 15 },
      { "item": "creepy_doll", "prob": 1 },
      { "item": "jedi_cloak", "prob": 5 },
      { "item": "glowstick", "prob": 15, "charges": 1400 },
      { "item": "clown_suit", "prob": 5 },
      { "item": "clownshoes", "prob": 5 },
      { "item": "inflatable_dragon", "prob": 1, "charges": [ 0, 500 ] },
      { "item": "inflatable_ghost", "prob": 1, "charges": [ 0, 500 ] },
      { "item": "fog_machine", "prob": 1, "charges": [ 0, 500 ] }
    ]
  },
  {
    "type": "item_group",
    "id": "liqstore_brew",
    "items": [ [ "yeast", 5 ], [ "hops", 40 ] ]
  },
  {
    "type": "item_group",
    "id": "paintball_items",
    "//": "For paintball_field.json",
    "items": [
      {
        "distribution": [
          { "item": "paintball", "prob": 125 },
          { "item": "paintballgun", "prob": 100, "charges": [ 0, 50 ] },
          { "group": "paintball_clothes", "prob": 30 }
        ]
      }
    ]
  },
  {
    "type": "item_group",
    "id": "paintball_clothes",
    "//": "For paintball_field.json",
    "items": [
      {
        "distribution": [
          { "item": "airsoft_helmet", "prob": 35, "contents-group": "airsoft_helmet_attachments" },
          { "item": "gloves_airsoft", "prob": 20 },
          { "item": "glasses_bal", "prob": 20 },
          { "item": "stab_vest", "variant": "airsoft_stab_vest", "prob": 10 },
          { "item": "face_shield_plastic", "prob": 4 },
          { "item": "plastic_mandible_guard", "prob": 4 },
          { "item": "gloves_tactical", "prob": 4 },
          { "item": "counterweight_pouch", "prob": 1 },
          { "item": "legguard_hard", "prob": 2 },
          { "item": "elbow_pads", "prob": 2 },
          { "item": "armguard_hard", "prob": 2 },
          { "item": "knee_pads", "prob": 1 },
          { "item": "load_bearing_vest", "prob": 1 },
          { "item": "light_load_bearing_vest", "prob": 1 },
          { "group": "jackets", "prob": 5 },
          { "group": "mil_armor_pants", "prob": 5 },
          { "group": "clothing_outdoor_shoes", "prob": 5 }
        ]
      }
    ]
  },
  {
    "id": "airsoft_helmet_attachments",
    "type": "item_group",
    "subtype": "collection",
    "items": [
      {
        "distribution": [
          { "distribution": [ { "item": "face_shield_plastic", "prob": 90 }, { "item": "face_shield", "prob": 10 } ] },
          {
            "distribution": [ { "item": "plastic_mandible_guard", "prob": 90 }, { "item": "ballistic_mandible_guard", "prob": 10 } ]
          }
        ]
      }
    ]
  },
  {
    "id": "musicstore_showpiece",
    "type": "item_group",
    "//": "for music store",
    "items": [
      {
        "distribution": [
          { "item": "acoustic_guitar", "prob": 100 },
          { "item": "bagpipes", "prob": 25 },
          { "item": "banjo", "prob": 60 },
          { "item": "bone_flute", "prob": 20 },
          { "item": "clarinet", "prob": 50 },
          { "item": "flute", "prob": 50 },
          { "item": "harmonica_holder", "prob": 70 },
          { "item": "jug_clay", "prob": 20 },
          { "item": "saw", "prob": 20 },
          { "item": "tonewood", "prob": 30 },
          { "item": "saxophone", "prob": 50 },
          { "item": "trumpet", "prob": 50 },
          { "item": "tuba", "prob": 25 },
          { "item": "drum_percussion", "prob": 10 },
          { "item": "kantele", "prob": 10 },
          { "item": "ukulele", "prob": 50 },
          { "item": "fog_machine", "prob": 1, "charges": [ 0, 500 ] },
          { "item": "violin", "prob": 90 },
          { "item": "guitar_electric", "prob": 90 },
          {
            "collection": [ { "item": "case_violin" }, { "item": "tommygun" }, { "item": "grip" }, { "item": "thompson_drum" } ],
            "prob": 15
          },
          { "collection": [ { "item": "case_violin" }, { "item": "violin_golden" } ], "prob": 50 },
          { "collection": [ { "item": "spoon" }, { "item": "washboard" } ], "prob": 15 }
        ]
      }
    ]
  },
  {
    "id": "mussto_windinst",
    "type": "item_group",
    "//": "for music store",
    "items": [
      [ "tuba", 10 ],
      [ "trumpet", 25 ],
      [ "flute", 25 ],
      [ "clarinet", 25 ],
      [ "saxophone", 25 ],
      [ "harmonica_holder", 25 ],
      [ "tonewood", 10 ],
      [ "bagpipes", 5 ]
    ]
  },
  {
    "id": "mussto_stringinst",
    "type": "item_group",
    "//": "for music store",
    "items": [
      [ "acoustic_guitar", 100 ],
      [ "violin", 80 ],
      [ "ukulele", 90 ],
      [ "kantele", 10 ],
      [ "banjo", 100 ],
      [ "tonewood", 10 ],
      [ "guitar_electric", 100 ]
    ]
  },
  {
    "id": "bowling_alcohol",
    "type": "item_group",
    "subtype": "distribution",
    "entries": [
      { "group": "beer", "prob": 373 },
      { "group": "liquor_and_spirits", "prob": 80 },
      { "item": "drink_rumcola", "prob": 40 },
      { "item": "drink_screwdriver", "prob": 35 },
      { "item": "drink_wild_apple", "prob": 10 },
      { "item": "long_island", "prob": 17 },
      { "item": "wine_chardonnay", "prob": 20 },
      { "item": "wine_cabernet", "prob": 20 }
    ]
  },
  {
    "id": "bowling_food",
    "type": "item_group",
    "subtype": "distribution",
    "entries": [
      { "item": "water_clean", "prob": 50 },
      { "item": "water_mineral", "prob": 20 },
      { "item": "oj", "prob": 40 },
      { "item": "pineapple_juice", "prob": 35 },
      { "item": "juice", "prob": 35 },
      { "item": "cranberry_juice", "prob": 35 },
      { "group": "softdrinks_canned", "prob": 95 },
      { "item": "V8", "prob": 15 },
      { "item": "gum", "prob": 15, "count": 10 }
    ]
  },
  {
    "id": "bowling_fridge",
    "type": "item_group",
    "subtype": "distribution",
    "entries": [
      { "item": "water_clean", "prob": 50 },
      { "item": "water_mineral", "prob": 20 },
      { "item": "oj", "prob": 40 },
      { "item": "pineapple_juice", "prob": 35 },
      { "item": "juice", "prob": 35 },
      { "item": "cranberry_juice", "prob": 35 },
      { "group": "softdrinks_canned", "prob": 95 },
      { "item": "V8", "prob": 15 },
      { "item": "fries", "prob": 7 },
      { "item": "cheese_fries", "prob": 5 },
      { "item": "onion_rings", "prob": 7 },
      { "item": "mayonnaise", "prob": 3 },
      { "group": "ketchup_sealed_rng", "prob": 3 },
      { "group": "mustard_sealed_rng", "prob": 3 },
      { "prob": 5, "group": "pickle_jar_glass_sealed_2" },
      { "item": "cheeseburger", "prob": 10 },
      { "item": "hamburger", "prob": 8 },
      { "item": "sloppyjoe", "prob": 6 },
      { "prob": 6, "group": "hotdogs_frozen_bag_plastic_10" }
    ]
  },
  {
    "id": "bowling_table",
    "type": "item_group",
    "subtype": "distribution",
    "entries": [
      { "prob": 50, "group": "cig_box_cigarette_1_20" },
      { "item": "matches", "prob": 45, "charges": [ 1, 20 ] },
      { "item": "ref_matches", "prob": 45, "charges": [ 1, 32 ] },
      { "item": "rolling_paper", "prob": 10, "charges": [ 1, 30 ] },
      { "item": "bottle_glass", "prob": 50 },
      { "item": "bottle_plastic", "prob": 70 },
      { "item": "can_drink", "prob": 65 },
      { "item": "wrapper", "prob": 50 },
      { "item": "wrapper_foil", "prob": 5 },
      { "item": "ceramic_plate", "prob": 40 },
      { "item": "news_regional", "prob": 20 },
      { "item": "mag_news", "prob": 20 },
      { "item": "scorecard", "prob": 30 },
      { "group": "writing_utensils", "prob": 10 }
    ]
  },
  {
    "id": "bowling_bathroom",
    "type": "item_group",
    "subtype": "distribution",
    "entries": [
      { "item": "weed", "prob": 30, "count": [ 1, 5 ] },
      { "prob": 30, "group": "coke_bag_zipper_1_8" },
      { "prob": 40, "group": "bottle_otc_painkiller_1_20" },
      { "prob": 20, "group": "cig_box_cigarette_1_20" },
      { "item": "syringe", "prob": 20 },
      { "prob": 10, "group": "meth_bag_zipper_1_6" },
      { "prob": 5, "group": "heroin_bag_zipper_1_4" },
      { "item": "mag_porn", "prob": 35 },
      { "item": "hairpin", "prob": 5 },
      { "item": "purse", "prob": 15 },
      { "item": "armrig", "prob": 1 }
    ]
  },
  {
    "id": "bowling_trash",
    "type": "item_group",
    "subtype": "distribution",
    "entries": [
      { "item": "wrapper", "prob": 50 },
      { "item": "wrapper_foil", "prob": 5 },
      { "item": "bottle_glass", "prob": 50 },
      { "item": "bottle_plastic", "prob": 70 },
      { "item": "can_drink", "prob": 60 },
      { "item": "flyer", "prob": 30 },
      { "item": "box_small", "prob": 30 },
      { "item": "cotton_patchwork", "prob": 20 },
      { "item": "bag_plastic", "prob": 20 },
      { "item": "bag_zipper", "prob": 3 },
      { "item": "bag_zipper_gallon", "prob": 1 },
      { "item": "news_regional", "prob": 15 },
      { "item": "mag_news", "prob": 15 },
      { "item": "scorecard", "prob": 40 }
    ]
  },
  {
    "id": "bowling_item",
    "type": "item_group",
    "subtype": "distribution",
    "entries": [
      { "item": "socks_bowling", "prob": 100 },
      { "item": "shoes_bowling", "prob": 100 },
      { "item": "bowling_pin", "prob": 100 },
      { "item": "bowling_ball", "prob": 100 }
    ]
  },
  {
    "id": "bowling_balls",
    "type": "item_group",
    "subtype": "distribution",
    "entries": [ { "item": "bowling_ball", "prob": 100 } ]
  },
  {
    "type": "item_group",
    "id": "bikeshop_tools",
    "subtype": "distribution",
    "entries": [
      { "item": "wheel_bicycle", "prob": 100 },
      { "item": "tire_bicycle", "prob": 70 },
      { "item": "wheel_rim_bicycle", "prob": 80 },
      { "item": "tire_bicycle_or", "prob": 65 },
      { "item": "deflated_wheel_bicycle", "prob": 80 },
      { "item": "hand_pump", "prob": 100 },
      { "item": "wheel_bicycle", "prob": 80 },
      { "item": "horn_bicycle", "prob": 80 },
      { "item": "foot_crank", "prob": 80 },
      { "item": "saddle", "prob": 80 },
      { "item": "chain", "prob": 30 },
      { "item": "wrench", "prob": 30 },
      { "item": "wrench_small", "prob": 10 },
      { "item": "socket_wrench_set", "prob": 20 },
      { "item": "screwdriver", "prob": 40 },
      { "item": "screwdriver_set", "prob": 20 },
      { "item": "socket_screwdriver_set", "prob": 10 },
      { "group": "superglue", "prob": 55 },
      { "item": "hacksaw", "prob": 17 },
      { "item": "pliers", "prob": 40 },
      { "item": "gloves_leather", "prob": 45 },
      { "item": "gloves_work", "prob": 45 },
      { "item": "mask_dust", "prob": 15 },
      { "item": "manual_mechanics", "prob": 35 },
      { "item": "manual_fabrication", "prob": 20 },
      { "item": "duct_tape", "prob": 70, "charges": [ 50, 200 ] },
      { "item": "misc_repairkit", "prob": 15 },
      { "group": "tools_toolbox", "prob": 2 }
    ]
  },
  {
    "type": "item_group",
    "id": "bikeshop_for_sale",
    "subtype": "distribution",
    "entries": [
      {
        "distribution": [
          { "item": "wheel_bicycle", "prob": 100 },
          { "item": "wheel_bicycle", "prob": 90 },
          { "item": "horn_bicycle", "prob": 80 },
          { "item": "foot_crank", "prob": 80 },
          { "item": "saddle", "prob": 80 },
          { "item": "chain", "prob": 40 },
          { "item": "bike_rack", "prob": 20 },
          { "item": "small_storage_battery", "prob": 10 },
          { "item": "alternator_bicycle", "prob": 10 },
          { "item": "folded_bicycle", "prob": 10 },
          { "item": "roller_blades", "prob": 10 }
        ]
      },
      {
        "distribution": [
          { "item": "helmet_bike", "prob": 25 },
          { "group": "helmet_bike_modified", "prob": 10 },
          { "item": "plastic_chin_guard", "prob": 5 },
          { "item": "shield_visor", "prob": 10 },
          { "item": "knee_pads", "prob": 35 },
          { "item": "elbow_pads", "prob": 35 },
          { "item": "gloves_leather", "prob": 35 },
          { "item": "gloves_light", "prob": 35 },
          { "item": "gloves_fingerless", "prob": 35 },
          { "item": "touring_suit", "prob": 25 },
          { "item": "bandana", "prob": 25 },
          { "item": "scarf", "prob": 15 },
          { "item": "sunglasses", "prob": 25 },
          { "item": "fitover_sunglasses", "prob": 20 },
          { "item": "fancy_sunglasses", "prob": 20 },
          { "item": "canteen", "prob": 20 },
          { "item": "camelbak", "prob": 20 }
        ]
      },
      {
        "distribution": [
          { "item": "protein_powder", "prob": 7 },
          { "item": "dry_veggy", "prob": 10 },
          { "item": "dry_fruit", "prob": 10 },
          { "item": "granola", "prob": 5 }
        ]
      },
      {
        "distribution": [
          { "item": "wrench", "prob": 20 },
          { "item": "multitool", "prob": 30 },
          { "item": "screwdriver_set", "prob": 20 },
          { "item": "socket_screwdriver_set", "prob": 20 },
          { "item": "duct_tape", "prob": 50 },
          { "group": "superglue", "prob": 10 },
          { "item": "misc_repairkit", "prob": 25 },
          { "group": "tools_toolbox", "prob": 2 }
        ]
      }
    ]
  },
  {
    "id": "sugar_house_items",
    "type": "item_group",
    "items": [
      [ "syrup", 60 ],
      [ "sandwich_pbm", 20 ],
      [ "maple_candy", 90 ],
      [ "pancakes", 50 ],
      [ "fruit_pancakes", 30 ],
      [ "choc_pancakes", 20 ],
      [ "fruit_waffles", 20 ],
      [ "choc_waffles", 20 ],
      [ "pie_maple", 70 ],
      [ "pork_beans", 15 ],
      [ "glazed_tenderloin", 5 ],
      { "item": "cell_phone", "prob": 1, "charges": [ 0, 150 ] },
      { "item": "smart_phone", "prob": 3, "charges": [ 0, -1 ] },
      [ "glass", 40 ],
      [ "spoon", 25 ],
      [ "fork", 25 ],
      [ "knife_butter", 20 ],
      { "item": "knife_small", "variant": "knife_steak", "prob": 15 },
      [ "spork", 5 ],
      [ "foon", 5 ]
    ]
  },
  {
    "id": "sugar_house_kitchen_items",
    "type": "item_group",
    "items": [
      [ "thermometer", 90 ],
      [ "family_cookbook", 90 ],
      [ "maple_sap", 50 ],
      [ "syrup", 100 ],
      [ "maple_candy", 10 ],
      [ "flour", 30 ],
      [ "milk_powder", 30 ],
      [ "powder_eggs", 10 ],
      { "group": "egg_bird_unfert_carton_egg_10" },
      [ "cooking_oil", 20 ],
      { "item": "apple", "prob": 5, "custom-flags": [ "IRRADIATED" ] },
      { "item": "banana", "prob": 5, "custom-flags": [ "IRRADIATED" ] },
      { "item": "strawberries", "prob": 5, "custom-flags": [ "IRRADIATED" ] },
      [ "chocolate", 20 ],
      [ "waffleiron", 60 ],
      { "prob": 30, "group": "bread_bag_plastic_14" },
      [ "peanutbutter", 20 ],
      [ "pot", 80 ]
    ]
  },
  {
    "id": "sugar_house_tools",
    "type": "item_group",
    "items": [
      [ "hammer", 100 ],
      [ "hand_drill", 100 ],
      [ "screwdriver", 20 ],
      [ "screwdriver_set", 10 ],
      { "item": "cordless_drill", "prob": 70, "charges": [ 0, 500 ] },
      [ "thermometer", 60 ],
      [ "saw", 90 ],
      { "item": "bow_saw", "prob": 30 },
      { "item": "chainsaw_off", "prob": 10, "charges": [ 0, 450 ] },
      [ "bucket", 100 ],
      [ "bucket_5gal", 100 ],
      [ "tree_spile", 100 ],
      [ "pot", 100 ]
    ]
  },
  {
    "id": "sugar_house_furnace",
    "type": "item_group",
    "subtype": "collection",
    "entries": [ { "item": "maple_sap", "container-item": "metal_tank", "charges": [ 2, 15 ] } ]
  },
  {
    "id": "sugar_house_drum",
    "type": "item_group",
    "subtype": "collection",
    "entries": [ { "item": "syrup", "container-item": "55gal_drum", "charges": [ 2, 150 ] } ]
  },
  {
    "id": "petstore_misc",
    "type": "item_group",
    "items": [
      { "item": "dogfood", "prob": 20, "container-item": "can_medium" },
      { "item": "catfood", "prob": 20, "container-item": "can_food" },
      { "prob": 5, "group": "dogfood_dry_bag_plastic_24" },
      { "prob": 5, "group": "catfood_dry_bag_plastic_24" },
      [ "birdfood", 15 ],
      [ "dog_whistle", 15 ],
      { "item": "flashlight", "prob": 5, "charges": [ 0, 300 ] }
    ]
  },
  {
    "id": "petstore_shelves",
    "type": "item_group",
    "items": [
      { "item": "dogfood", "prob": 10, "container-item": "can_medium" },
      { "item": "catfood", "prob": 10, "container-item": "can_food" },
      { "prob": 10, "group": "dogfood_dry_bag_plastic_24" },
      { "prob": 10, "group": "catfood_dry_bag_plastic_24" },
      { "item": "salt_water", "prob": 10, "container-item": "aquarium_medium" },
      { "item": "water", "prob": 10, "container-item": "aquarium_medium" },
      { "item": "salt_water", "prob": 10, "container-item": "aquarium_small" },
      { "item": "water", "prob": 10, "container-item": "aquarium_small" },
      { "item": "salt_water", "prob": 3, "container-item": "aquarium_large" },
      { "item": "water", "prob": 3, "container-item": "aquarium_large" },
      [ "birdfood", 15 ],
      [ "can_tuna", 15 ],
      [ "can_chicken", 15 ],
      [ "aquarium_medium", 10 ],
      [ "aquarium_small", 10 ],
      [ "aquarium_large", 3 ],
      [ "petpack", 10 ],
      [ "kevlar_harness", 2 ],
      [ "leather_harness_dog", 8 ],
      [ "rubber_harness_dog", 15 ]
    ]
  },
  {
    "type": "item_group",
    "id": "oa_ig_cs_lockers",
    "//": "For cs_car_showroom",
    "items": [
      { "group": "ammo_pocket_batteries_full", "prob": 10 },
      { "item": "radio", "prob": 10, "charges": [ 0, 100 ] },
      [ "cotton_patchwork", 30 ],
      [ "dress_shoes", 20 ],
      [ "longshirt", 30 ],
      [ "polo_shirt", 30 ],
      [ "dress_shirt", 30 ],
      [ "denim_shirt", 15 ],
      [ "tie_skinny", 10 ],
      [ "tie_necktie", 10 ],
      [ "tie_clipon", 10 ],
      [ "tieclip", 10 ],
      [ "collarpin", 10 ],
      [ "blazer", 35 ],
      [ "undershirt", 30 ],
      [ "suit", 30 ],
      [ "waistcoat", 30 ],
      [ "gold_watch", 5 ],
      [ "wristwatch", 10 ]
    ]
  },
  {
    "type": "item_group",
    "id": "oa_ig_cd_lockers",
    "//": "for cs_car_dealership",
    "items": [
      { "group": "ammo_pocket_batteries_full", "prob": 10 },
      { "item": "radio", "prob": 10, "charges": [ 0, 100 ] },
      [ "cotton_patchwork", 30 ],
      [ "jack", 20 ],
      [ "jack_small", 30 ],
      { "item": "flashlight", "prob": 20, "charges": [ 0, 300 ] },
      { "item": "heavy_flashlight", "prob": 10, "charges": [ 0, 300 ] },
      [ "jumper_cable", 20 ],
      [ "jumper_cable_heavy", 10 ],
      [ "pliers", 10 ],
      [ "battery_motorbike", 10 ],
      [ "battery_car", 10 ],
      [ "stereo", 10 ],
      [ "wrench", 10 ],
      [ "socket_wrench_set", 5 ],
      [ "socket_screwdriver_set", 5 ],
      [ "gloves_work", 10 ],
      [ "glasses_safety", 10 ],
      [ "solar_cell", 10 ],
      [ "screwdriver", 15 ],
      { "group": "superglue", "prob": 5 },
      [ "hand_controls", 1 ],
      { "item": "polisher", "prob": 15, "charges": [ 0, 100 ] },
      [ "solar_panel", 15 ]
    ]
  },
  {
    "type": "item_group",
    "id": "oa_ig_cd_fuel",
    "//": "for cs_car_dealership",
    "items": [
      { "item": "gasoline", "prob": 20, "charges": [ 450, 2000 ], "container-item": "jug_plastic", "sealed": false },
      { "item": "gasoline", "prob": 30, "charges": [ 450, 4000 ], "container-item": "jerrycan" },
      { "item": "gasoline", "prob": 10, "charges": [ 2650, 10000 ], "container-item": "jerrycan_big" }
    ]
  },
  {
    "type": "item_group",
    "id": "oa_ig_ts_tables",
    "//": "for cs_tire_shop",
    "items": [
      { "item": "radio", "prob": 30, "charges": [ 0, 100 ] },
      [ "cotton_patchwork", 30 ],
      { "item": "cell_phone", "prob": 10, "charges": [ 0, 150 ] },
      [ "mag_mechanics", 20 ],
      [ "manual_mechanics", 10 ],
      [ "jack", 60 ],
      [ "jack_small", 60 ],
      [ "jack_makeshift", 30 ],
      [ "wrench", 50 ],
      [ "wrench_large", 20 ],
      [ "socket_wrench_set", 40 ],
      [ "gloves_work", 30 ],
      [ "glasses_safety", 20 ]
    ]
  },
  {
    "type": "item_group",
    "id": "oa_ig_ts_lockers",
    "//": "for cs_tire_shop",
    "items": [
      { "group": "ammo_pocket_batteries_full", "prob": 10 },
      { "item": "radio", "prob": 10, "charges": [ 0, 100 ] },
      [ "cotton_patchwork", 30 ],
      [ "jack", 20 ],
      [ "jack_small", 30 ],
      { "item": "flashlight", "prob": 20, "charges": [ 0, 300 ] },
      { "item": "heavy_flashlight", "prob": 10, "charges": [ 0, 300 ] },
      [ "jumper_cable", 20 ],
      [ "jumper_cable_heavy", 10 ],
      [ "pliers", 10 ],
      [ "tin_snips", 10 ],
      [ "battery_motorbike", 10 ],
      [ "battery_car", 10 ],
      [ "stereo", 10 ],
      [ "wrench", 10 ],
      [ "gloves_work", 10 ],
      [ "glasses_safety", 10 ],
      [ "solar_cell", 10 ],
      [ "screwdriver", 15 ],
      { "group": "superglue", "prob": 5 },
      { "item": "polisher", "prob": 15, "charges": [ 0, 100 ] },
      [ "solar_panel", 15 ],
      [ "spare_tire_carrier", 10 ],
      [ "mounted_spare_tire", 10 ]
    ]
  },
  {
    "type": "item_group",
    "id": "oa_ig_ts_crates",
    "//": "for cs_tire_shop",
    "items": [
      { "group": "ammo_any_batteries_full", "prob": 10 },
      { "item": "radio", "prob": 10, "charges": [ 0, 100 ] },
      [ "cotton_patchwork", 30 ],
      [ "jack", 20 ],
      [ "jack_small", 30 ],
      { "item": "flashlight", "prob": 20, "charges": [ 0, 300 ] },
      { "item": "heavy_flashlight", "prob": 10, "charges": [ 0, 300 ] },
      [ "jumper_cable", 20 ],
      [ "jumper_cable_heavy", 10 ],
      [ "pliers", 10 ],
      [ "tin_snips", 10 ],
      [ "battery_motorbike", 10 ],
      [ "battery_car", 10 ],
      [ "stereo", 10 ],
      [ "wrench", 10 ],
      [ "gloves_work", 10 ],
      [ "glasses_safety", 10 ],
      [ "solar_cell", 10 ],
      [ "screwdriver", 15 ],
      { "group": "superglue", "prob": 5 },
      { "item": "polisher", "prob": 15, "charges": [ 0, 100 ] },
      [ "solar_panel", 15 ],
      [ "spare_tire_carrier", 10 ],
      [ "mounted_spare_tire", 10 ]
    ]
  },
  {
    "type": "item_group",
    "id": "oa_ig_ts_tires",
    "//": "for cs_tire_shop",
    "items": [
      [ "wheel_small", 30 ],
      [ "wheel", 30 ],
      [ "wheel_wide", 20 ],
      [ "tire_medium", 30 ],
      [ "tire_wide", 20 ],
      [ "deflated_wheel", 20 ],
      [ "deflated_wheel", 30 ],
      [ "deflated_wheel_wide", 20 ],
      [ "hand_pump", 10 ],
      [ "wheel_rim_medium", 5 ],
      [ "wheel_rim_wide", 5 ]
    ]
  },
  {
    "type": "item_group",
    "id": "ss_merch_1",
    "//": "for cs_sex_shop, mainly accessories or small clothing/underwear.",
    "items": [
      [ "panties", 90 ],
      [ "bra", 30 ],
      { "group": "bikini", "prob": 40 },
      {
        "collection": [ { "item": "bikini_top", "variant": "maid_bikini_top" }, { "item": "bikini_bottom", "variant": "maid_bikini_bottom" } ],
        "prob": 15
      },
      [ "flag_swimsuit", 10 ],
      [ "rope_6", 30 ],
      [ "corset", 20 ],
      [ "corset_waist", 10 ],
      [ "apron_leather", 10 ],
      { "item": "apron_cotton", "variant": "maid_apron", "prob": 20 },
      { "item": "apron_cotton", "variant": "gothic_apron", "prob": 15 },
      { "item": "waist_apron_short", "variant": "maid_apron", "prob": 20 },
      { "item": "waist_apron_short", "variant": "gothic_apron", "prob": 15 },
      [ "skirt_leather", 15 ],
      [ "nanoskirt", 15 ],
      [ "skirt", 10 ],
      [ "cheerleader_skirt_short", 15 ],
      [ "cheerleader_top_short", 15 ],
      [ "chaps_leather", 15 ],
      [ "hot_pants", 20 ],
      [ "hot_pants_leather", 20 ],
      [ "hot_pants_fur", 20 ],
      { "item": "vibrator", "prob": 50, "charges": [ 0, 100 ] },
      [ "leather_cat_tail", 20 ],
      [ "leather_cat_ears", 20 ],
      [ "leather_collar", 20 ],
      [ "bondage_mask", 30 ],
      [ "gloves_claws", 15 ],
      [ "gloves_fingerless", 10 ],
      [ "maid_hat", 10 ],
      [ "santa_hat", 5 ],
      [ "pointed_hat", 1 ],
      [ "cowboy_hat", 1 ],
      [ "santa_shorts", 1 ],
      [ "leggings", 5 ],
      [ "tights", 5 ],
      [ "garter_belt", 5 ],
      [ "bullwhip", 20 ],
      { "item": "candle", "prob": 20, "charges": [ 0, 100 ] },
      [ "condom", 50 ],
      { "item": "cuffs", "prob": 30 },
      { "item": "collar_playboy", "prob": 30 },
      { "item": "bunny_ears_black", "prob": 30 },
      { "item": "tail_bunny_playboy", "prob": 30 }
    ]
  },
  {
    "type": "item_group",
    "id": "ss_merch_2",
    "//": "for cs_sex_shop bookcases",
    "items": [ [ "mag_porn", 70 ], [ "novel_erotic", 30 ] ]
  },
  {
    "type": "item_group",
    "id": "ss_merch_3",
    "//": "for cs_sex_shop, suits, dresses and large clothing",
    "items": [
      [ "bondage_suit", 10 ],
      { "item": "bodysuit_lycra", "variant": "bondage_suit", "prob": 10 },
      [ "bodysuit_lycra", 5 ],
      [ "leotard", 5 ],
      [ "unitard", 5 ],
      [ "zentai", 3 ],
      [ "maid_dress_short", 20 ],
      [ "santa_dress_short", 10 ],
      [ "santa_jacket_short", 5 ],
      [ "jacket_leather", 5 ],
      [ "cheerleader_dress", 15 ],
      [ "ninja_dress", 3 ],
      [ "ninja_dress_sleeveless", 5 ],
      [ "sinister_dress_short", 2 ],
      [ "witch_dress", 3 ],
      [ "witch_dress_short", 5 ],
      { "item": "bunny_suit_playboy", "prob": 30 }
    ]
  },
  {
    "type": "item_group",
    "id": "backroom",
    "//": "for the employee backroom in cs_sex_shop",
    "subtype": "distribution",
    "entries": [
      { "item": "weed", "prob": 10, "count": [ 1, 5 ] },
      { "prob": 10, "group": "coke_bag_zipper_1_8" },
      { "group": "cigar_box_opened", "prob": 10, "count": [ 1, 2 ] },
      { "prob": 10, "group": "meth_bag_zipper_1_6" },
      { "prob": 10, "group": "bottle_otc_painkiller_1_20" },
      { "item": "mag_porn", "prob": 10 },
      { "item": "purse", "prob": 10 },
      { "item": "hairpin", "prob": 5 },
      { "item": "syringe", "prob": 10 },
      { "item": "blanket", "prob": 20 },
      { "item": "candle", "prob": 20, "charges": [ 0, 100 ] },
      { "item": "bodypillow", "prob": 10 },
      { "item": "pillow", "prob": 20 }
    ]
  },
  {
    "id": "thrift_misc",
    "type": "item_group",
    "items": [
      [ "magnifying_glass", 5 ],
      { "item": "sewing_kit", "prob": 15, "charges": [ 0, -1 ] },
      [ "scissors", 10 ],
      { "item": "gasoline_lantern", "prob": 7, "charges": [ 0, 500 ] },
      { "item": "flashlight", "prob": 25, "charges": [ 0, 300 ] },
      { "item": "hotplate", "prob": 20 },
      { "item": "coffeemaker", "prob": 25 },
      [ "textbook_firstaid", 2 ],
      [ "cigar_cutter", 5 ],
      [ "cigar_punch", 5 ],
      [ "pocket_firearms", 1 ],
      [ "mag_archery", 4 ]
    ]
  },
  {
    "id": "thrift_books",
    "type": "item_group",
    "items": [
      { "group": "magazines", "prob": 120 },
      [ "manual_traps", 12 ],
      [ "trappers_companion", 2 ],
      [ "manual_survival", 20 ],
      [ "textbook_firstaid", 8 ],
      [ "pocket_survival", 2 ],
      [ "manual_archery", 8 ],
      [ "book_archery", 2 ],
      [ "recipe_arrows", 4 ]
    ]
  },
  {
    "id": "elecsto_cameras",
    "type": "item_group",
    "//": "For s_electronics shops",
    "items": [ { "item": "camera", "prob": 75, "charges": 150 }, { "item": "camera_pro", "prob": 25, "charges": 150 } ]
  },
  {
    "id": "elecsto_lights",
    "type": "item_group",
    "//": "For s_electronics shops",
    "ammo": 75,
    "magazine": 100,
    "items": [
      { "item": "flashlight", "prob": 95, "charges": 300 },
      { "item": "wearable_light", "prob": 65, "charges": 100 },
      [ "floodlight", 10 ],
      [ "atomic_light", 1 ]
    ]
  },
  {
    "id": "elecsto_pcs",
    "type": "item_group",
    "//": "For s_electronics shops",
    "ammo": 75,
    "magazine": 100,
    "items": [ [ "eink_tablet_pc", 60 ], [ "laptop", 75 ] ]
  },
  {
    "id": "elecsto_entapl",
    "type": "item_group",
    "//": "For s_electronics shops",
    "ammo": 75,
    "magazine": 100,
    "items": [ [ "television", 50 ], [ "radio", 20 ], [ "stereo", 40 ] ]
  },
  {
    "id": "elecsto_persele",
    "type": "item_group",
    "//": "For s_electronics shops",
    "ammo": 75,
    "magazine": 100,
    "items": [
      { "item": "portable_game", "prob": 65, "charges": 100 },
      { "item": "cell_phone", "prob": 11, "charges": 150 },
      { "item": "smart_phone", "prob": 85, "charges": 120 },
      { "item": "waterproof_smart_phone_case", "prob": 40 },
      { "item": "mp3", "prob": 45, "charges": 100 },
      { "group": "toy_radio_car", "prob": 35 },
      { "group": "toy_makerspace_kit", "prob": 25 },
      { "group": "toy_robot_kit", "prob": 25 },
      { "group": "toy_engine_kit", "prob": 25 },
      { "item": "vibrator", "prob": 1, "charges": 100 },
      { "item": "ar_glasses_basic", "prob": 20, "charges": 150 },
      { "item": "ar_glasses_advanced", "prob": 10, "charges": 150 }
    ]
  },
  {
    "id": "elecsto_homapl",
    "type": "item_group",
    "//": "For s_electronics shops",
    "ammo": 75,
    "magazine": 100,
    "items": [
      [ "microwave", 65 ],
      [ "toaster", 65 ],
      [ "mess_kit", 25 ],
      [ "hotplate", 30 ],
      [ "multi_cooker", 15 ],
      [ "coffeemaker", 45 ],
      [ "water_purifier", 15 ],
      [ "dehydrator", 30 ],
      [ "vac_sealer", 45 ],
      [ "forge", 5 ],
      [ "atomic_coffeepot", 2 ]
    ]
  },
  {
    "id": "elecsto_diy",
    "type": "item_group",
    "//": "For s_electronics shops",
    "items": [
      [ "cable", 95 ],
      { "group": "ammo_pocket_batteries_full", "prob": 85 },
      [ "scrap", 70 ],
      [ "e_scrap", 95 ],
      [ "antenna", 50 ],
      [ "breadboard", 85 ],
      { "item": "voltmeter", "prob": 80 },
      { "item": "multimeter", "prob": 80, "charges": [ 0, 100 ] },
      [ "circuit", 35 ],
      [ "small_lcd_screen", 10 ],
      [ "large_lcd_screen", 10 ],
      [ "RAM", 35 ],
      [ "processor", 10 ],
      [ "amplifier", 7 ],
      [ "transponder", 5 ],
      [ "receiver", 5 ],
      { "item": "soldering_iron", "prob": 65 },
      { "item": "soldering_iron_portable", "prob": 65, "charges": [ 0, 50 ] },
      [ "solder_wire", 50 ],
      { "group": "superglue", "prob": 55 },
      [ "screwdriver", 60 ],
      [ "motor_small", 30 ]
    ]
  },
  {
    "id": "elecsto_displ",
    "type": "item_group",
    "//": "For s_electronics shops",
    "ammo": 75,
    "magazine": 100,
    "items": [ [ "television", 50 ], [ "eink_tablet_pc", 50 ], [ "stereo", 30 ], [ "microwave", 40 ] ]
  },
  {
    "id": "elecsto_books",
    "type": "item_group",
    "//": "For s_electronics shops",
    "items": [
      [ "mag_electronics", 60 ],
      [ "manual_electronics", 50 ],
      [ "advanced_electronics", 35 ],
      [ "ic_reference_electronics", 20 ],
      [ "textbook_electronics", 30 ],
      [ "radio_book", 40 ]
    ]
  },
  {
    "id": "elecsto_stor",
    "type": "item_group",
    "//": "For s_electronics shops",
    "items": [
      [ "usb_drive", 65 ],
      [ "memory_card", 95 ],
      [ "software_math", 15 ],
      [ "software_useless", 25 ],
      [ "software_medical", 5 ],
      [ "software_hacking", 1 ]
    ]
  },
  {
    "id": "laundromat_bleach",
    "type": "item_group",
    "items": [ [ "bleach", 50 ] ]
  },
  {
    "id": "laundromat_containers",
    "type": "item_group",
    "items": [ [ "duffelbag", 5 ], [ "backpack", 5 ], [ "bag_plastic", 30 ], [ "basket_laundry", 30 ] ]
  },
  {
    "id": "plastic_dishes",
    "type": "item_group",
    "subtype": "distribution",
    "items": [
      {
        "collection": [ { "item": "plastic_plate" }, { "item": "plastic_fork" }, { "item": "plastic_knife" }, { "item": "tumbler_plastic" } ],
        "prob": 50
      },
      {
        "collection": [ { "item": "bowl_plastic" }, { "item": "plastic_fork" }, { "item": "plastic_spoon" }, { "item": "tumbler_plastic" } ],
        "prob": 50
      }
    ]
  },
  {
    "id": "clothing_sport",
    "type": "item_group",
    "//": "for sports_store",
    "subtype": "distribution",
    "items": [
      { "group": "clothing_outdoor_torso" },
      { "group": "clothing_outdoor_pants" },
      { "group": "clothing_outdoor_shoes" },
      { "group": "clothing_glasses", "prob": 10 },
      { "group": "clothing_watch", "prob": 5 }
    ]
  },
  {
    "type": "item_group",
    "id": "ic_merch_vending",
    "//": "for cs_internet_cafe",
    "items": [
      { "group": "salty_snacks", "prob": 300 },
      [ "water_clean", 100 ],
      [ "water_mineral", 100 ],
      [ "coffee", 100 ],
      [ "atomic_coffee", 100 ]
    ]
  },
  {
    "type": "item_group",
    "id": "ic_merch",
    "//": "for cs_internet_cafe",
    "items": [
      { "item": "cell_phone", "prob": 10, "charges": [ 0, 150 ] },
      [ "mag_computer", 20 ],
      { "group": "ammo_pocket_batteries_full", "prob": 20 },
      [ "radio", 20 ],
      [ "television", 20 ],
      [ "two_way_radio", 20 ],
      [ "noise_emitter", 20 ],
      [ "eyedrops", 20 ],
      [ "mag_electronics", 20 ],
      [ "ecig", 20 ],
      [ "usb_drive", 20 ]
    ]
  },
  {
    "id": "vet_softdrug",
    "//": "for veterinarian",
    "type": "item_group",
    "items": [
      { "item": "bandages", "prob": 30, "count": [ 1, 3 ] },
      { "group": "adhesive_bandages_box_used", "prob": 30 },
      { "item": "liq_bandage_spray", "prob": 5, "charges": [ 1, -1 ] },
      { "group": "full_1st_aid", "prob": 10 },
      { "item": "saline", "prob": 20, "charges": [ 1, 5 ] },
      { "prob": 15, "group": "vitamins_bottle_plastic_pill_supplement_1_20" },
      { "prob": 15, "group": "calcium_tablet_bottle_plastic_pill_supplement_1_20" },
      { "item": "nyquil", "prob": 5, "charges": [ 1, 5 ] },
      { "item": "disinfectant", "prob": 15, "charges": [ 1, 10 ] },
      [ "protein_powder", 15 ],
      { "item": "smoxygen_tank", "prob": 20, "charges": [ 0, 12 ] },
      { "item": "elec_hairtrimmer", "prob": 15, "charges": [ 0, 50 ] },
      [ "survnote", 5 ],
      [ "mask_dust", 65 ],
      [ "glasses_safety", 10 ],
      [ "towel", 50 ],
      [ "scissors_medical", 50 ],
      [ "fungicide", 10 ],
      { "group": "insecticide_bag_plastic", "prob": 10 },
      { "item": "soap", "prob": 20, "charges": [ 1, 10 ] },
      { "item": "chem_hydrogen_peroxide", "prob": 10, "charges": [ 1, 10 ] },
      [ "canister_empty", 5 ],
      [ "stethoscope", 50 ],
      [ "scalpel", 50 ],
      [ "gloves_medical", 50 ],
      [ "medical_gauze", 25 ],
      { "prob": 10, "group": "quikclot_bag_plastic_1_6" },
      [ "hacksaw", 5 ],
      [ "gloves_rubber", 25 ],
      [ "apron_plastic", 15 ],
      { "item": "cotton_patchwork", "prob": 10, "custom-flags": [ "FILTHY" ] },
      [ "bag_plastic", 20 ],
      [ "string_6", 5 ]
    ]
  },
  {
    "id": "vet_utility",
    "//": "for veterinarian",
    "type": "item_group",
    "items": [
      [ "dog_whistle", 10 ],
      [ "pet_carrier", 30 ],
      [ "petpack", 3 ],
      { "item": "dogfood", "prob": 20, "container-item": "can_medium" },
      { "item": "catfood", "prob": 20, "container-item": "can_food" },
      [ "birdfood", 10 ],
      [ "towel", 20 ],
      { "item": "soap", "prob": 10, "charges": [ 1, 10 ] },
      [ "gloves_medical", 20 ],
      [ "cotton_patchwork", 15 ],
      { "item": "cotton_patchwork", "prob": 2, "custom-flags": [ "FILTHY" ] },
      [ "bag_plastic", 20 ],
      [ "jerky", 40 ]
    ]
  },
  {
    "id": "vet_hardrug",
    "//": "for veterinarian",
    "type": "item_group",
    "items": [
      [ "syringe", 10 ],
      { "prob": 10, "group": "diazepam_bottle_plastic_pill_prescription_1_10" },
      { "prob": 30, "group": "antifungal_bottle_plastic_pill_prescription_1_10" },
      { "prob": 30, "group": "antiparasitic_bottle_plastic_pill_prescription_1_10" },
      { "prob": 20, "group": "antibiotics_bottle_plastic_pill_prescription_1_15" },
      { "prob": 7, "group": "thorazine_bottle_plastic_pill_prescription_1_10" },
      { "item": "morphine", "prob": 10, "count": [ 1, 4 ] },
      { "prob": 15, "group": "codeine_bottle_plastic_pill_painkiller_1_10" },
      { "item": "saline", "prob": 15, "charges": [ 1, 5 ] },
      { "item": "smoxygen_tank", "prob": 10, "charges": [ 0, 12 ] },
      { "group": "full_1st_aid", "prob": 30 },
      [ "medical_tape", 35 ],
      [ "blood", 5 ],
      { "item": "anesthetic_kit", "prob": 10, "charges": [ 0, -1 ] }
    ]
  },
  {
    "id": "daycare_kitchen",
    "type": "item_group",
    "items": [
      [ "oj", 35 ],
      [ "cooked_pumpkin", 25 ],
      { "prob": 10, "group": "bread_bag_plastic_14" },
      [ "fruit_waffles", 5 ],
      [ "grahmcrackers", 5 ]
    ]
  },
  {
    "id": "gym",
    "type": "item_group",
    "items": [
      [ "water_clean", 12 ],
      [ "lemonade", 12 ],
      [ "sports_drink", 12 ],
      [ "V8", 12 ],
      [ "tank_top", 30 ],
      [ "towel", 40 ],
      [ "under_armor_shorts", 20 ],
      [ "under_armor", 20 ],
      [ "protein_shake", 8 ],
      [ "tshirt", 30 ],
      [ "tshirt_cropped", 3 ],
      [ "sneakers", 30 ],
      [ "hot_pants", 14 ],
      [ "undershirt", 30 ],
      [ "hoodie", 20 ],
      [ "hoodie_cropped", 2 ],
      [ "shorts", 30 ],
      { "prob": 3, "group": "coke_bag_zipper_1_8" },
      [ "longshirt", 30 ],
      { "group": "adhesive_bandages_box_used", "prob": 10 },
      { "item": "liq_bandage_spray", "prob": 2, "charges": [ 1, -1 ] },
      [ "heatpack", 10 ],
      { "item": "gum", "prob": 12, "count": [ 1, 10 ] },
      { "item": "soap", "prob": 10, "charges": [ 1, 10 ] },
      [ "rashguard", 20 ],
      [ "sports_bra", 30 ],
      [ "briefs", 30 ],
      [ "swim_briefs", 10 ],
      [ "speedo", 20 ],
      { "group": "bikini", "prob": 5 },
      [ "yoghurt", 12 ],
      { "prob": 10, "group": "vitamins_bottle_plastic_pill_supplement_1_20" },
      { "prob": 10, "group": "bottle_otc_painkiller_1_20" },
      [ "fitness_band", 10 ]
    ]
  },
  {
    "id": "hotel_coffee_bar",
    "type": "item_group",
    "subtype": "collection",
    "entries": [ { "item": "coffeemaker", "prob": 60 }, { "group": "coffee_display", "prob": 60, "count": [ 1, 3 ] } ]
  },
  {
    "type": "item_group",
    "id": "hotel_luggage",
    "subtype": "collection",
    "container-item": "suitcase_l",
    "entries": [
      { "distribution": [ { "group": "SUS_dresser_mens", "prob": 50 }, { "group": "SUS_dresser_womens", "prob": 50 } ] },
      { "group": "pillbox_any_used", "prob": 20 }
    ]
  },
  {
    "type": "item_group",
    "id": "book_hotel_tower_bible",
    "subtype": "collection",
    "items": [ { "item": "holybook_bible3", "prob": 100 } ]
  },
  {
    "id": "sewing_group",
    "//": "spawn list for craft stores",
    "type": "item_group",
    "items": [
      { "group": "tailoring_fabric", "prob": 30 },
      [ "awl_steel", 10 ],
      { "item": "loom_frame", "prob": 2 },
      { "item": "sewing_kit", "prob": 30, "charges": [ 0, -1 ] },
      { "item": "shed_stick", "prob": 2 },
      { "item": "tailors_kit", "prob": 9, "charges": [ 0, -1 ] },
      { "item": "electric_spinwheel", "prob": 9 },
      [ "knitting_needles", 15 ],
      [ "sheet_kevlar_layered", 10 ],
      [ "leather", 10 ],
      [ "sheet_leather", 10 ],
      [ "cotton_patchwork", 20 ],
      [ "needle_curved", 10 ],
      [ "nomex", 10 ],
      [ "neoprene", 5 ],
      [ "felt_patch", 10 ],
      [ "fur", 10 ],
      [ "thread", 15 ],
      [ "yarn", 15 ],
      [ "sinew", 15 ],
      [ "duct_tape", 15 ],
      { "group": "superglue", "prob": 5 },
      [ "feather", 15 ],
      [ "mag_animecon", 15 ],
      [ "mag_beauty", 15 ],
      [ "mag_tailor", 15 ],
      [ "manual_tailor", 15 ],
      [ "tailor_portfolio", 5 ],
      [ "recipe_fauxfur", 5 ],
      [ "textbook_tailor", 3 ]
    ]
  },
  {
    "id": "farm_supply_soil_and_sand",
    "type": "item_group",
    "subtype": "collection",
    "items": [
      { "item": "material_sand", "prob": 50, "charges": 500, "container-item": "bag_canvas" },
      { "group": "sandbag", "prob": 50 },
      { "item": "material_soil", "prob": 50, "charges": 500, "container-item": "bag_canvas" }
    ]
  },
  {
    "id": "farm_supply_rocks",
    "type": "item_group",
    "subtype": "collection",
    "items": [
      { "item": "rock", "prob": 40, "count": [ 1, 10 ] },
      { "item": "rock_large", "prob": 10, "count": [ 1, 10 ] },
      { "item": "rock_flaking", "prob": 20, "count": [ 1, 10 ] },
      { "item": "flint", "prob": 5, "count": [ 1, 10 ] },
      { "item": "material_shrd_limestone", "prob": 40, "count": [ 1, 10 ] },
      { "item": "material_limestone", "prob": 40, "count": [ 1, 10 ] }
    ]
  },
  {
    "id": "farm_supply_wire",
    "type": "item_group",
    "subtype": "collection",
    "items": [
      { "item": "lc_wire", "prob": 50, "count": [ 20, 50 ] },
      { "item": "mc_wire", "prob": 5, "count": [ 0, 20 ] },
      { "item": "hc_wire", "prob": 5, "count": [ 0, 20 ] },
      { "item": "qt_wire", "prob": 5, "count": [ 0, 20 ] },
      { "item": "wire_barbed", "prob": 40, "count": [ 20, 50 ] }
    ]
  },
  {
    "id": "farm_supply_quicklime_and_saltpetre",
    "type": "item_group",
    "items": [ { "group": "quicklime_bag", "prob": 85 }, { "item": "chem_saltpetre", "prob": 15, "charges": [ 10, 50 ] } ]
  },
  {
    "id": "farm_supply_animal_feed",
    "type": "item_group",
    "items": [ { "prob": 50, "group": "cattlefodder_bag_canvas_50" }, { "prob": 50, "group": "birdfood_bag_canvas_60" } ]
  },
  {
    "id": "farm_supply_riding_gear",
    "type": "item_group",
    "subtype": "collection",
    "items": [ { "item": "horse_tack" }, { "item": "saddlebag" } ]
  },
  {
    "id": "farm_supply_floor_surprises",
    "type": "item_group",
    "items": [
      { "group": "camping", "prob": 50 },
      { "group": "ammo_rifle_common_loose", "prob": 2 },
      { "group": "ammo_pistol_common_loose", "prob": 2 },
      { "group": "tools_survival", "prob": 5 },
      { "group": "clothing_outdoor_shoes", "prob": 7 },
      { "group": "clothing_outdoor_torso", "prob": 7 },
      { "group": "clothing_outdoor_pants", "prob": 7 },
      { "group": "farming_tools", "prob": 5 },
      { "group": "farming_seeds", "prob": 20 },
      { "item": "rock", "prob": 5 },
      { "group": "wallets", "prob": 2 },
      { "group": "banknotes", "prob": 4 },
      { "group": "coins", "prob": 4 },
      { "group": "discount_cards", "prob": 1 },
      { "item": "spray_can", "prob": 10, "charges": [ 0, 10 ] },
      { "item": "survnote", "prob": 1 },
      { "item": "touristmap", "prob": 1 }
    ]
  },
  {
    "type": "item_group",
    "id": "egg_bird_unfert_carton_egg_10",
    "subtype": "collection",
    "//": "This group was created automatically and may contain errors.",
    "container-item": "carton_egg",
    "entries": [ { "item": "egg_bird_unfert", "count": 10 } ]
  },
  {
    "type": "item_group",
    "id": "dogfood_dry_bag_plastic_24",
    "subtype": "collection",
    "//": "This group was created automatically and may contain errors.",
    "container-item": "bag_plastic",
    "entries": [ { "item": "dogfood_dry", "container-item": "null", "count": 24 } ]
  },
  {
    "type": "item_group",
    "id": "catfood_dry_bag_plastic_24",
    "subtype": "collection",
    "//": "This group was created automatically and may contain errors.",
    "container-item": "bag_plastic",
    "entries": [ { "item": "catfood_dry", "container-item": "null", "count": 24 } ]
  },
  {
    "type": "item_group",
    "id": "antifungal_bottle_plastic_pill_prescription_1_10",
    "subtype": "collection",
    "//": "This group was created automatically and may contain errors.",
    "container-item": "bottle_plastic_pill_prescription",
    "entries": [ { "item": "antifungal", "container-item": "null", "count": [ 1, 10 ] } ]
  },
  {
    "type": "item_group",
    "id": "cattlefodder_bag_canvas_50",
    "subtype": "collection",
    "//": "This group was created automatically and may contain errors.",
    "container-item": "bag_canvas",
    "entries": [ { "item": "cattlefodder", "count": 50 } ]
  },
  {
    "type": "item_group",
    "id": "birdfood_bag_canvas_60",
    "subtype": "collection",
    "//": "This group was created automatically and may contain errors.",
    "container-item": "bag_canvas",
    "entries": [ { "item": "birdfood", "count": 60 } ]
  }
]
