[
  {
    "id": "corpse_mansion",
    "type": "item_group",
    "subtype": "distribution",
    "groups": [ [ "cm_maid", 30 ], [ "cm_butler", 30 ], [ "cm_fancy", 23 ], [ "everyday_corpse", 17 ] ]
  },
  {
    "id": "cm_maid",
    "type": "item_group",
    "subtype": "collection",
    "entries": [
      { "group": "cleaning", "prob": 40 },
      { "group": "female_underwear", "prob": 90, "damage": [ 0, 4 ] },
      { "group": "shoes_maid", "prob": 30, "damage": [ 0, 4 ] },
      { "item": "maid_hat", "prob": 50, "damage": [ 0, 4 ] },
      { "group": "mansion_maid_dress", "prob": 100, "damage": [ 0, 4 ] },
      { "group": "corpse_female" }
    ]
  },
  {
    "id": "cm_butler",
    "type": "item_group",
    "subtype": "collection",
    "entries": [
      { "group": "gear_butler", "prob": 40 },
      { "item": "socks", "prob": 30, "damage": [ 0, 4 ] },
      { "group": "male_underwear", "prob": 90, "damage": [ 0, 4 ] },
      { "item": "dress_shoes", "prob": 30, "damage": [ 0, 4 ] },
      { "item": "dress_shirt", "prob": 50, "damage": [ 0, 4 ] },
      { "item": "suit", "prob": 100, "damage": [ 0, 4 ] },
      { "item": "glasses_monocle", "prob": 40, "damage": [ 0, 4 ] },
      { "item": "pocketwatch", "prob": 35, "damage": [ 0, 4 ] },
      { "group": "corpse_male" }
    ]
  },
  {
    "id": "cm_fancy",
    "type": "item_group",
    "subtype": "collection",
    "entries": [
      { "group": "jewelry_front", "prob": 40 },
      { "group": "mansion_guns", "prob": 40 },
      { "group": "shoestore_shoes", "prob": 30, "damage": [ 0, 4 ] },
      { "group": "suits", "prob": 90, "damage": [ 0, 4 ] },
      {
        "distribution": [
          { "collection": [ { "group": "male_underwear", "prob": 90, "damage": [ 0, 4 ] }, { "group": "corpse_male" } ] },
          {
            "collection": [ { "group": "female_underwear", "prob": 90, "damage": [ 0, 4 ] }, { "group": "corpse_female" } ]
          }
        ]
      }
    ]
  },
  {
    "id": "grave_contents",
    "type": "item_group",
    "subtype": "distribution",
    "entries": [ { "group": "everyday_corpse", "prob": 85 }, { "group": "grave_cremains", "prob": 15 } ]
  },
  {
    "id": "tool_common_stack",
    "type": "item_group",
    "subtype": "collection",
    "groups": [ [ "tools_common", 15 ], [ "tools_common", 5 ], [ "tools_lighting", 5 ], [ "tools_entry", 2 ] ]
  },
  {
    "id": "mansion_safe",
    "type": "item_group",
    "subtype": "collection",
    "items": [
      [ "diamond", 20 ],
      { "item": "money_bundle_twenty", "prob": 50, "count": [ 1, 5 ] },
      { "item": "money_bundle_fifty", "prob": 50, "count": [ 1, 5 ] },
      { "item": "money_bundle_hundred", "prob": 20, "count": [ 1, 2 ] },
      { "group": "stash_drugs", "prob": 5 },
      [ "file", 70 ],
      { "group": "jewelry_front", "prob": 40 },
      { "group": "costume_jewelry_vampire", "prob": 5 },
      { "group": "costume_jewelry_dark", "prob": 5 },
      { "group": "mansion_guns", "prob": 95 },
      { "group": "mansion_guns", "prob": 80 }
    ]
  },
  {
    "id": "mansion_safe_nogun",
    "type": "item_group",
    "subtype": "collection",
    "items": [
      [ "diamond", 20 ],
      { "item": "money_bundle_twenty", "prob": 50, "count": [ 1, 5 ] },
      { "item": "money_bundle_fifty", "prob": 50, "count": [ 1, 5 ] },
      { "item": "money_bundle_hundred", "prob": 20, "count": [ 1, 2 ] },
      { "group": "stash_drugs", "prob": 5 },
      [ "file", 70 ],
      { "group": "jewelry_front", "prob": 40 },
      { "group": "costume_jewelry_vampire", "prob": 5 },
      { "group": "costume_jewelry_dark", "prob": 5 }
    ]
  },
  {
    "id": "mansion_gunsafe",
    "type": "item_group",
    "subtype": "collection",
    "items": [
      { "item": "money_strap_twenty", "prob": 20, "count": [ 1, 5 ] },
      { "group": "mansion_ammo", "prob": 60 },
      { "group": "mansion_guns", "prob": 40 },
      { "group": "mansion_guns", "prob": 80 },
      { "group": "mansion_guns", "prob": 95 }
    ]
  },
  {
    "id": "crate_stack",
    "type": "item_group",
    "subtype": "distribution",
    "items": [
      [ "null", 100 ],
      { "group": "crate_clothes", "prob": 30 },
      { "group": "crate_linens", "prob": 25 },
      { "group": "crate_kitchen", "prob": 20 },
      { "group": "crate_winter", "prob": 20 },
      { "group": "crate_toys", "prob": 10 },
      { "group": "crate_wine", "prob": 5 },
      { "group": "crate_sports", "prob": 5 },
      { "group": "crate_parts", "prob": 4 },
      { "group": "crate_creepy", "prob": 1 }
    ]
  },
  {
    "id": "crate_clothes",
    "type": "item_group",
    "subtype": "collection",
    "groups": [ [ "underwear", 40 ], [ "pants", 70 ], [ "shirts", 90 ], [ "shoestore_shoes", 10 ] ]
  },
  {
    "id": "crate_winter",
    "type": "item_group",
    "subtype": "collection",
    "groups": [ [ "winter", 90 ], [ "winter", 70 ], [ "winter", 40 ], [ "winter", 10 ] ]
  },
  {
    "id": "crate_linens",
    "type": "item_group",
    "subtype": "collection",
    "groups": [ [ "bed", 90 ], [ "bed", 40 ], [ "bed", 10 ], [ "bath_linens", 70 ] ]
  },
  {
    "id": "crate_kitchen",
    "type": "item_group",
    "subtype": "collection",
    "groups": [ [ "kitchen_nonfood", 10 ], [ "kitchen_nonfood", 70 ], [ "oven", 90 ], [ "oven", 40 ] ]
  },
  {
    "id": "crate_toys",
    "type": "item_group",
    "subtype": "collection",
    "groups": [ [ "toy_box", 90 ], [ "toy_box", 70 ], [ "toy_box", 40 ], [ "toy_box", 10 ] ]
  },
  {
    "id": "crate_sports",
    "type": "item_group",
    "subtype": "collection",
    "groups": [ [ "sports_bulk", 90 ], [ "sports_bulk", 70 ], [ "sports_bulk", 40 ], [ "sports_bulk", 10 ] ]
  },
  {
    "id": "crate_parts",
    "type": "item_group",
    "subtype": "collection",
    "groups": [
      [ "hardware_bulk", 40 ],
      [ "supplies_electronics", 90 ],
      [ "supplies_electronics", 10 ],
      [ "supplies_spares_vehicle", 70 ]
    ]
  },
  {
    "id": "crate_cleaning",
    "type": "item_group",
    "subtype": "collection",
    "groups": [ [ "cleaning_bulk", 90 ], [ "cleaning_bulk", 70 ], [ "cleaning_bulk", 10 ], [ "cleaning", 40 ] ]
  },
  {
    "id": "crate_creepy",
    "type": "item_group",
    "subtype": "collection",
    "groups": [ [ "creepy", 90 ], [ "creepy", 70 ], [ "creepy", 40 ], [ "creepy", 10 ] ]
  },
  {
    "type": "item_group",
    "id": "wine_glasses",
    "subtype": "distribution",
    "items": [ [ "glass", 75 ], [ "tin_cup", 20 ], [ "bottle_glass", 5 ] ]
  },
  {
    "id": "glass_of_wine",
    "type": "item_group",
    "subtype": "distribution",
    "items": [
      { "item": "wine_riesling", "prob": 20, "container-group": "wine_glasses" },
      { "item": "wine_chardonnay", "prob": 30, "container-group": "wine_glasses" },
      { "item": "wine_cabernet", "prob": 30, "container-group": "wine_glasses" },
      { "item": "wine_marsala", "prob": 15, "container-group": "wine_glasses" },
      { "item": "wine_noir", "prob": 20, "container-group": "wine_glasses" },
      { "item": "wine_vermouth", "prob": 25, "container-group": "wine_glasses" },
      { "item": "wine_marsala", "prob": 15, "container-group": "wine_glasses" },
      { "item": "sherry", "prob": 10, "container-group": "wine_glasses" },
      { "item": "madeira", "prob": 10, "container-group": "wine_glasses" },
      { "item": "bristol_sherry", "prob": 10, "container-group": "wine_glasses" },
      { "item": "fruit_wine", "prob": 5, "container-group": "wine_glasses" }
    ]
  },
  {
    "id": "crate_wine",
    "type": "item_group",
    "subtype": "distribution",
    "items": [
      [ "null", 100 ],
      { "item": "glass_shard", "prob": 50, "count": [ 8, 100 ] },
      { "item": "bottle_glass", "prob": 50, "count": [ 1, 6 ] },
      { "item": "wine_cabernet", "prob": 14, "count": [ 1, 12 ] },
      { "item": "wine_riesling", "prob": 12, "count": [ 1, 12 ] },
      { "item": "wine_chardonnay", "prob": 10, "count": [ 1, 12 ] },
      { "item": "wine_marsala", "prob": 8, "count": [ 1, 12 ] },
      { "item": "wine_vermouth", "prob": 13, "count": [ 1, 12 ] },
      { "item": "single_pot_whiskey", "prob": 10, "count": [ 1, 12 ] },
      { "item": "canadian_whiskey", "prob": 10, "count": [ 1, 12 ] },
      { "item": "sherry", "prob": 10, "count": [ 1, 12 ] },
      { "item": "bristol_sherry", "prob": 10, "count": [ 1, 12 ] },
      { "item": "madeira", "prob": 10, "count": [ 1, 12 ] },
      { "item": "wine_noir", "prob": 8, "count": [ 1, 12 ] },
      { "item": "fruit_wine", "prob": 6, "count": [ 1, 12 ] }
    ]
  },
  {
    "id": "keg_wine",
    "type": "item_group",
    "subtype": "distribution",
    "items": [ [ "null", 20 ], { "group": "keg_wine_smashed", "prob": 70 }, { "group": "keg_wine_intact", "prob": 20 } ]
  },
  {
    "id": "keg_wine_smashed",
    "type": "item_group",
    "subtype": "collection",
    "items": [ [ "scrap", 30 ], [ "splinter", 100 ], [ "2x4", 40 ] ]
  },
  {
    "id": "keg_wine_intact",
    "type": "item_group",
    "subtype": "distribution",
    "items": [
      [ "wooden_barrel", 100 ],
      { "item": "wine_cabernet", "prob": 40, "container-item": "wooden_barrel" },
      { "item": "wine_riesling", "prob": 30, "container-item": "wooden_barrel" },
      { "item": "wine_chardonnay", "prob": 20, "container-item": "wooden_barrel" },
      { "item": "wine_marsala", "prob": 15, "container-item": "wooden_barrel" },
      { "item": "wine_noir", "prob": 10, "container-item": "wooden_barrel" },
      { "item": "fruit_wine", "prob": 5, "container-item": "wooden_barrel" }
    ]
  },
  {
    "id": "wetbar_stack",
    "type": "item_group",
    "subtype": "collection",
    "groups": [ [ "glass_set", 30 ], [ "wines_worthy", 20 ], [ "alcohol", 40 ], [ "alcohol", 10 ] ]
  },
  {
    "id": "glass_set",
    "type": "item_group",
    "subtype": "collection",
    "items": [ [ "glass", 100 ], [ "glass", 100 ], [ "glass", 100 ], [ "glass", 50 ] ]
  },
  {
    "id": "dresser_stack",
    "type": "item_group",
    "subtype": "distribution",
    "items": [
      [ "null", 80 ],
      { "group": "dresser_male", "prob": 40 },
      { "group": "dresser_female", "prob": 40 },
      { "group": "dresser_winter", "prob": 20 },
      { "group": "dresser_shoes", "prob": 10 },
      { "group": "dresser_shabby", "prob": 5 },
      { "group": "dresser_fancy", "prob": 5 }
    ]
  },
  {
    "id": "dresser_male",
    "type": "item_group",
    "subtype": "collection",
    "groups": [ [ "male_underwear", 40 ], [ "clothing_male", 70 ], [ "clothing_male", 50 ], [ "clothing_male", 20 ] ]
  },
  {
    "id": "dresser_female",
    "type": "item_group",
    "subtype": "collection",
    "groups": [ [ "female_underwear", 40 ], [ "clothing_female", 70 ], [ "clothing_female", 50 ], [ "clothing_female", 20 ] ]
  },
  {
    "id": "dresser_winter",
    "type": "item_group",
    "subtype": "collection",
    "groups": [ [ "winter", 70 ], [ "winter", 50 ], [ "winter", 40 ], [ "winter", 10 ] ]
  },
  {
    "id": "dresser_shoes",
    "type": "item_group",
    "subtype": "collection",
    "groups": [ [ "shoes", 70 ], [ "shoes", 50 ], [ "shoes", 40 ], [ "shoes", 10 ] ]
  },
  {
    "id": "dresser_shabby",
    "type": "item_group",
    "subtype": "collection",
    "groups": [ [ "harddrugs_residential", 10 ], [ "clothing_shabby", 70 ], [ "clothing_shabby", 50 ], [ "clothing_shabby", 40 ] ]
  },
  {
    "id": "dresser_fancy",
    "type": "item_group",
    "subtype": "collection",
    "groups": [ [ "clothing_fancy", 70 ], [ "clothing_fancy", 50 ], [ "clothing_fancy", 40 ], [ "clothing_fancy", 10 ] ]
  },
  {
    "id": "mansion_bookcase",
    "type": "item_group",
    "subtype": "collection",
    "items": [
      { "group": "novels", "prob": 40 },
      { "group": "mansion_books", "prob": 48 },
      { "group": "memorial_mansion", "prob": 2 },
      { "group": "homebooks", "prob": 30 },
      { "group": "manuals", "prob": 10 },
      { "group": "textbooks", "prob": 5 },
      { "group": "exotic_books", "prob": 5 },
      [ "necronomicon", 1 ]
    ]
  },
  {
    "id": "suit_of_armor",
    "type": "item_group",
    "subtype": "distribution",
    "items": [
      [ "null", 7 ],
      { "group": "soa_decor", "prob": 3 },
      { "group": "soa_plate", "prob": 2 },
      { "group": "soa_mail", "prob": 1 },
      { "group": "soa_samurai", "prob": 1 }
    ]
  },
  {
    "id": "soa_decor",
    "type": "item_group",
    "subtype": "collection",
    "items": [
      { "group": "soa_weapons_decor" },
      {
        "distribution": [ { "item": "armor_junk_plate", "prob": 100 }, { "item": "chainmail_junk_hauberk", "prob": 100 } ]
      },
      { "item": "helmet_plate", "prob": 100 }
    ]
  },
  {
    "id": "soa_weapons_decor",
    "type": "item_group",
    "subtype": "distribution",
    "items": [
      { "group": "soa_fake_weapon_decor", "prob": 3 },
      { "group": "soa_poor_weapon_decor", "prob": 3 },
      { "group": "soa_real_weapon_decor", "prob": 3 }
    ]
  },
  {
    "id": "soa_plate",
    "type": "item_group",
    "subtype": "collection",
    "items": [ { "group": "soa_weapons_plate" }, [ "armor_junk_lightplate", 100 ], [ "helmet_barbute", 100 ] ]
  },
  {
    "id": "soa_weapons_plate",
    "type": "item_group",
    "subtype": "distribution",
    "items": [
      { "group": "soa_fake_weapon_plate", "prob": 3 },
      { "group": "soa_poor_weapon_plate", "prob": 3 },
      { "group": "soa_real_weapon_plate", "prob": 3 }
    ]
  },
  {
    "id": "soa_mail",
    "type": "item_group",
    "subtype": "collection",
    "items": [ { "group": "soa_weapons_mail" }, [ "chainmail_junk_suit", 100 ] ]
  },
  {
    "id": "soa_weapons_mail",
    "type": "item_group",
    "subtype": "distribution",
    "items": [
      { "group": "soa_fake_weapon_mail", "prob": 3 },
      { "group": "soa_poor_weapon_mail", "prob": 3 },
      { "group": "soa_real_weapon_mail", "prob": 3 }
    ]
  },
  {
    "id": "soa_samurai",
    "type": "item_group",
    "subtype": "collection",
    "items": [ { "group": "soa_weapons_samurai" }, [ "scabbard", 50 ], [ "armor_samurai", 100 ], [ "helmet_kabuto", 100 ] ]
  },
  {
    "id": "soa_weapons_samurai",
    "type": "item_group",
    "subtype": "distribution",
    "items": [ { "group": "soa_fake_weapon_samurai", "prob": 3 }, { "group": "soa_poor_weapon_samurai", "prob": 3 } ]
  },
  {
    "id": "broadsword_fake+scabbard",
    "type": "item_group",
    "subtype": "collection",
    "items": [ [ "broadsword_fake", 100 ], [ "scabbard", 100 ] ]
  },
  {
    "id": "broadsword_inferior+scabbard",
    "type": "item_group",
    "subtype": "collection",
    "items": [ [ "broadsword_inferior", 100 ], [ "scabbard", 100 ] ]
  },
  {
    "id": "samurai_sword_set_fake",
    "type": "item_group",
    "subtype": "collection",
    "items": [ [ "katana_fake", 100 ], [ "wakizashi_fake", 34 ], [ "tanto_fake", 12 ] ]
  },
  {
    "id": "samurai_sword_set_inferior",
    "type": "item_group",
    "subtype": "collection",
    "items": [ [ "katana_inferior", 100 ], [ "wakizashi_inferior", 34 ], [ "tanto_inferior", 12 ] ]
  },
  {
    "id": "soa_fake_weapon_decor",
    "type": "item_group",
    "subtype": "distribution",
    "items": [
      [ "pike_fake", 50 ],
      { "group": "broadsword_fake+scabbard", "prob": 17 },
      [ "mace_fake", 6 ],
      [ "morningstar_fake", 5 ],
      [ "shillelagh_fake", 5 ],
      [ "scythe_toy", 1 ]
    ]
  },
  {
    "id": "soa_poor_weapon_decor",
    "type": "item_group",
    "subtype": "distribution",
    "items": [
      [ "pike_inferior", 50 ],
      { "group": "broadsword_inferior+scabbard", "prob": 17 },
      [ "mace_inferior", 6 ],
      [ "morningstar_inferior", 5 ]
    ]
  },
  {
    "id": "soa_real_weapon_decor",
    "type": "item_group",
    "subtype": "distribution",
    "items": [
      [ "pike", 50 ],
      { "group": "broadsword_inferior+scabbard", "prob": 17 },
      [ "mace", 6 ],
      [ "morningstar", 5 ],
      [ "shillelagh", 5 ],
      [ "shillelagh_weighted", 3 ]
    ]
  },
  {
    "id": "soa_fake_weapon_plate",
    "type": "item_group",
    "subtype": "distribution",
    "items": [
      [ "pike_fake", 17 ],
      { "group": "broadsword_fake+scabbard", "prob": 5 },
      [ "mace_fake", 50 ],
      [ "morningstar_fake", 6 ],
      [ "shillelagh_fake", 6 ]
    ]
  },
  {
    "id": "soa_poor_weapon_plate",
    "type": "item_group",
    "subtype": "distribution",
    "items": [
      [ "pike_inferior", 17 ],
      { "group": "broadsword_inferior+scabbard", "prob": 5 },
      [ "mace_inferior", 50 ],
      [ "morningstar_inferior", 6 ]
    ]
  },
  {
    "id": "soa_real_weapon_plate",
    "type": "item_group",
    "subtype": "distribution",
    "items": [ [ "pike", 17 ], { "group": "broadsword_inferior+scabbard", "prob": 5 }, [ "mace", 50 ], [ "morningstar", 6 ] ]
  },
  {
    "id": "soa_fake_weapon_mail",
    "type": "item_group",
    "subtype": "distribution",
    "items": [
      [ "pike_fake", 17 ],
      { "group": "broadsword_fake+scabbard", "prob": 5 },
      [ "mace_fake", 50 ],
      [ "battleaxe_fake", 6 ]
    ]
  },
  {
    "id": "soa_poor_weapon_mail",
    "type": "item_group",
    "subtype": "distribution",
    "items": [
      [ "pike_inferior", 50 ],
      { "group": "broadsword_inferior+scabbard", "prob": 5 },
      [ "mace_inferior", 50 ],
      [ "battleaxe_inferior", 6 ]
    ]
  },
  {
    "id": "soa_real_weapon_mail",
    "type": "item_group",
    "subtype": "distribution",
    "items": [ [ "pike", 50 ], { "group": "broadsword_inferior+scabbard", "prob": 5 }, [ "mace", 50 ], [ "battleaxe", 6 ] ]
  },
  {
    "id": "soa_fake_weapon_samurai",
    "type": "item_group",
    "subtype": "distribution",
    "items": [
      { "group": "samurai_sword_set_fake", "prob": 7 },
      [ "bokken_fake", 6 ],
      [ "nodachi_fake", 5 ],
      [ "naginata_fake", 5 ]
    ]
  },
  {
    "id": "soa_poor_weapon_samurai",
    "type": "item_group",
    "subtype": "distribution",
    "items": [
      { "group": "samurai_sword_set_inferior", "prob": 7 },
      [ "bokken_inferior", 6 ],
      [ "nodachi_inferior", 5 ],
      [ "naginata_inferior", 5 ]
    ]
  },
  {
    "id": "toy_box",
    "type": "item_group",
    "ammo": 75,
    "magazine": 100,
    "subtype": "distribution",
    "items": [
      [ "bat_nerf", 70 ],
      { "item": "marble", "prob": 50, "charges": [ 1, 20 ] },
      [ "talking_doll", 50 ],
      [ "basketball", 30 ],
      [ "fc_hairpin", 30 ],
      { "group": "kids_books", "prob": 170, "count": [ 1, 4 ] },
      { "group": "games", "prob": 170, "count": [ 1, 2 ] },
      [ "backpack", 20 ],
      [ "backpack_denim", 5 ],
      [ "pom_poms", 30 ],
      [ "shuttlecock", 5 ],
      [ "baseball", 30 ],
      [ "football", 20 ],
      [ "frisbee", 40 ],
      [ "disc_golf", 20 ],
      [ "shark_plushie", 20 ],
      { "group": "toy_radio_car", "prob": 10 },
      { "group": "toy_makerspace_kit", "prob": 8 },
      { "group": "toy_robot_kit", "prob": 8 },
      { "group": "toy_engine_kit", "prob": 8 },
      { "item": "air_launcher", "prob": 5 },
      [ "orangesoda", 30 ],
      [ "magic_8_ball", 10 ],
      [ "hairpin", 30 ],
      [ "purple_drink", 20 ],
      [ "candy", 20 ],
      [ "slingshot", 10 ],
      [ "rock", 10 ],
      [ "bat", 10 ],
      { "item": "creepy_doll", "prob": 3, "charges": [ 0, 100 ] },
      { "item": "portable_game", "prob": 5, "charges": [ 0, 100 ] },
      [ "whistle", 3 ],
      { "item": "wizard_cane_cheap", "prob": 5, "charges": [ 0, 100 ] },
      { "item": "wizard_cane", "prob": 10, "charges": [ 50, 100 ] },
      [ "sinister_cane", 10 ],
      [ "scythe_toy", 10 ],
      [ "aim_game", 10 ]
    ]
  },
  {
    "id": "bath_linens",
    "type": "item_group",
    "subtype": "distribution",
    "items": [
      [ "sheet", 40 ],
      [ "towel", 30 ],
      [ "cotton_patchwork", 20 ],
      { "item": "bandages", "prob": 5, "count": [ 1, 3 ] },
      { "group": "adhesive_bandages_box_used", "prob": 5 }
    ]
  },
  {
    "id": "creepy",
    "type": "item_group",
    "items": [
      { "item": "candle", "prob": 50, "charges": [ 0, 100 ] },
      [ "rope_6", 50 ],
      { "item": "cotton_patchwork", "prob": 40, "custom-flags": [ "FILTHY" ] },
      [ "spike", 30 ],
      { "item": "blood", "prob": 10, "container-item": "jar_3l_glass_sealed", "sealed": false },
      [ "bone_human", 10 ],
      [ "bowl_skull", 5 ],
      [ "skull_human", 20 ],
      [ "skull_canis", 10 ],
      [ "bondage_mask", 10 ],
      [ "zentai", 5 ],
      [ "bondage_suit", 5 ],
      { "item": "bodysuit_lycra", "variant": "bondage_suit", "prob": 5 },
      [ "vampire_fangs", 5 ],
      [ "cloak_vampire", 5 ],
      [ "cloak_black", 5 ],
      { "group": "costume_jewelry_dark", "prob": 20 },
      { "group": "costume_jewelry_vampire", "prob": 20 },
      [ "sinister_cane", 5 ],
      [ "wizard_cane", 4 ],
      [ "robe_wizard", 4 ],
      [ "grim_reaper_robe", 4 ],
      [ "scythe_toy", 4 ],
      [ "witch_dress_long", 2 ],
      [ "sinister_gown", 2 ],
      [ "sinister_dress", 2 ],
      [ "mask_plague", 2 ],
      [ "trenchcoat_steampunk", 2 ],
      [ "mummy_dress", 2 ],
      [ "mummy_jumpsuit", 2 ]
    ]
  },
  {
    "id": "sex_lair",
    "type": "item_group",
    "items": [
      { "item": "candle", "prob": 50, "charges": [ 0, 100 ] },
      [ "rope_6", 50 ],
      { "item": "vibrator", "prob": 40, "charges": [ 0, 100 ] },
      [ "camisole", 40 ],
      [ "panties", 40 ],
      [ "bra", 40 ],
      [ "hot_pants_leather", 30 ],
      [ "boxer_shorts", 30 ],
      [ "mag_porn", 30 ],
      [ "briefs", 30 ],
      [ "swim_briefs", 10 ],
      [ "speedo", 10 ],
      { "item": "cooking_oil", "prob": 20, "container-item": "bottle_plastic", "sealed": false },
      { "group": "stash_drugs", "prob": 20 },
      { "group": "bikini", "prob": 30 },
      {
        "collection": [ { "item": "bikini_top", "variant": "maid_bikini_top" }, { "item": "bikini_bottom", "variant": "maid_bikini_bottom" } ],
        "prob": 15
      },
      [ "skirt_leather", 20 ],
      [ "honey_bottled", 20 ],
      [ "nanoskirt", 20 ],
      [ "mag_dude", 20 ],
      [ "chaps_leather", 10 ],
      [ "novel_romance", 10 ],
      [ "novel_erotic", 10 ],
      [ "bondage_suit", 10 ],
      [ "bondage_mask", 10 ],
      { "item": "bodysuit_lycra", "variant": "bondage_suit", "prob": 10 },
      [ "bodysuit_lycra", 5 ],
      [ "zentai", 2 ],
      [ "bullwhip", 10 ],
      [ "bullwhip_razor", 10 ],
      [ "leather_cat_ears", 5 ],
      [ "leather_cat_tail", 5 ],
      [ "leather_collar", 5 ],
      [ "rope_30", 5 ],
      { "item": "fog_machine", "prob": 5, "charges": [ 0, 500 ] },
      { "group": "costume_undergarments_women", "prob": 20 },
      { "group": "costume_suits", "prob": 20 },
      { "group": "costume_skirts", "prob": 10 },
      { "group": "costume_pants", "prob": 2 },
      { "group": "costume_masks", "prob": 15 },
      { "group": "costume_jewelry", "prob": 5 },
      { "group": "costume_hats_hoods", "prob": 2 },
      { "group": "costume_gloves", "prob": 2 },
      { "group": "costume_dresses", "prob": 10 },
      { "group": "costume_cloacks", "prob": 1 },
      { "item": "tank_top", "variant": "tank_top_cheerleader", "prob": 10 },
      [ "cheerleader_top_short", 15 ],
      [ "leotard", 5 ],
      [ "cheerleader_skirt", 10 ],
      [ "cheerleader_skirt_short", 15 ],
      [ "santa_dress", 10 ],
      [ "santa_dress_short", 15 ],
      [ "cheerleader_dress", 5 ],
      [ "ninja_dress_sleeveless", 2 ],
      [ "sinister_dress_short", 5 ],
      [ "witch_dress_short", 5 ],
      [ "maid_dress_short", 25 ],
      { "item": "apron_cotton", "variant": "maid_apron", "prob": 25 },
      { "item": "apron_cotton", "variant": "gothic_apron", "prob": 15 },
      { "item": "waist_apron_short", "variant": "maid_apron", "prob": 25 },
      { "item": "waist_apron_short", "variant": "gothic_apron", "prob": 15 },
      [ "apron_leather", 20 ],
      [ "sinister_cane", 1 ]
    ]
  },
  {
    "id": "sports_bulk",
    "type": "item_group",
    "subtype": "distribution",
    "items": [
      [ "bat", 60 ],
      [ "bat_metal", 60 ],
      [ "boxing_gloves", 40 ],
      [ "shuttlecock", 10 ],
      [ "baseball", 60 ],
      [ "pom_poms", 30 ],
      { "item": "tank_top", "variant": "tank_top_cheerleader", "prob": 15 },
      [ "cheerleader_top_short", 15 ],
      [ "cheerleader_skirt", 15 ],
      [ "cheerleader_skirt_short", 15 ],
      [ "football_armor", 30 ],
      [ "helmet_football", 10 ],
      [ "football", 60 ],
      [ "basketball", 50 ],
      [ "beach_volleyball", 40 ],
      [ "indoor_volleyball", 40 ],
      [ "helmet_bike", 15 ],
      { "group": "helmet_bike_modified", "prob": 10 },
      [ "plastic_chin_guard", 10 ],
      [ "shield_visor", 5 ],
      [ "helmet_ball", 25 ],
      [ "headgear", 20 ],
      [ "mask_hockey", 25 ],
      [ "hockey_stick", 45 ],
      [ "puck", 30 ],
      [ "golf_club", 80 ],
      [ "roller_blades", 20 ],
      [ "rollerskates", 10 ],
      [ "folded_skateboard_generic", 10 ],
      [ "javelin_bag", 1 ],
      [ "longbow", 5 ],
      [ "compbow", 1 ],
      [ "shortbow", 5 ],
      [ "recurbow", 2 ],
      [ "takedown_recurbow", 1 ],
      [ "quiver_takedown_bow", 1 ],
      [ "reflexbow", 2 ],
      { "group": "archery_loaded_quivers", "prob": 1 },
      [ "nylon_quiver", 2 ],
      [ "quiver", 3 ],
      [ "fencing_jacket", 10 ],
      [ "fencing_mask", 10 ],
      [ "fencing_pants", 10 ],
      [ "lame_foil", 10 ],
      [ "lame_saber", 10 ],
      [ "plastron_cotton", 10 ],
      [ "plastron_plastic", 10 ],
      [ "gauntlet_fencing", 9 ],
      [ "gauntlet_fencing_l", 1 ],
      [ "iceaxe", 4 ],
      [ "aim_game", 5 ]
    ]
  },
  {
    "id": "sauna",
    "type": "item_group",
    "subtype": "distribution",
    "items": [ [ "towel", 90 ], [ "water_mineral", 50 ], [ "house_coat", 50 ], [ "water_clean", 30 ], [ "sports_drink", 15 ] ]
  },
  {
    "id": "kitchen_nonfood",
    "type": "item_group",
    "subtype": "distribution",
    "items": [
      [ "aluminum_foil", 25 ],
      [ "toaster", 20 ],
      [ "microwave", 20 ],
      [ "apron_cotton", 10 ],
      [ "waist_apron_long", 10 ],
      [ "waist_apron_short", 1 ],
      [ "hat_chef", 2 ],
      [ "pastaextruder", 10 ],
      [ "knife_butter", 90 ],
      { "item": "knife_small", "variant": "knife_steak", "prob": 85 },
      [ "fork", 90 ],
      [ "spoon", 90 ],
      [ "glass", 20 ],
      [ "glass_plate", 20 ],
      [ "glass_bowl", 20 ],
      [ "bowl_wood", 5 ],
      [ "ceramic_plate", 10 ],
      [ "ceramic_bowl", 10 ],
      [ "ceramic_cup", 10 ],
      { "group": "tinware", "prob": 10 },
      { "item": "knife_huge", "variant": "knife_butcher", "prob": 10 },
      [ "funnel", 50 ],
      [ "jar_glass_sealed", 50 ],
      [ "jar_3l_glass_sealed", 40 ],
      [ "tongs", 25 ],
      { "item": "coffeemaker", "prob": 10 },
      [ "cookbook_daintydishes", 40 ],
      [ "cookbook_indian", 10 ],
      [ "cookbook_native", 10 ],
      [ "cookbook_foodfashions", 18 ],
      [ "cookbook_mexican", 10 ]
    ]
  },
  {
    "id": "table_wine",
    "type": "item_group",
    "subtype": "distribution",
    "items": [
      [ "glass", 80 ],
      [ "towel", 40 ],
      [ "ceramic_bowl", 30 ],
      [ "bucket", 30 ],
      { "group": "glass_of_wine", "prob": 50 },
      { "group": "wines_worthy", "prob": 20 },
      { "group": "glass_set", "prob": 20 },
      { "group": "tinware", "prob": 20 },
      [ "knife_swissarmy", 10 ],
      [ "funnel", 10 ]
    ]
  },
  {
    "id": "table_sideboard",
    "type": "item_group",
    "subtype": "distribution",
    "items": [
      [ "ceramic_bowl", 30 ],
      { "group": "glass_of_wine", "prob": 50 },
      { "group": "wines_worthy", "prob": 20 },
      { "group": "glass_set", "prob": 20 },
      { "group": "tinware", "prob": 20 },
      [ "candlestick", 30 ],
      [ "spiral_stone", 2 ]
    ]
  },
  {
    "id": "clutter_basement",
    "type": "item_group",
    "subtype": "distribution",
    "items": [
      [ "cig_butt", 50 ],
      [ "string_6", 50 ],
      [ "wrapper", 50 ],
      [ "wrapper_foil", 5 ],
      [ "shot_hull", 40 ],
      [ "splinter", 40 ],
      [ "sinew", 40 ],
      [ "cotton_patchwork", 40 ],
      [ "cup_plastic", 30 ],
      [ "can_drink", 30 ],
      [ "bottle_plastic", 30 ],
      [ "bag_plastic", 30 ],
      { "item": "rolling_paper", "prob": 20, "charges": [ 1, 30 ] },
      { "item": "paper", "prob": 30, "count": [ 20, 50 ] },
      { "item": "cotton_patchwork", "prob": 20, "custom-flags": [ "FILTHY" ] },
      { "item": "flashlight", "prob": 20, "charges": [ 0, 300 ] },
      [ "9mm_casing", 20 ],
      [ "38_casing", 20 ],
      [ "45_casing", 20 ],
      [ "stick", 20 ],
      [ "joint_roach", 10 ],
      { "group": "corpse_mansion", "prob": 5 },
      [ "survnote", 1 ],
      { "item": "inflatable_dragon", "prob": 1, "charges": [ 0, 500 ] },
      { "item": "inflatable_ghost", "prob": 1, "charges": [ 0, 500 ] },
      { "item": "fog_machine", "prob": 1, "charges": [ 0, 500 ] }
    ]
  },
  {
    "id": "clutter_mansion",
    "type": "item_group",
    "subtype": "distribution",
    "items": [
      [ "string_6", 50 ],
      [ "wrapper", 50 ],
      [ "wrapper_foil", 5 ],
      { "item": "paper", "prob": 50, "count": [ 20, 50 ] },
      [ "ceramic_shard", 40 ],
      [ "shot_hull", 40 ],
      [ "splinter", 40 ],
      [ "sinew", 40 ],
      [ "cotton_patchwork", 40 ],
      [ "cup_plastic", 30 ],
      [ "can_drink", 30 ],
      [ "bottle_plastic", 30 ],
      { "item": "glass_shard", "prob": 30, "count": [ 1, 8 ] },
      [ "bag_plastic", 30 ],
      { "item": "cotton_patchwork", "prob": 20, "custom-flags": [ "FILTHY" ] },
      [ "9mm_casing", 20 ],
      [ "38_casing", 20 ],
      [ "45_casing", 20 ],
      { "group": "tinware", "prob": 20 },
      [ "bone_tainted", 5 ],
      { "group": "corpse_mansion", "prob": 5 },
      { "group": "writing_utensils", "prob": 10 }
    ]
  },
  {
    "id": "clutter_bedroom",
    "type": "item_group",
    "subtype": "distribution",
    "items": [
      [ "socks", 90 ],
      [ "sneakers", 50 ],
      { "group": "ammo_pocket_batteries", "prob": 50 },
      [ "sunglasses", 40 ],
      [ "socks_wool", 40 ],
      [ "towel", 40 ],
      [ "can_drink", 30 ],
      [ "pride_flag", 5 ],
      [ "national_flag", 2 ],
      [ "state_flag", 3 ],
      [ "shark_plushie", 10 ],
      [ "bottle_plastic", 30 ],
      [ "leathersandals", 30 ],
      [ "espadrilles", 15 ],
      [ "leather_belt", 30 ],
      [ "bag_plastic", 30 ],
      [ "shot_hull", 30 ],
      [ "hat_ball", 30 ],
      [ "hat_newsboy", 20 ],
      [ "house_coat", 20 ],
      { "item": "cotton_patchwork", "prob": 20, "custom-flags": [ "FILTHY" ] },
      [ "9mm_casing", 20 ],
      [ "38_casing", 20 ],
      [ "45_casing", 20 ],
      { "item": "inhaler", "prob": 20, "charges": [ 10, 100 ] },
      [ "hairpin", 20 ],
      { "item": "lighter", "prob": 20, "charges": [ 0, 100 ] },
      { "item": "matches", "prob": 20, "charges": [ 1, 20 ] },
      { "item": "ref_matches", "prob": 20, "charges": [ 1, 32 ] },
      [ "jersey", 20 ],
      [ "fanny", 20 ],
      [ "straw_fedora", 10 ],
      [ "barrette", 10 ],
      { "group": "box_of_contact_lens_any", "prob": 10 },
      { "item": "transition_contacts", "prob": 2, "count": 6 },
      [ "fedora", 10 ],
      [ "firecracker", 5 ],
      [ "fc_hairpin", 5 ],
      [ "collarpin", 5 ],
      [ "mocassins", 5 ],
      [ "flask_hip", 5 ],
      [ "snuggie", 5 ],
      [ "tieclip", 5 ],
      { "item": "bb", "prob": 5, "charges": [ 1, 500 ] },
      [ "bone_tainted", 1 ],
      { "group": "corpse_mansion", "prob": 1 }
    ]
  },
  {
    "id": "clutter_bathroom",
    "type": "item_group",
    "subtype": "distribution",
    "items": [
      { "group": "softdrugs", "prob": 90 },
      [ "bathroom_scale", 10 ],
      [ "string_6", 50 ],
      [ "wrapper", 50 ],
      [ "wrapper_foil", 5 ],
      { "item": "paper", "prob": 50, "count": [ 20, 50 ] },
      [ "ceramic_shard", 40 ],
      [ "shot_hull", 40 ],
      [ "sinew", 40 ],
      [ "cotton_patchwork", 40 ],
      [ "bottle_plastic", 30 ],
      { "item": "glass_shard", "prob": 30, "count": [ 1, 8 ] },
      { "item": "cotton_patchwork", "prob": 20, "custom-flags": [ "FILTHY" ] },
      [ "9mm_casing", 20 ],
      [ "38_casing", 20 ],
      [ "45_casing", 20 ],
      [ "bone_tainted", 1 ],
      [ "toothbrush_plain", 10 ],
      { "group": "corpse_mansion", "prob": 1 }
    ]
  },
  {
    "id": "clutter_yard",
    "type": "item_group",
    "subtype": "distribution",
    "items": [
      [ "cig_butt", 50 ],
      [ "string_6", 50 ],
      [ "stick", 50 ],
      [ "rock", 50 ],
      [ "rock_flaking", 5 ],
      [ "flint", 1 ],
      [ "rock_large", 5 ],
      [ "plastic_shopping_bag", 40 ],
      [ "sinew", 40 ],
      [ "cotton_patchwork", 40 ],
      [ "cup_plastic", 30 ],
      [ "can_drink", 30 ],
      [ "bottle_plastic", 30 ],
      [ "bag_plastic", 30 ],
      [ "sharp_rock", 30 ],
      [ "box_cigarette", 20 ],
      { "item": "cotton_patchwork", "prob": 20, "custom-flags": [ "FILTHY" ] },
      [ "9mm_casing", 20 ],
      [ "shot_hull", 20 ],
      [ "38_casing", 20 ],
      [ "45_casing", 20 ],
      [ "pride_flag", 3 ],
      [ "wrapper", 20 ],
      [ "wrapper_foil", 2 ],
      [ "bottle_glass", 10 ],
      [ "flyer", 10 ],
      [ "bone_tainted", 5 ],
      { "group": "corpse_mansion", "prob": 5 }
    ]
  },
  {
    "id": "clutter_gym",
    "type": "item_group",
    "subtype": "distribution",
    "items": [
      [ "water_clean", 20 ],
      [ "lemonade", 12 ],
      [ "sports_drink", 20 ],
      [ "V8", 12 ],
      [ "tank_top", 5 ],
      [ "towel", 20 ],
      [ "protein_shake", 8 ],
      { "prob": 3, "group": "coke_bag_zipper_1_8" },
      { "item": "bandages", "prob": 5, "count": [ 1, 3 ] },
      { "group": "adhesive_bandages_box_used", "prob": 5 },
      { "item": "liq_bandage_spray", "prob": 1, "charges": [ 1, -1 ] },
      [ "heatpack", 10 ],
      [ "gum", 12 ],
      [ "yoghurt", 12 ],
      { "prob": 10, "group": "vitamins_bottle_plastic_pill_supplement_1_20" },
      { "prob": 15, "group": "bottle_otc_painkiller_1_20" },
      { "group": "corpse_mansion", "prob": 1 },
      [ "fitness_band", 3 ]
    ]
  },
  {
    "id": "clutter_ballroom",
    "type": "item_group",
    "subtype": "distribution",
    "items": [
      [ "ceramic_shard", 40 ],
      [ "shot_hull", 40 ],
      [ "sinew", 40 ],
      { "item": "glass_shard", "prob": 30, "count": [ 1, 8 ] },
      [ "wrapper", 30 ],
      [ "wrapper_foil", 3 ],
      [ "dance_shoes", 20 ],
      [ "dress_shoes", 20 ],
      { "item": "cotton_patchwork", "prob": 20, "custom-flags": [ "FILTHY" ] },
      [ "9mm_casing", 20 ],
      [ "38_casing", 20 ],
      [ "45_casing", 20 ],
      [ "tieclip", 20 ],
      [ "splinter", 20 ],
      [ "pride_flag", 1 ],
      [ "state_flag", 3 ],
      [ "purse", 20 ],
      [ "heels", 20 ],
      [ "cotton_patchwork", 20 ],
      { "group": "tinware", "prob": 20 },
      [ "mask_guy_fawkes", 10 ],
      [ "gold_ear", 10 ],
      [ "bone_tainted", 5 ],
      [ "silver_ear", 5 ],
      [ "bead_ear", 5 ],
      [ "platinum_ear", 1 ],
      { "group": "corpse_mansion", "prob": 5 },
      { "group": "neckties", "prob": 1 }
    ]
  },
  {
    "id": "table_ballroom",
    "type": "item_group",
    "subtype": "distribution",
    "items": [
      { "group": "glass_of_wine", "prob": 75 },
      [ "bottle_glass", 50 ],
      [ "glass", 50 ],
      [ "sandwich_cucumber", 40 ],
      { "item": "coffee", "prob": 30, "container-item": "ceramic_cup" },
      { "group": "tinware", "prob": 20 },
      [ "cake2", 20 ],
      { "group": "wines_worthy", "prob": 10 },
      [ "jihelucake", 10 ],
      [ "purse", 5 ]
    ]
  },
  {
    "id": "locker_gym",
    "type": "item_group",
    "subtype": "distribution",
    "items": [
      [ "water_clean", 12 ],
      [ "sports_drink", 12 ],
      [ "tank_top", 30 ],
      [ "towel", 40 ],
      [ "under_armor_shorts", 50 ],
      [ "under_armor", 50 ],
      [ "tshirt", 60 ],
      [ "tshirt_cropped", 6 ],
      [ "sneakers", 60 ],
      [ "hot_pants", 44 ],
      [ "leotard", 10 ],
      [ "unitard", 10 ],
      [ "undershirt", 60 ],
      [ "hoodie", 50 ],
      [ "hoodie_cropped", 5 ],
      [ "shorts", 60 ],
      [ "longshirt", 60 ],
      { "item": "bandages", "prob": 5, "count": [ 1, 3 ] },
      { "group": "adhesive_bandages_box_used", "prob": 5 },
      { "item": "liq_bandage_spray", "prob": 1, "charges": [ 1, -1 ] },
      [ "heatpack", 10 ],
      { "item": "gum", "prob": 12, "count": [ 1, 10 ] },
      { "item": "soap", "prob": 10, "charges": [ 1, 10 ] },
      [ "rashguard", 30 ],
      [ "sports_bra", 60 ],
      [ "briefs", 60 ],
      [ "swim_briefs", 10 ],
      [ "speedo", 15 ],
      { "group": "bikini", "prob": 15 },
      { "prob": 10, "group": "vitamins_bottle_plastic_pill_supplement_1_10" },
      { "prob": 10, "group": "bottle_otc_painkiller_1_20" },
      [ "karate_gi", 10 ],
      [ "judo_gi", 5 ],
      [ "fitness_band", 5 ],
      [ "cheerleader_dress", 5 ],
      [ "cheerleader_skirt", 5 ],
      [ "cheerleader_skirt_short", 5 ],
      { "item": "tank_top", "variant": "tank_top_cheerleader", "prob": 5 },
      [ "cheerleader_top_short", 5 ],
      [ "pom_poms", 6 ]
    ]
  },
  {
    "id": "table_foyer",
    "type": "item_group",
    "subtype": "distribution",
    "items": [
      [ "gloves_light", 40 ],
      [ "gloves_leather", 30 ],
      [ "flyer", 30 ],
      { "group": "book_mag_gen", "prob": 60 },
      [ "purse", 5 ]
    ]
  },
  {
    "id": "cleaning_bulk",
    "type": "item_group",
    "subtype": "distribution",
    "items": [
      [ "broom", 40 ],
      [ "mop", 25 ],
      [ "mop_folded", 15 ],
      { "item": "ammonia_hydroxide", "prob": 24, "charges": [ 1, -1 ] },
      { "item": "chem_washing_soda", "prob": 5, "charges": [ 1, -1 ] },
      [ "chem_hydrogen_peroxide", 20 ],
      [ "boots_rubber", 20 ],
      { "item": "bleach", "prob": 20, "charges": [ 1, -1 ] },
      { "item": "material_rocksalt", "prob": 10, "container-item": "bag_canvas" },
      [ "vinegar", 10 ],
      { "item": "lye_powder", "prob": 5, "container-item": "bag_canvas_small" },
      [ "oxy_powder", 5 ],
      [ "fungicide", 5 ],
      { "group": "insecticide_bag_plastic", "prob": 5 },
      { "item": "charcoal", "prob": 5, "container-item": "bag_canvas" },
      [ "toilet_paper", 30 ],
      [ "plunger_toilet", 10 ],
      [ "plunger_futuristic", 25 ],
      { "item": "chem_turpentine", "prob": 20, "charges": [ 20, -1 ] }
    ]
  },
  {
    "id": "fireplace_fill",
    "type": "item_group",
    "subtype": "distribution",
    "items": [ [ "stick", 60 ], [ "log", 40 ], [ "splinter", 20 ] ]
  },
  {
    "id": "table_livingroom",
    "type": "item_group",
    "ammo": 75,
    "magazine": 100,
    "subtype": "distribution",
    "items": [
      { "group": "beer_selection", "prob": 30 },
      { "group": "glass_of_wine", "prob": 30 },
      { "group": "book_mag_gen", "prob": 120 },
      { "group": "tobacco_products", "prob": 50 },
      { "group": "cigar_box_opened", "prob": 50 },
      [ "novel_pulp", 30 ],
      { "item": "gum", "prob": 30, "count": [ 1, 10 ] },
      [ "glass", 20 ],
      [ "bandana", 10 ],
      { "item": "mp3", "prob": 6, "charges": [ 0, 100 ] },
      { "item": "portable_game", "prob": 5, "charges": [ 0, 100 ] },
      { "item": "cell_phone", "prob": 1, "charges": [ 0, 150 ] },
      { "item": "smart_phone", "prob": 5, "charges": [ 0, -1 ], "contents-group": "civilian_smartphone_efiles" },
      [ "phonebook", 5 ],
      [ "hairpin", 5 ],
      { "group": "tinware", "prob": 5 },
      { "group": "newspaper", "prob": 15 },
      [ "news_regional", 2 ],
      [ "magnifying_glass", 1 ]
    ]
  },
  {
    "id": "table_card",
    "type": "item_group",
    "subtype": "distribution",
    "items": [
      { "item": "beer", "prob": 40, "container-item": "glass" },
      { "group": "beer_selection", "prob": 40 },
      { "group": "glass_of_wine", "prob": 40 },
      [ "glass", 20 ],
      { "group": "tobacco_products", "prob": 75 },
      { "group": "cigar_box_opened", "prob": 50 },
      [ "money_bundle_ten", 10 ],
      [ "pretzels", 5 ],
      [ "chips", 5 ],
      { "group": "wallet_stylish_full", "prob": 1 }
    ]
  },
  {
    "id": "wetbar_counter",
    "type": "item_group",
    "subtype": "distribution",
    "items": [
      { "item": "beer", "prob": 40, "container-item": "glass" },
      { "group": "beer_selection", "prob": 40 },
      { "group": "glass_of_wine", "prob": 40 },
      [ "glass", 40 ],
      { "prob": 30, "group": "cig_box_cigarette_1_20" },
      { "item": "cigar", "prob": 20, "count": [ 1, 10 ] },
      { "item": "case_cigar", "prob": 10, "count": [ 1, 2 ] },
      { "group": "cigar_box_unopened", "prob": 25, "count": [ 1, 5 ] },
      [ "towel", 5 ]
    ]
  },
  {
    "id": "wetbar_fridge",
    "type": "item_group",
    "subtype": "distribution",
    "groups": [ [ "beer_selection", 70 ], [ "chilled_wine", 20 ] ]
  },
  {
    "id": "beer_selection",
    "type": "item_group",
    "subtype": "distribution",
    "items": [
      [ "beer", 80 ],
      [ "drink_hard_seltzer", 20 ],
      [ "european_pilsner", 20 ],
      [ "imperial_stout", 20 ],
      [ "india_pale_ale", 20 ],
      [ "belgian_ale", 20 ],
      [ "pale_ale", 20 ],
      [ "wine_barley", 20 ],
      [ "stout", 20 ]
    ]
  },
  {
    "id": "chilled_wine",
    "type": "item_group",
    "subtype": "distribution",
    "items": [ [ "wine_riesling", 40 ], [ "fruit_wine", 30 ], [ "wine_chardonnay", 20 ] ]
  },
  {
    "id": "pool_side",
    "type": "item_group",
    "subtype": "distribution",
    "items": [
      { "group": "swimmer_accessories", "prob": 10 },
      { "group": "swimmer_glasses", "prob": 25 },
      { "group": "swimmer_torso", "prob": 20 },
      { "group": "swimmer_pants", "prob": 20 },
      { "group": "swimmer_head", "prob": 20 },
      { "group": "swimmer_shoes", "prob": 30 },
      { "group": "swimmer_gloves", "prob": 5 },
      { "group": "swimmer_wetsuit", "prob": 5 },
      { "group": "swimmer_items", "prob": 10 },
      { "group": "magazines", "prob": 20 }
    ]
  },
  {
    "id": "vanity",
    "type": "item_group",
    "subtype": "distribution",
    "items": [
      [ "mirror", 50 ],
      { "group": "softdrugs", "prob": 50 },
      { "group": "box_of_contact_lens_any", "prob": 40 },
      { "item": "transition_contacts", "prob": 8, "count": 6 },
      [ "hairpin", 40 ],
      [ "fc_hairpin", 30 ],
      { "group": "jewelry_front", "prob": 30 },
      [ "fc_hairpin", 30 ],
      [ "barrette", 30 ],
      { "item": "elec_hairtrimmer", "prob": 20, "charges": [ 0, 50 ] },
      [ "thread", 20 ],
      [ "purse", 20 ],
      { "item": "leg_bag", "variant": "purple_leg_bag", "prob": 1 },
      { "item": "shavingkit", "prob": 10, "charges": [ 0, 10 ] },
      { "item": "sewing_kit", "prob": 10, "charges": [ 0, -1 ] },
      [ "mag_beauty", 10 ],
      [ "mag_glam", 10 ],
      { "group": "harddrugs_residential", "prob": 5 },
      [ "hairbrush", 30 ],
      [ "comb_pocket", 15 ],
      [ "curler_hair", 10 ],
      [ "curling_iron", 15 ],
      [ "brush_toilet", 15 ],
      { "group": "costume_jewelry_dark", "prob": 2 },
      { "group": "costume_jewelry_vampire", "prob": 2 }
    ]
  },
  {
    "id": "a_television",
    "type": "item_group",
    "subtype": "collection",
    "items": [ [ "television", 100 ] ]
  },
  {
    "id": "clothing_male",
    "type": "item_group",
    "subtype": "distribution",
    "items": [
      [ "jeans", 90 ],
      [ "jeans_ripped", 10 ],
      [ "jeans_skinny", 30 ],
      [ "jeans_vintage", 1 ],
      [ "pants_checkered", 5 ],
      [ "shorts", 70 ],
      [ "shorts_denim", 35 ],
      [ "pants", 75 ],
      [ "leather_belt", 30 ],
      [ "pants_leather", 60 ],
      [ "pants_cargo", 70 ],
      [ "shorts_cargo", 50 ],
      [ "tshirt", 70 ],
      [ "tshirt_cropped", 4 ],
      [ "longshirt", 80 ],
      [ "polo_shirt", 65 ],
      [ "dress_shirt", 60 ],
      [ "denim_shirt", 10 ],
      [ "tank_top", 50 ],
      [ "undershirt", 30 ],
      [ "boxer_shorts", 30 ],
      [ "briefs", 15 ],
      [ "rashguard", 20 ],
      [ "swim_briefs", 10 ],
      [ "speedo", 5 ],
      [ "boxer_briefs", 20 ],
      [ "sweatshirt", 75 ],
      [ "sweater", 75 ],
      [ "hoodie", 65 ],
      [ "hoodie_cropped", 6 ],
      [ "under_armor", 20 ],
      [ "under_armor_shorts", 20 ],
      [ "leotard", 5 ],
      [ "unitard", 5 ],
      [ "long_underpants", 40 ],
      [ "long_undertop", 40 ],
      [ "union_suit", 20 ],
      [ "pants_army", 10 ],
      [ "jersey", 40 ],
      [ "kilt", 3 ],
      [ "gloves_white", 10 ]
    ]
  },
  {
    "id": "clothing_female",
    "type": "item_group",
    "subtype": "distribution",
    "items": [
      { "item": "jeans", "prob": 50, "damage": [ 0, 2 ] },
      [ "jeans", 90 ],
      { "item": "jeans_ripped", "prob": 5, "damage": [ 0, 2 ] },
      [ "jeans_ripped", 10 ],
      { "item": "jeans_skinny", "prob": 20, "damage": [ 0, 2 ] },
      [ "jeans_skinny", 20 ],
      [ "jeans_vintage", 1 ],
      [ "shorts", 70 ],
      [ "shorts_denim", 35 ],
      [ "pants", 75 ],
      [ "leather_belt", 30 ],
      [ "pants_leather", 60 ],
      [ "pants_cargo", 70 ],
      [ "shorts_cargo", 50 ],
      [ "skirt", 75 ],
      [ "skirt_long", 60 ],
      [ "skirt_denim", 10 ],
      [ "skirt_leather", 5 ],
      [ "tshirt", 70 ],
      [ "tshirt_cropped", 7 ],
      [ "longshirt", 80 ],
      [ "polo_shirt", 65 ],
      [ "dress_shirt", 60 ],
      [ "denim_shirt", 10 ],
      [ "tank_top", 50 ],
      [ "camisole", 30 ],
      [ "bra", 30 ],
      [ "panties", 30 ],
      [ "boy_shorts", 25 ],
      [ "sweatshirt", 75 ],
      [ "sweater", 75 ],
      [ "hoodie", 65 ],
      [ "hoodie_cropped", 6 ],
      [ "under_armor", 20 ],
      [ "under_armor_shorts", 20 ],
      [ "tights", 20 ],
      [ "leggings", 20 ],
      [ "stockings", 20 ],
      [ "garter_belt", 10 ],
      [ "long_underpants", 40 ],
      [ "long_undertop", 40 ],
      [ "union_suit", 20 ],
      [ "leotard", 5 ],
      [ "unitard", 5 ],
      [ "corset", 10 ],
      [ "corset_waist", 10 ],
      [ "halter_top", 50 ],
      [ "santa_dress_long", 1 ],
      [ "sinister_dress", 1 ],
      [ "sinister_gown", 1 ],
      [ "witch_dress_long", 1 ]
    ]
  },
  {
    "id": "clothing_shabby",
    "type": "item_group",
    "subtype": "distribution",
    "items": [
      { "item": "jeans", "prob": 90, "damage": [ 1, 3 ] },
      { "item": "jeans", "prob": 10, "damage": [ 1, 3 ] },
      { "item": "jeans_skinny", "prob": 30, "damage": [ 1, 3 ] },
      { "item": "jeans_ripped", "prob": 10, "damage": [ 1, 3 ] },
      [ "pants_checkered", 5 ],
      [ "shorts", 70 ],
      { "item": "shorts_denim", "prob": 35, "damage": [ 1, 3 ] },
      { "item": "pants_leather", "prob": 35, "damage": [ 1, 3 ] },
      { "item": "pants_cargo", "prob": 70, "damage": [ 1, 3 ] },
      { "item": "shorts_cargo", "prob": 50, "damage": [ 1, 3 ] },
      [ "skirt_leather", 10 ],
      [ "tshirt", 70 ],
      [ "tshirt_cropped", 7 ],
      [ "tank_top", 50 ],
      [ "hoodie", 90 ],
      [ "jacket_light", 20 ],
      [ "jacket_varsity", 10 ],
      { "item": "jacket_jean", "prob": 50, "damage": [ 1, 3 ] },
      { "item": "vest_jean", "prob": 20, "damage": [ 1, 3 ] },
      { "item": "jacket_leather", "prob": 50, "damage": [ 1, 3 ] },
      { "item": "tacjacket", "prob": 75 },
      [ "bandana", 35 ],
      [ "hat_cotton", 45 ],
      [ "hat_knit", 25 ],
      { "item": "tights", "prob": 30, "damage": [ 1, 3 ] },
      { "item": "leggings", "prob": 30, "damage": [ 1, 3 ] },
      { "item": "stockings", "prob": 30, "damage": [ 1, 3 ] },
      { "item": "garter_belt", "prob": 15, "damage": [ 1, 3 ] },
      [ "balclava", 15 ],
      [ "union_suit", 20 ],
      { "item": "sleeveless_trenchcoat", "prob": 30, "damage": [ 1, 3 ] },
      [ "house_coat", 25 ],
      [ "jedi_cloak", 1 ],
      [ "apron_leather", 1 ],
      [ "corset", 10 ],
      [ "corset_waist", 10 ],
      [ "chestwrap", 5 ],
      [ "bellywrap", 2 ],
      [ "boots_combat", 10 ],
      [ "pants_army", 10 ],
      [ "jacket_army", 10 ],
      { "item": "tank_top", "variant": "tank_top_camo", "prob": 20 },
      [ "porkpie", 5 ],
      { "group": "neckties", "prob": 5 },
      [ "jersey", 60 ],
      [ "maid_hat", 3 ],
      [ "halter_top", 50 ],
      [ "nanoskirt", 40 ],
      [ "ear_spool", 30 ],
      { "item": "straw_fedora", "prob": 5, "damage": [ 1, 3 ] }
    ]
  },
  {
    "id": "clothing_fancy",
    "type": "item_group",
    "subtype": "distribution",
    "items": [
      [ "leather_belt", 30 ],
      [ "suit", 60 ],
      [ "waistcoat", 30 ],
      [ "tophat", 10 ],
      [ "bowhat", 10 ],
      [ "cowboy_hat", 10 ],
      [ "glasses_monocle", 2 ],
      [ "skirt_leather", 5 ],
      [ "dress_shirt", 80 ],
      [ "blazer", 35 ],
      [ "peacoat", 30 ],
      [ "greatcoat", 15 ],
      [ "hat_newsboy", 20 ],
      [ "cloak_wool", 5 ],
      [ "tux", 5 ],
      [ "gown", 5 ],
      [ "long_glove_white", 5 ],
      [ "veil_wedding", 1 ],
      [ "dress_wedding", 1 ],
      { "group": "neckties", "prob": 5 },
      [ "tieclip", 2 ],
      [ "collarpin", 2 ],
      [ "kilt", 3 ],
      [ "fedora", 5 ],
      [ "kufi", 2 ],
      [ "kippah", 2 ],
      [ "thawb", 1 ],
      [ "kittel", 1 ],
      [ "tallit_katan", 1 ],
      [ "cassock", 1 ],
      [ "robe", 5 ],
      [ "eboshi", 1 ],
      [ "kariginu", 1 ],
      [ "kimono", 3 ],
      [ "haori", 2 ],
      [ "hat_fur", 2 ],
      [ "coat_faux_fur", 4 ],
      [ "coat_fur", 4 ],
      [ "gloves_fur", 4 ],
      [ "boots_fur", 4 ],
      [ "santa_dress_long", 3 ],
      [ "sinister_dress", 3 ],
      [ "sinister_gown", 4 ],
      [ "witch_dress_long", 2 ]
    ]
  },
  {
    "id": "dresser_servant",
    "type": "item_group",
    "subtype": "distribution",
    "items": [
      [ "maid_dress", 70 ],
      [ "maid_dress_short", 30 ],
      [ "maid_hat", 90 ],
      [ "suit", 80 ],
      [ "pocketwatch", 30 ],
      [ "jeans", 20 ],
      [ "jeans_skinny", 5 ],
      [ "pants_checkered", 50 ],
      [ "hat_chef", 50 ],
      [ "jacket_chef", 50 ],
      [ "apron_cotton", 50 ],
      { "item": "waist_apron_long", "prob": 15 },
      { "item": "waist_apron_short", "prob": 1 },
      [ "shorts", 20 ],
      [ "shorts_denim", 20 ],
      [ "pants", 20 ],
      [ "leather_belt", 30 ],
      [ "pants_cargo", 20 ],
      [ "shorts_cargo", 20 ],
      [ "tshirt", 20 ],
      [ "longshirt", 20 ],
      [ "polo_shirt", 20 ],
      [ "dress_shirt", 60 ],
      [ "tank_top", 20 ],
      [ "sweatshirt", 20 ],
      [ "sweater", 20 ],
      [ "hoodie", 10 ],
      [ "long_underpants", 5 ],
      [ "long_undertop", 5 ],
      [ "union_suit", 30 ]
    ]
  },
  {
    "id": "panic_room",
    "type": "item_group",
    "subtype": "distribution",
    "items": [
      { "group": "cannedfood", "prob": 70 },
      [ "water", 60 ],
      { "group": "mansion_ammo", "prob": 40 },
      { "group": "tools_lighting", "prob": 30 },
      { "group": "softdrugs", "prob": 30 },
      { "item": "lighter", "prob": 20, "charges": [ 0, 100 ] },
      { "item": "matches", "prob": 20, "charges": [ 1, 20 ] },
      { "item": "ref_matches", "prob": 20, "charges": [ 1, 32 ] },
      [ "pocket_survival", 5 ]
    ]
  },
  {
    "id": "mansion_ammo",
    "type": "item_group",
    "subtype": "distribution",
    "magazine": 100,
    "ammo": 100,
    "items": [
      { "group": "ammo_obscure", "prob": 90 },
      { "group": "archery_ammo", "prob": 60 },
      { "group": "crossbow_bolts", "prob": 60 },
      { "group": "ammo_reloaded", "prob": 30 },
      { "group": "mags_common", "prob": 30 },
      { "group": "ammo_cannon", "prob": 10 }
    ]
  },
  {
    "id": "garden_shed",
    "type": "item_group",
    "subtype": "distribution",
    "items": [
      [ "g_shovel", 80 ],
      [ "gloves_work", 70 ],
      [ "boots_rubber", 50 ],
      [ "hoe", 50 ],
      [ "scythe", 1 ],
      [ "straw_hat", 50 ],
      [ "bucket", 40 ],
      [ "bucket_5gal", 40 ],
      [ "shovel", 40 ],
      [ "clay_pot_flower", 40 ],
      [ "plastic_pot_flower", 60 ],
      { "group": "fertilizer_commercial_bag_canvas_60", "prob": 30 },
      { "group": "quicklime_bag", "prob": 30 },
      [ "seed_sunflower", 30 ],
      [ "straw_basket", 30 ],
      { "item": "trimmer_off", "prob": 20, "charges": [ 0, -1 ] },
      [ "knee_pads", 10 ],
      [ "fertilizer_liquid", 1 ]
    ]
  },
  {
    "id": "shoes_maid",
    "type": "item_group",
    "subtype": "distribution",
    "items": [
      [ "stockings", 70 ],
      [ "dress_shoes", 60 ],
      [ "sneakers", 50 ],
      [ "dance_shoes", 20 ],
      [ "tights", 20 ],
      [ "socks", 20 ],
      [ "heels", 10 ]
    ]
  },
  {
    "id": "mansion_maid_dress",
    "type": "item_group",
    "subtype": "distribution",
    "items": [ [ "maid_dress", 80 ], [ "maid_dress_short", 20 ] ]
  },
  {
    "id": "gear_butler",
    "type": "item_group",
    "subtype": "distribution",
    "items": [
      { "item": "knife_huge", "variant": "knife_butcher", "prob": 35 },
      [ "cane", 25 ],
      [ "sinister_cane", 2 ],
      [ "wizard_cane", 1 ],
      [ "wizard_cane_cheap", 1 ],
      [ "hollow_cane", 1 ],
      [ "umbrella", 20 ],
      { "item": "heavy_flashlight", "prob": 15, "charges": [ 0, 300 ] },
      [ "candlestick", 5 ]
    ]
  },
  {
    "type": "item_group",
    "id": "vitamins_bottle_plastic_pill_supplement_1_10",
    "subtype": "collection",
    "//": "This group was created automatically and may contain errors.",
    "container-item": "bottle_plastic_pill_supplement",
    "entries": [ { "item": "vitamins", "container-item": "null", "count": [ 1, 10 ] } ]
  }
]
