[
  {
    "type": "furniture",
    "id": "f_glowingbulb",
    "name": "illuminating plant bulb",
    "description": "A small plant grows among the roots here, its green, onion-like bulb illuminating the area around it.",
    "symbol": "!",
    "color": "brown",
    "move_cost_mod": 6,
    "required_str": -1,
    "light_emitted": 15,
    "flags": [ "TRANSPARENT", "FLAMMABLE_ASH", "ORGANIC" ],
    "bash": {
      "str_min": 6,
      "str_max": 30,
      "sound": "smash!",
      "sound_fail": "whump.",
      "items": [ { "item": "splinter", "count": [ 3, 5 ] } ]
    }
  },
  {
    "type": "furniture",
    "id": "f_brambles",
    "name": "brambles",
    "symbol": "#",
    "bgcolor": "brown",
    "description": "A wall of tangled roots blocks the path here, you'd have destroy it to get past.",
    "move_cost_mod": -1,
    "coverage": 60,
    "required_str": -1,
    "flags": [ "TRANSPARENT", "BLOCKSDOOR", "SHORT", "THIN_OBSTACLE" ],
    "bash": {
      "str_min": 10,
      "str_max": 60,
      "sound": "smash",
      "sound_fail": "whump.",
      "items": [ { "item": "splinter", "count": [ 10, 15 ] } ]
    }
  },
  {
    "type": "furniture",
    "id": "f_midden",
    "name": "composting midden",
    "description": "A hole has been dug into the roots here, and a pretty unpleasant smell emits from it.",
    "symbol": "O",
    "bgcolor": "brown",
    "move_cost_mod": 3,
    "coverage": 35,
    "required_str": -1,
    "flags": [ "TRANSPARENT", "CONTAINER", "PLACE_ITEM", "SHORT", "MOUNTABLE" ]
  }
]
