[
  {
    "type": "furniture",
    "id": "f_algae_red",
    "name": "red algae",
    "description": "One of the thousands of species of grassy reddish marine plants that inhabit intertidal zones the world over.  Its rubbery little fronds don't look particularly edible.",
    "symbol": ",",
    "color": "red",
    "move_cost_mod": 0,
    "required_str": -1,
    "flags": [ "TRANSPARENT", "TINY", "FLAMMABLE_ASH", "NOCOLLIDE", "ORGANIC" ],
    "examine_action": "harvest_furn",
    "harvest_by_season": [ { "seasons": [ "spring", "summer", "autumn", "winter" ], "id": "seaweed_harv" } ],
    "bash": { "str_min": 2, "str_max": 6, "sound": "splat.", "sound_fail": "squelch." }
  },
  {
    "type": "furniture",
    "id": "f_algae_green",
    "name": "green algae",
    "description": "A short patch of grassy green seaweed, wholly unremarkable.",
    "symbol": ",",
    "color": "green",
    "move_cost_mod": 0,
    "required_str": -1,
    "flags": [ "TRANSPARENT", "TINY", "FLAMMABLE_ASH", "NOCOLLIDE", "ORGANIC" ],
    "examine_action": "harvest_furn",
    "harvest_by_season": [ { "seasons": [ "spring", "summer", "autumn", "winter" ], "id": "seaweed_harv" } ],
    "bash": { "str_min": 2, "str_max": 6, "sound": "splat.", "sound_fail": "squelch." }
  },
  {
    "type": "furniture",
    "id": "f_kelp_sugar",
    "name": "sugar kelp",
    "description": "Also known as kombu, this brown algae grows in a single leaflike blade that can reach more than twice the height of a man.  Young fronds make for excellent soup stock and can even be eaten raw.",
    "symbol": "i",
    "color": "brown",
    "move_cost_mod": 0,
    "required_str": -1,
    "flags": [ "FLAMMABLE_ASH", "ORGANIC", "SMALL_HIDE", "HARVEST_REQ_CUT1" ],
    "examine_action": "harvest_furn",
    "harvest_by_season": [ { "seasons": [ "spring", "summer" ], "id": "kelp_sugar_harv" } ],
    "bash": { "str_min": 8, "str_max": 16, "sound": "splat.", "sound_fail": "squelch." }
  },
  {
    "type": "furniture",
    "id": "f_sea_lettuce",
    "name": "sea lettuce",
    "description": "Sometimes known as green laver, this leafy algae from the Ulva genus grows in leafy little patches around shallows and tide pools.  Though small, it makes a tasty snack.",
    "looks_like": "f_algae_green",
    "symbol": ",",
    "color": "green",
    "move_cost_mod": 0,
    "required_str": -1,
    "flags": [ "TRANSPARENT", "TINY", "FLAMMABLE_ASH", "NOCOLLIDE", "ORGANIC" ],
    "harvest_by_season": [ { "seasons": [ "spring", "summer", "autumn", "winter" ], "id": "sea_lettuce_harv" } ],
    "bash": { "str_min": 2, "str_max": 6, "sound": "splat.", "sound_fail": "squelch." }
  },
  {
    "type": "furniture",
    "id": "f_bladderwrack",
    "name": "bladderwrack",
    "description": "Named for the air bladders that grow all over its leafy fronds, this leafy seaweed is technically edible and has a long history of use in folk medicine.",
    "looks_like": "f_algae_green",
    "symbol": ",",
    "color": "green",
    "move_cost_mod": 0,
    "required_str": -1,
    "flags": [ "TRANSPARENT", "TINY", "FLAMMABLE_ASH", "NOCOLLIDE", "ORGANIC" ],
    "harvest_by_season": [ { "seasons": [ "spring", "summer", "autumn", "winter" ], "id": "bladderwrack_harv" } ],
    "bash": { "str_min": 2, "str_max": 6, "sound": "splat.", "sound_fail": "squelch." }
  },
  {
    "type": "furniture",
    "id": "f_sea_anemone",
    "name": "sea anemone",
    "description": "This sessile polyp waves its stinging tentacles with the motion of the tides, hoping to capture a tiny fish or crab.  It's wholly inedible and poses no danger to anything bigger than a shrimp.",
    "symbol": "f",
    "color": "pink",
    "move_cost_mod": 0,
    "required_str": -1,
    "flags": [ "TRANSPARENT", "TINY", "FLAMMABLE_ASH", "NOCOLLIDE", "GRAZER_INEDIBLE", "ORGANIC" ],
    "bash": { "str_min": 2, "str_max": 6, "sound": "splat.", "sound_fail": "squelch." }
  },
  {
    "type": "furniture",
    "id": "f_sea_sponge",
    "name": "sea sponge",
    "description": "An immobile, lumpy little creature that looks nothing like a square kitchen sponge.  Anchored to the sea floor, its porous body passively filters plankton from the water that freely passes through it.",
    "symbol": "f",
    "color": "brown",
    "move_cost_mod": 0,
    "required_str": -1,
    "flags": [ "TRANSPARENT", "TINY", "FLAMMABLE_ASH", "NOCOLLIDE", "GRAZER_INEDIBLE", "ORGANIC" ],
    "bash": { "str_min": 6, "str_max": 12, "sound": "splat.", "sound_fail": "squelch." }
  }
]
