[
  {
    "type": "furniture",
    "id": "f_bulletin",
    "name": "bulletin board",
    "description": "A wide wooden frame with a sheet of corkboard inside.  Good for pinning various notices for other survivors to read.",
    "symbol": "6",
    "color": "blue",
    "move_cost_mod": -1,
    "coverage": 75,
    "required_str": -1,
    "flags": [ "FLAMMABLE", "ORGANIC", "TRANSPARENT" ],
    "max_volume": "120 ml",
    "examine_action": "bulletin_board",
    "deconstruct": { "items": [ { "item": "2x4", "count": 4 }, { "item": "nail", "charges": [ 4, 8 ] } ] },
    "bash": {
      "str_min": 3,
      "str_max": 40,
      "sound": "crunch!",
      "sound_fail": "whump.",
      "items": [
        { "item": "2x4", "count": [ 0, 3 ] },
        { "item": "nail", "charges": [ 4, 6 ] },
        { "item": "splinter", "count": [ 1, 4 ] }
      ]
    }
  },
  {
    "type": "furniture",
    "id": "f_sign",
    "name": "sign",
    "symbol": "P",
    "description": "A simple signpost made of wood.  Basically two planks alongside each other nailed to another plank that holds them up.",
    "color": "brown",
    "examine_action": "sign",
    "move_cost_mod": 1,
    "coverage": 35,
    "required_str": -1,
    "flags": [ "TRANSPARENT", "FLAMMABLE_ASH", "ORGANIC", "MOUNTABLE", "SIGN", "SIGN_ALWAYS", "FREE_TO_EXAMINE" ],
    "deconstruct": { "items": [ { "item": "2x4", "count": 3 }, { "item": "nail", "charges": [ 2, 5 ] } ] },
    "bash": {
      "str_min": 6,
      "str_max": 40,
      "sound": "smash!",
      "sound_fail": "whump.",
      "items": [ { "item": "2x4", "count": [ 1, 2 ] }, { "item": "nail", "charges": [ 2, 4 ] }, { "item": "splinter", "count": 2 } ]
    }
  },
  {
    "type": "furniture",
    "id": "f_sign_warning",
    "name": "warning sign",
    "symbol": "P",
    "description": "A triangular signpost painted white with a red border.  Designed to easily catch the eye, signs of this nature seldom display anything but bad news.",
    "color": "red",
    "examine_action": "sign",
    "looks_like": "f_sign",
    "move_cost_mod": 1,
    "coverage": 35,
    "required_str": -1,
    "flags": [ "TRANSPARENT", "FLAMMABLE_ASH", "ORGANIC", "MOUNTABLE", "SIGN", "SIGN_ALWAYS" ],
    "deconstruct": { "items": [ { "item": "2x4", "count": 3 }, { "item": "nail", "charges": [ 2, 5 ] } ] },
    "bash": {
      "str_min": 6,
      "str_max": 40,
      "sound": "smash!",
      "sound_fail": "whump.",
      "items": [ { "item": "2x4", "count": [ 1, 2 ] }, { "item": "nail", "charges": [ 2, 4 ] }, { "item": "splinter", "count": 2 } ]
    }
  }
]
