[
  {
    "type": "terrain",
    "id": "t_pavement_hw_air",
    "name": "bridge pavement",
    "connect_groups": "PAVEMENT",
    "connects_to": "PAVEMENT",
    "description": "A bridge section made out of concrete and metal.",
    "looks_like": "t_pavement",
    "symbol": ".",
    "color": "dark_gray",
    "move_cost": 2,
    "flags": [ "TRANSPARENT", "FLAT", "ROAD", "MINEABLE" ],
    "bash": {
      "str_min": 70,
      "str_max": 300,
      "sound": "concrete cracking and metal screeching!",
      "sound_fail": "whump!",
      "ter_set": "t_hole",
      "items": [ { "item": "rock", "count": [ 4, 20 ] }, { "item": "rebar", "count": [ 10, 20 ] } ]
    }
  },
  {
    "type": "terrain",
    "id": "t_pavement_y_hw_air",
    "name": "bridge yellow pavement",
    "connect_groups": "PAVEMENT",
    "connects_to": "PAVEMENT",
    "description": "A bridge section made out of concrete and metal.  It's painted yellow.",
    "looks_like": "t_pavement_y",
    "symbol": ".",
    "color": "yellow",
    "move_cost": 2,
    "flags": [ "TRANSPARENT", "FLAT", "ROAD", "MINEABLE" ],
    "bash": {
      "str_min": 70,
      "str_max": 300,
      "sound": "concrete cracking and metal screeching!",
      "sound_fail": "whump!",
      "ter_set": "t_hole",
      "items": [ { "item": "rock", "count": [ 4, 20 ] }, { "item": "rebar", "count": [ 10, 20 ] } ]
    }
  },
  {
    "type": "terrain",
    "id": "t_sidewalk_hw_air",
    "name": "bridge sidewalk",
    "description": "The sidewalk section of a concrete bridge.",
    "looks_like": "t_sidewalk",
    "symbol": ".",
    "color": "light_gray",
    "move_cost": 2,
    "flags": [ "TRANSPARENT", "FLAT", "ROAD", "MINEABLE" ],
    "bash": {
      "str_min": 70,
      "str_max": 300,
      "sound": "concrete cracking and metal screeching!",
      "sound_fail": "whump!",
      "ter_set": "t_hole",
      "items": [ { "item": "rock", "count": [ 4, 20 ] }, { "item": "rebar", "count": [ 10, 20 ] } ]
    }
  }
]
