[
  {
    "type": "terrain",
    "id": "t_open_air_rooved_outside",
    "name": "open air",
    "description": "An area of open air.",
    "symbol": " ",
    "color": "i_cyan",
    "move_cost": 2,
    "roof": "t_flat_roof",
    "flags": [ "TRANSPARENT", "NO_FLOOR", "EMPTY_SPACE" ],
    "examine_action": "ledge"
  },
  {
    "id": "t_open_air_rooved",
    "type": "terrain",
    "name": "open air",
    "description": "An area of open air.",
    "symbol": " ",
    "color": "i_cyan",
    "move_cost": 2,
    "roof": "t_flat_roof",
    "examine_action": "ledge",
    "connect_groups": "INDOORFLOOR",
    "flags": [ "TRANSPARENT", "NO_FLOOR", "INDOORS", "EMPTY_SPACE" ]
  },
  {
    "type": "terrain",
    "id": "t_open_air",
    "name": "open air",
    "description": "An area of open air.",
    "symbol": " ",
    "color": "i_cyan",
    "move_cost": 2,
    "flags": [ "TRANSPARENT", "NO_FLOOR", "EMPTY_SPACE" ],
    "examine_action": "ledge"
  },
  {
    "type": "terrain",
    "id": "t_gutter",
    "description": "Channels water from the roof towards the ground, it looks flimsy.",
    "name": "rain gutter",
    "symbol": "#",
    "looks_like": "t_metal_floor",
    "color": "white",
    "move_cost": 3,
    "flags": [ "TRANSPARENT", "THIN_OBSTACLE", "MOUNTABLE", "TINY", "AUTO_WALL_SYMBOL", "UNSTABLE" ],
    "connect_groups": "RAILING",
    "connects_to": "RAILING",
    "deconstruct": { "ter_set": "t_flat_roof", "items": [ { "item": "scrap_aluminum", "count": 12 } ] },
    "bash": {
      "str_min": 5,
      "str_max": 12,
      "sound": "clang!",
      "sound_fail": "clang.",
      "ter_set": "t_flat_roof",
      "items": [ { "item": "scrap_aluminum", "count": [ 4, 7 ] } ]
    }
  },
  {
    "type": "terrain",
    "id": "t_gutter_drop",
    "name": "gutter drop",
    "description": "A spot in the gutter where the water flows into a downspout.  It looks flimsy.  You may be able to climb down here.",
    "symbol": "o",
    "looks_like": "t_gutter",
    "color": "white",
    "move_cost": 3,
    "flags": [ "TRANSPARENT", "THIN_OBSTACLE", "MOUNTABLE", "TINY", "AUTO_WALL_SYMBOL", "UNSTABLE", "CLIMBABLE" ],
    "connect_groups": "RAILING",
    "connects_to": "RAILING",
    "deconstruct": { "ter_set": "t_flat_roof", "items": [ { "item": "scrap_aluminum", "count": 12 } ] },
    "bash": {
      "str_min": 5,
      "str_max": 12,
      "sound": "clang!",
      "sound_fail": "clang.",
      "ter_set": "t_flat_roof",
      "items": [ { "item": "scrap_aluminum", "count": [ 4, 7 ] } ]
    }
  },
  {
    "type": "terrain",
    "id": "t_gutter_downspout",
    "name": "downspout",
    "description": "A length of gutter running from the roof to the ground, you could place a container underneath it to collect rainwater.  It looks flimsy.  You may be able to climb up here.",
    "symbol": "|",
    "looks_like": "t_chainfence_posts",
    "color": "white",
    "move_cost": 3,
    "trap": "tr_downspout_funnel",
    "flags": [ "TRANSPARENT", "THIN_OBSTACLE", "UNSTABLE", "CLIMBABLE" ],
    "deconstruct": { "ter_set": "t_flat_roof", "items": [ { "item": "scrap_aluminum", "count": 12 } ] },
    "bash": {
      "str_min": 5,
      "str_max": 12,
      "sound": "clang!",
      "sound_fail": "clang.",
      "ter_set": "t_dirt",
      "items": [ { "item": "scrap_aluminum", "count": [ 4, 7 ] } ]
    }
  },
  {
    "type": "terrain",
    "id": "t_flat_roof",
    "name": "flat roof",
    "description": "A flat, gray section of rooftop.",
    "symbol": ".",
    "looks_like": "t_concrete",
    "color": "dark_gray",
    "move_cost": 2,
    "flags": [ "TRANSPARENT", "FLAT", "ROAD" ],
    "bash": { "str_min": 30, "str_max": 210, "sound": "crash!", "sound_fail": "whump!", "ter_set": "t_null", "bash_below": false }
  },
  {
    "type": "terrain",
    "id": "t_tar_flat_roof",
    "name": "tar paper flat roof",
    "description": "A flat, gray section of rooftop covered with tar paper.",
    "looks_like": "t_flat_roof",
    "symbol": ".",
    "color": "dark_gray",
    "move_cost": 2,
    "flags": [ "TRANSPARENT", "FLAMMABLE", "FLAT" ],
    "bash": { "str_min": 30, "str_max": 210, "sound": "crash!", "sound_fail": "whump!", "ter_set": "t_null", "bash_below": false }
  },
  {
    "type": "terrain",
    "id": "t_shingle_flat_roof",
    "name": "shingle flat roof",
    "description": "A flat section of rooftop covered with shingles.",
    "looks_like": "t_flat_roof",
    "symbol": ".",
    "color": "green",
    "move_cost": 2,
    "flags": [ "TRANSPARENT", "FLAMMABLE", "FLAT" ],
    "bash": { "str_min": 30, "str_max": 210, "sound": "crash!", "sound_fail": "whump!", "ter_set": "t_null", "bash_below": false }
  },
  {
    "type": "terrain",
    "id": "t_thatch_roof",
    "name": "thatched roof",
    "description": "A section of roof made out of straw.",
    "looks_like": "t_flat_roof",
    "symbol": ".",
    "color": "yellow",
    "move_cost": 2,
    "flags": [ "TRANSPARENT", "FLAMMABLE" ],
    "bash": { "str_min": 30, "str_max": 210, "sound": "crash!", "sound_fail": "whump!", "ter_set": "t_null", "bash_below": false }
  },
  {
    "type": "terrain",
    "id": "t_metal_flat_roof",
    "name": "metal flat roof",
    "description": "A section of flat, sheet metal rooftop.",
    "looks_like": "t_flat_roof",
    "symbol": ".",
    "color": "light_gray",
    "move_cost": 2,
    "flags": [ "TRANSPARENT", "FLAT", "ROAD" ],
    "bash": { "str_min": 30, "str_max": 210, "sound": "crash!", "sound_fail": "whump!", "ter_set": "t_null", "bash_below": false }
  },
  {
    "type": "terrain",
    "id": "t_tile_flat_roof",
    "name": "tile flat roof",
    "description": "A section of flat, tiled rooftop.",
    "looks_like": "t_flat_roof",
    "symbol": ".",
    "color": "white",
    "move_cost": 2,
    "flags": [ "TRANSPARENT", "FLAT", "FLAMMABLE" ],
    "bash": { "str_min": 30, "str_max": 210, "sound": "crash!", "sound_fail": "whump!", "ter_set": "t_null", "bash_below": false }
  },
  {
    "type": "terrain",
    "id": "t_glass_roof",
    "name": "skylight",
    "description": "A giant sheet of glass inserted into the roof to let light pass through.",
    "symbol": "o",
    "looks_like": "t_linoleum_white",
    "color": "cyan",
    "move_cost": 2,
    "//": "TODO: Should break when you step on it if there's no supporting terrain below, might want some warning akin to examine_action ledge",
    "flags": [ "TRANSPARENT", "TRANSPARENT_FLOOR" ],
    "bash": {
      "str_min": 3,
      "str_max": 6,
      "sound": "glass breaking!",
      "sound_fail": "whack!",
      "ter_set": "t_skylight_frame",
      "items": [ { "item": "glass_shard", "count": [ 21, 29 ] } ]
    }
  },
  {
    "type": "terrain",
    "id": "t_rock_roof",
    "name": "rock roof",
    "description": "A section of flat natural rock.",
    "looks_like": "t_rock_floor",
    "symbol": ".",
    "color": "brown",
    "move_cost": 2,
    "flags": [ "TRANSPARENT", "FLAT" ],
    "bash": { "str_min": 100, "str_max": 210, "sound": "crash!", "sound_fail": "whump!", "ter_set": "t_null", "bash_below": false }
  },
  {
    "type": "terrain",
    "id": "t_warped_roof",
    "name": "warped roof",
    "description": "A section of flat, stone-like rooftop.  It is patterned with grooves and lines that constantly shift.",
    "symbol": ".",
    "color": "magenta",
    "move_cost": 2,
    "flags": [ "FLAT" ]
  },
  {
    "type": "terrain",
    "id": "t_roof_paper",
    "name": "flat roof",
    "description": "A flat surface made of ambiguous pulpy matter, covered in sticky wasp saliva.",
    "symbol": ".",
    "looks_like": "t_paper",
    "color": "white",
    "move_cost": 2,
    "flags": [ "TRANSPARENT", "FLAT" ],
    "bash": {
      "str_min": 1,
      "str_max": 6,
      "sound": "rrrrip!",
      "sound_fail": "slap!",
      "sound_vol": 8,
      "sound_fail_vol": 4,
      "ter_set": "t_null",
      "bash_below": false
    }
  },
  {
    "type": "terrain",
    "id": "t_roof_paper_hard",
    "name": "flat roof",
    "description": "A flat surface made of hardened, ambiguous pulpy matter, covered in sticky wasp saliva.",
    "symbol": ".",
    "looks_like": "t_paper",
    "color": "white",
    "move_cost": 2,
    "flags": [ "TRANSPARENT", "FLAMMABLE_HARD", "FLAT" ],
    "bash": {
      "str_min": 25,
      "str_max": 150,
      "str_min_supported": 40,
      "sound": "rrrrip!",
      "sound_fail": "slap!",
      "sound_vol": 15,
      "sound_fail_vol": 10,
      "ter_set": "t_null",
      "bash_below": false
    }
  },
  {
    "type": "terrain",
    "id": "t_concrete_roof",
    "name": "concrete roof",
    "description": "A flat section of concrete rooftop.",
    "symbol": ".",
    "looks_like": "t_thconc_floor",
    "color": "dark_gray",
    "move_cost": 2,
    "flags": [ "TRANSPARENT", "FLAT", "ROAD" ],
    "bash": { "str_min": 100, "str_max": 400, "sound": "crash!", "sound_fail": "whump!", "ter_set": "t_null", "bash_below": false }
  },
  {
    "type": "terrain",
    "id": "t_wood_roof",
    "name": "wooden roof",
    "description": "A flat section of wooden rooftop.",
    "looks_like": "t_floor",
    "symbol": ".",
    "color": "brown",
    "move_cost": 2,
    "flags": [ "TRANSPARENT", "FLAMMABLE", "FLAT" ],
    "bash": { "str_min": 50, "str_max": 400, "sound": "crash!", "sound_fail": "whump!", "ter_set": "t_null", "bash_below": false }
  },
  {
    "type": "terrain",
    "id": "t_wood_treated_roof",
    "name": "treated wooden roof",
    "description": "A flat section of flame-resistant wooden rooftop.",
    "looks_like": "t_floor",
    "symbol": ".",
    "color": "brown",
    "move_cost": 2,
    "flags": [ "TRANSPARENT", "FLAMMABLE_HARD", "FLAT" ],
    "bash": { "str_min": 50, "str_max": 400, "sound": "crash!", "sound_fail": "whump!", "ter_set": "t_null", "bash_below": false }
  },
  {
    "type": "terrain",
    "id": "t_metal_roof",
    "name": "metal roof",
    "description": "A high-quality and sturdy section of metallic rooftop.",
    "symbol": ".",
    "looks_like": "t_scrap_floor",
    "color": "dark_gray",
    "move_cost": 2,
    "flags": [ "TRANSPARENT", "FLAT", "ROAD" ],
    "bash": { "str_min": 200, "str_max": 500, "sound": "crash!", "sound_fail": "whump!", "ter_set": "t_null", "bash_below": false }
  },
  {
    "type": "terrain",
    "id": "t_metal_roof_red",
    "name": "red metal roof",
    "description": "A sturdy section of metallic rooftop, painted red for visibility and weather resistance.",
    "symbol": ".",
    "looks_like": "t_metal_roof",
    "color": "red",
    "move_cost": 2,
    "flags": [ "TRANSPARENT", "FLAT", "ROAD" ],
    "bash": { "str_min": 200, "str_max": 500, "sound": "crash!", "sound_fail": "whump!", "ter_set": "t_null", "bash_below": false }
  },
  {
    "type": "terrain",
    "id": "t_log_sod_roof",
    "name": "sod roof",
    "description": "A section of rooftop made out of sod.",
    "looks_like": "t_flat_roof",
    "symbol": ".",
    "color": "green",
    "move_cost": 2,
    "flags": [ "TRANSPARENT", "FLAMMABLE" ],
    "bash": { "str_min": 30, "str_max": 210, "sound": "crash!", "sound_fail": "whump!", "ter_set": "t_null", "bash_below": false }
  },
  {
    "type": "terrain",
    "id": "t_brick_roof",
    "name": "brick roof",
    "description": "A section of brick rooftop.",
    "symbol": ".",
    "color": "red",
    "move_cost": 2,
    "flags": [ "TRANSPARENT", "FLAT", "ROAD" ],
    "bash": { "str_min": 48, "str_max": 80, "sound": "crash!", "sound_fail": "whump!", "ter_set": "t_null", "bash_below": false }
  },
  {
    "type": "terrain",
    "id": "t_canvas_roof",
    "name": "canvas roof",
    "description": "A section of canvas rooftop.",
    "symbol": ".",
    "color": "blue",
    "move_cost": 2,
    "flags": [ "TRANSPARENT", "FLAMMABLE_HARD" ],
    "bash": { "str_min": 1, "str_max": 8, "sound": "rrrrip!", "sound_fail": "slap!", "ter_set": "t_null", "bash_below": false }
  },
  {
    "type": "terrain",
    "id": "t_treetop",
    "name": "treetop",
    "description": "The upper branches of a tree.  There's just enough room to perch here.",
    "symbol": "#",
    "color": [ "light_green", "green", "yellow_yellow", "brown" ],
    "move_cost": 8,
    "flags": [ "TRANSPARENT", "FLAMMABLE_ASH", "UNSTABLE", "CLIMBABLE", "SINGLE_SUPPORT" ]
  },
  {
    "type": "terrain",
    "id": "t_treetop_evergreen",
    "name": "treetop",
    "description": "The upper branches of a tree.  There's just enough room to perch here.",
    "symbol": "#",
    "color": [ "green" ],
    "move_cost": 8,
    "flags": [ "TRANSPARENT", "FLAMMABLE_ASH", "UNSTABLE", "SINGLE_SUPPORT" ]
  },
  {
    "type": "terrain",
    "id": "t_treetop_dead",
    "name": "dead treetop",
    "description": "The bare upper branches of a dead tree.  There's just enough room to perch here.",
    "symbol": "#",
    "color": "brown",
    "move_cost": 8,
    "flags": [ "TRANSPARENT", "FLAMMABLE_ASH", "UNSTABLE", "SINGLE_SUPPORT" ]
  },
  {
    "type": "terrain",
    "id": "t_treetop_giant_fern",
    "name": "giant fern top",
    "description": "The top of some unearthly gigantic fern.  There is enough room to perch up here, but only just.",
    "symbol": "#",
    "color": "red",
    "move_cost": 8,
    "flags": [ "TRANSPARENT", "FLAMMABLE_ASH", "UNSTABLE", "SINGLE_SUPPORT" ]
  }
]
