[
  {
    "type": "item_group",
    "id": "wall_bash_results",
    "subtype": "collection",
    "entries": [
      { "item": "rock", "count": [ 0, 2 ] },
      { "item": "wood_panel", "count": [ 0, 1 ] },
      { "item": "nail", "charges": [ 4, 16 ] },
      { "item": "splinter", "count": [ 1, 5 ] },
      { "item": "2x4", "count": [ 1, 2 ], "prob": 25 },
      { "item": "pipe", "count": [ 0, 2 ], "prob": 10 },
      { "item": "cu_pipe", "count": [ 0, 2 ], "prob": 10 },
      { "item": "cable", "charges": [ 0, 200 ], "prob": 10 }
    ]
  },
  {
    "type": "terrain",
    "abstract": "t_abstract_column",
    "name": { "str": "abstract column", "//~": "NO_I18N" },
    "description": "Encompasses rock columns.  If you see this in-game, it's a bug.",
    "color": "light_gray",
    "symbol": "1",
    "move_cost": 0,
    "coverage": 80,
    "connect_groups": "WALL",
    "connects_to": "WALL",
    "flags": [ "WALL", "PERMEABLE", "MINEABLE" ]
  },
  {
    "type": "terrain",
    "abstract": "t_abstract_wall",
    "name": { "str": "abstract wall", "//~": "NO_I18N" },
    "description": {
      "str": "Encompasses most undamaged natural and building-grade artificial walls.  SUPPORTS_ROOF, but the roof field must be defined in child terrain.  If you see this in-game, it's a bug.",
      "//~": "NO_I18N"
    },
    "color": "light_gray",
    "symbol": "#",
    "move_cost": 0,
    "coverage": 100,
    "connect_groups": "WALL",
    "connects_to": "WALL",
    "flags": [ "NOITEM", "SUPPORTS_ROOF", "WALL", "NO_SCENT", "AUTO_WALL_SYMBOL", "BLOCK_WIND", "MINEABLE" ]
  },
  {
    "type": "terrain",
    "abstract": "t_abstract_wall_wood",
    "copy-from": "t_abstract_wall",
    "name": { "str": "abstract wooden wall", "//~": "NO_I18N" },
    "description": "Encompasses most wood-like walls.  If you see this in-game, it's a bug.",
    "roof": "t_wood_roof",
    "extend": { "flags": [ "FLAMMABLE" ] }
  },
  {
    "type": "terrain",
    "abstract": "t_abstract_wall_concrete",
    "copy-from": "t_abstract_wall",
    "name": { "str": "abstract concrete wall", "//~": "NO_I18N" },
    "description": "Encompasses most concrete-like walls.  If you see this in-game, it's a bug.",
    "roof": "t_concrete_roof",
    "color": "light_gray",
    "extend": { "flags": [ "WIRED_WALL" ] }
  },
  {
    "type": "terrain",
    "abstract": "t_abstract_wall_brick",
    "copy-from": "t_abstract_wall",
    "name": { "str": "abstract brick wall", "//~": "NO_I18N" },
    "description": "Encompasses most brick-like walls.  If you see this in-game, it's a bug.",
    "roof": "t_brick_roof",
    "color": "brown",
    "extend": { "flags": [ "WIRED_WALL" ] }
  },
  {
    "type": "terrain",
    "abstract": "t_abstract_wall_stone",
    "copy-from": "t_abstract_wall",
    "name": { "str": "abstract stone wall", "//~": "NO_I18N" },
    "description": "Encompasses most stone-like walls.  If you see this in-game, it's a bug.",
    "color": "light_gray",
    "roof": "t_rock_roof"
  },
  {
    "type": "terrain",
    "abstract": "t_abstract_wall_metal",
    "copy-from": "t_abstract_wall",
    "name": { "str": "abstract metal wall", "//~": "NO_I18N" },
    "description": "Encompasses most metal-like walls.  If you see this in-game, it's a bug.",
    "color": "cyan",
    "roof": "t_metal_flat_roof"
  },
  {
    "type": "terrain",
    "abstract": "t_abstract_wall_earthen",
    "copy-from": "t_abstract_wall",
    "name": { "str": "abstract earthen wall", "//~": "NO_I18N" },
    "description": "Encompasses most below-ground walls.  If you see this in-game, it's a bug.",
    "color": "brown"
  },
  {
    "type": "terrain",
    "abstract": "t_abstract_wall_glass",
    "copy-from": "t_abstract_wall",
    "name": { "str": "abstract glass wall", "//~": "NO_I18N" },
    "description": "Encompasses most wall-sized glass panes.  If you see this in-game, it's a bug.",
    "color": "cyan",
    "roof": "t_flat_roof",
    "coverage": 0,
    "extend": { "flags": [ "TRANSPARENT" ] },
    "delete": { "flags": [ "SUPPORTS_ROOF" ] }
  },
  {
    "type": "terrain",
    "id": "t_wall",
    "copy-from": "t_abstract_wall_wood",
    "name": "wall",
    "description": "A standard wall consisting of a wooden support structure filled with insulation and drywalled.  Painted a neutral off-white or cream color, it could use some more vibrant paint.  Looks flammable.",
    "roof": "t_flat_roof",
    "extend": { "flags": [ "WIRED_WALL" ] },
    "bash": {
      "str_min": 30,
      "str_max": 210,
      "sound": "crash!",
      "sound_fail": "whump!",
      "ter_set": "t_null",
      "items": "wall_bash_results"
    }
  },
  {
    "type": "terrain",
    "abstract": "t_wall_color",
    "copy-from": "t_wall",
    "name": { "str": "abstract colored wall", "//~": "NO_I18N" },
    "description": "An abstract for t_wall color variants.  If you see this in-game, it's a bug.",
    "extend": { "flags": [ "CHIP" ] }
  },
  {
    "type": "terrain",
    "id": "t_wall_half",
    "name": "half-built wall",
    "looks_like": "t_wall",
    "description": "An incomplete wall of refined wood, dotted with carefully placed nails to provide proper support.  It requires some more planks and nails before it'd be considered a suitable wall.",
    "symbol": "#",
    "color": "light_red",
    "move_cost": 4,
    "coverage": 60,
    "flags": [ "TRANSPARENT", "FLAMMABLE_ASH", "NOITEM", "REDUCE_SCENT", "MOUNTABLE" ],
    "connect_groups": "WALL",
    "connects_to": "WALL",
    "bash": {
      "str_min": 10,
      "str_max": 70,
      "sound": "crunch!",
      "sound_fail": "whump!",
      "ter_set": "t_null",
      "items": [
        { "item": "2x4", "count": [ 0, 5 ] },
        { "item": "wood_panel", "count": [ 0, 1 ] },
        { "item": "nail", "charges": [ 0, 5 ] },
        { "item": "splinter", "count": [ 5, 10 ] }
      ]
    }
  },
  {
    "type": "terrain",
    "id": "t_ponywall",
    "name": "pony wall",
    "description": "A short divider wall consisting of a wooden support structure with drywall.  Painted an all-too-common and neutral off-white or cream color.  Looks flammable.",
    "symbol": "#",
    "looks_like": "f_counter",
    "color": "light_gray",
    "move_cost": 0,
    "coverage": 60,
    "connect_groups": [ "INDOORFLOOR", "WALL" ],
    "connects_to": "WALL",
    "roof": "t_flat_roof",
    "flags": [ "TRANSPARENT", "FLAMMABLE", "PLACE_ITEM", "INDOORS", "AUTO_WALL_SYMBOL", "THIN_OBSTACLE", "MOUNTABLE", "SHORT" ],
    "deconstruct": { "ter_set": "t_floor", "items": [ { "item": "2x4", "count": 5 }, { "item": "nail", "charges": 20 } ] },
    "bash": {
      "str_min": 8,
      "str_max": 20,
      "sound": "crash!",
      "sound_fail": "whump!",
      "ter_set": "t_null",
      "items": "wall_bash_results"
    }
  },
  {
    "type": "terrain",
    "id": "t_wall_wood",
    "copy-from": "t_abstract_wall_wood",
    "name": "wooden wall",
    "looks_like": "t_wall",
    "description": "A finished wall of planks and support beams, capable of supporting an upper level or roof.  Highly flammable.",
    "color": "light_red",
    "roof": "t_wood_roof",
    "delete": { "flags": [ "MINEABLE" ] },
    "bash": {
      "str_min": 12,
      "str_max": 150,
      "sound": "crunch!",
      "sound_fail": "whump!",
      "ter_set": "t_wall_wood_chipped",
      "items": [
        { "item": "2x4", "count": [ 0, 3 ] },
        { "item": "wood_panel", "count": [ 0, 2 ] },
        { "item": "nail", "charges": [ 1, 5 ] },
        { "item": "splinter", "count": [ 1, 4 ] }
      ]
    }
  },
  {
    "type": "terrain",
    "id": "t_concrete_wall",
    "copy-from": "t_abstract_wall_concrete",
    "name": "concrete wall",
    "looks_like": "t_rock",
    "description": "An aesthetically pleasing design with simple lines, this type of concrete was used with a weaker chemical mixture in order to have faster setting times.  Not ideal for multi-story buildings, but still capable of supporting a roof.",
    "color": "dark_gray",
    "bash": {
      "str_min": 70,
      "str_max": 300,
      "sound": "crash!",
      "sound_fail": "whump!",
      "ter_set": "t_reb_cage",
      "items": [ { "item": "rock", "count": [ 10, 22 ] } ]
    }
  },
  {
    "type": "terrain",
    "id": "t_sconc_wall",
    "copy-from": "t_abstract_wall_concrete",
    "name": "simple concrete wall",
    "looks_like": "t_concrete_wall",
    "description": "A durable and uniform concrete wall, quite drab without decoration.  More than capable of supporting a roof, as well as keeping out most anything, save for vehicles.",
    "bash": {
      "str_min": 90,
      "str_max": 350,
      "sound": "crash!",
      "sound_fail": "whump!",
      "ter_set": "t_pit_shallow",
      "items": [ { "item": "rock", "count": [ 10, 22 ] } ]
    }
  },
  {
    "type": "terrain",
    "id": "t_strconc_wall",
    "copy-from": "t_abstract_wall_concrete",
    "name": "reinforced concrete wall",
    "looks_like": "t_concrete_wall",
    "description": "An extremely resilient wall, filled with concrete and rebar.  Best suited for supporting multi-level buildings, only serious explosives and high-speed impacts would be capable of damaging this wall.",
    "bash": {
      "str_min": 120,
      "str_max": 460,
      "sound": "scrrrash!",
      "sound_fail": "whump!",
      "ter_set": "t_reb_cage",
      "items": [ { "item": "rock", "count": [ 10, 22 ] } ]
    }
  },
  {
    "type": "terrain",
    "id": "t_wall_r",
    "copy-from": "t_wall_color",
    "looks_like": "t_wall",
    "name": "red wall",
    "description": "A wall, painted red.",
    "color": "red"
  },
  {
    "type": "terrain",
    "id": "t_wall_w",
    "copy-from": "t_wall_color",
    "looks_like": "t_wall",
    "name": "white wall",
    "description": "A wall, painted white.",
    "color": "white"
  },
  {
    "type": "terrain",
    "id": "t_wall_b",
    "copy-from": "t_wall_color",
    "looks_like": "t_wall",
    "name": "blue wall",
    "description": "A wall, painted blue.",
    "color": "blue"
  },
  {
    "type": "terrain",
    "id": "t_wall_g",
    "copy-from": "t_wall_color",
    "looks_like": "t_wall",
    "name": "green wall",
    "description": "A wall, painted green.",
    "color": "green"
  },
  {
    "type": "terrain",
    "id": "t_wall_y",
    "copy-from": "t_wall_color",
    "looks_like": "t_wall",
    "name": "yellow wall",
    "description": "A wall, painted yellow.",
    "color": "yellow"
  },
  {
    "type": "terrain",
    "id": "t_wall_P",
    "copy-from": "t_wall_color",
    "looks_like": "t_wall",
    "name": "pink wall",
    "description": "A wall, painted pink.",
    "color": "pink"
  },
  {
    "type": "terrain",
    "id": "t_wall_p",
    "copy-from": "t_wall_color",
    "looks_like": "t_wall",
    "name": "purple wall",
    "description": "A wall, painted purple.",
    "color": "magenta"
  },
  {
    "type": "terrain",
    "id": "t_wall_orange",
    "copy-from": "t_wall_color",
    "looks_like": "t_wall",
    "name": "orange wall",
    "description": "A wall, painted orange.",
    "color": "light_red"
  },
  {
    "type": "terrain",
    "id": "t_wall_gray",
    "copy-from": "t_wall_color",
    "looks_like": "t_wall",
    "name": "gray wall",
    "description": "A wall, painted gray.",
    "color": "light_gray"
  },
  {
    "type": "terrain",
    "id": "t_wall_brown",
    "copy-from": "t_wall_color",
    "looks_like": "t_wall",
    "name": "brown wall",
    "description": "A wall, painted brown.",
    "color": "brown"
  },
  {
    "type": "terrain",
    "id": "t_wall_cyan",
    "copy-from": "t_wall_color",
    "looks_like": "t_wall",
    "name": "cyan wall",
    "description": "A wall, painted cyan.",
    "color": "cyan"
  },
  {
    "type": "terrain",
    "id": "t_wall_black",
    "copy-from": "t_wall_color",
    "looks_like": "t_wall",
    "name": "black wall",
    "description": "A wall, painted black.",
    "color": "yellow"
  },
  {
    "type": "terrain",
    "id": "t_wood_wall_b",
    "copy-from": "t_wall_wood",
    "name": "blue wood wall",
    "looks_like": "t_wall_b",
    "description": "A wooden wall, painted blue.",
    "color": "blue"
  },
  {
    "type": "terrain",
    "id": "t_wood_wall_g",
    "copy-from": "t_wall_wood",
    "name": "green wood wall",
    "looks_like": "t_wall_g",
    "description": "A wooden wall, painted green.",
    "color": "green"
  },
  {
    "type": "terrain",
    "id": "t_wood_wall_r",
    "copy-from": "t_wall_wood",
    "name": "red wood wall",
    "looks_like": "t_wall_r",
    "description": "A wooden wall, painted red.",
    "color": "red"
  },
  {
    "type": "terrain",
    "id": "t_wood_wall_w",
    "copy-from": "t_wall_wood",
    "name": "white wood wall",
    "looks_like": "t_wall_w",
    "description": "A wooden wall, painted white.",
    "color": "white"
  },
  {
    "type": "terrain",
    "id": "t_wood_wall_p",
    "copy-from": "t_wall_wood",
    "name": "purple wood wall",
    "looks_like": "t_wall_p",
    "description": "A wooden wall, painted purple.",
    "color": "magenta"
  },
  {
    "type": "terrain",
    "id": "t_wood_wall_P",
    "copy-from": "t_wall_wood",
    "name": "pink wood wall",
    "looks_like": "t_wall_P",
    "description": "A wooden wall, painted pink.",
    "color": "pink"
  },
  {
    "type": "terrain",
    "id": "t_wood_wall_y",
    "copy-from": "t_wall_wood",
    "name": "yellow wood wall",
    "looks_like": "t_wall_y",
    "description": "A wooden wall, painted yellow.",
    "color": "yellow"
  },
  {
    "type": "terrain",
    "id": "t_wood_wall_orange",
    "copy-from": "t_wall_wood",
    "name": "orange wood wall",
    "looks_like": "t_wall_orange",
    "description": "A wooden wall, painted orange.",
    "color": "light_red"
  },
  {
    "type": "terrain",
    "id": "t_wood_wall_gray",
    "copy-from": "t_wall_wood",
    "name": "gray wood wall",
    "looks_like": "t_wall_gray",
    "description": "A wooden wall, painted gray.",
    "color": "light_gray"
  },
  {
    "type": "terrain",
    "id": "t_wood_wall_brown",
    "copy-from": "t_wall_wood",
    "name": "brown wood wall",
    "looks_like": "t_wall_brown",
    "description": "A wooden wall, painted brown.",
    "color": "brown"
  },
  {
    "type": "terrain",
    "id": "t_wood_wall_cyan",
    "copy-from": "t_wall_wood",
    "name": "cyan wood wall",
    "looks_like": "t_wall_cyan",
    "description": "A wooden wall, painted cyan.",
    "color": "cyan"
  },
  {
    "type": "terrain",
    "id": "t_wood_wall_black",
    "copy-from": "t_wall_wood",
    "name": "black wood wall",
    "looks_like": "t_wall_black",
    "description": "A wooden wall, painted black.",
    "color": "dark_gray"
  },
  {
    "type": "terrain",
    "id": "t_concrete_wall_b",
    "copy-from": "t_concrete_wall",
    "name": "blue concrete wall",
    "looks_like": "t_wall_b",
    "description": "A concrete wall, painted blue.",
    "color": "blue"
  },
  {
    "type": "terrain",
    "id": "t_concrete_wall_g",
    "copy-from": "t_concrete_wall",
    "name": "green concrete wall",
    "looks_like": "t_wall_g",
    "description": "A concrete wall, painted green.",
    "color": "green"
  },
  {
    "type": "terrain",
    "id": "t_concrete_wall_r",
    "copy-from": "t_concrete_wall",
    "name": "red concrete wall",
    "looks_like": "t_wall_r",
    "description": "A concrete wall, painted red.",
    "color": "red"
  },
  {
    "type": "terrain",
    "id": "t_concrete_wall_w",
    "copy-from": "t_concrete_wall",
    "name": "white concrete wall",
    "looks_like": "t_wall_w",
    "description": "A concrete wall, painted white.",
    "color": "white"
  },
  {
    "type": "terrain",
    "id": "t_concrete_wall_p",
    "copy-from": "t_concrete_wall",
    "name": "purple concrete wall",
    "looks_like": "t_wall_p",
    "description": "A concrete wall, painted purple.",
    "color": "magenta"
  },
  {
    "type": "terrain",
    "id": "t_concrete_wall_P",
    "copy-from": "t_concrete_wall",
    "name": "pink concrete wall",
    "looks_like": "t_wall_P",
    "description": "A concrete wall, painted pink.",
    "color": "pink"
  },
  {
    "type": "terrain",
    "id": "t_concrete_wall_y",
    "copy-from": "t_concrete_wall",
    "name": "yellow concrete wall",
    "looks_like": "t_wall_y",
    "description": "A concrete wall, painted yellow.",
    "color": "yellow"
  },
  {
    "type": "terrain",
    "id": "t_concrete_wall_orange",
    "copy-from": "t_concrete_wall",
    "name": "orange concrete wall",
    "looks_like": "t_wall_orange",
    "description": "A concrete wall, painted orange.",
    "color": "light_red"
  },
  {
    "type": "terrain",
    "id": "t_concrete_wall_gray",
    "copy-from": "t_concrete_wall",
    "name": "gray concrete wall",
    "looks_like": "t_wall_gray",
    "description": "A concrete wall, painted gray.",
    "color": "light_gray"
  },
  {
    "type": "terrain",
    "id": "t_concrete_wall_brown",
    "copy-from": "t_concrete_wall",
    "name": "brown concrete wall",
    "looks_like": "t_wall_brown",
    "description": "A concrete wall, painted brown.",
    "color": "brown"
  },
  {
    "type": "terrain",
    "id": "t_concrete_wall_cyan",
    "copy-from": "t_concrete_wall",
    "name": "cyan concrete wall",
    "looks_like": "t_wall_cyan",
    "description": "A concrete wall, painted cyan.",
    "color": "cyan"
  },
  {
    "type": "terrain",
    "id": "t_concrete_wall_black",
    "copy-from": "t_concrete_wall",
    "name": "black concrete wall",
    "looks_like": "t_wall_p",
    "description": "A concrete wall, painted black.",
    "color": "dark_gray"
  },
  {
    "type": "terrain",
    "id": "t_strconc_wall_b",
    "copy-from": "t_strconc_wall",
    "name": "reinforced blue concrete wall",
    "looks_like": "t_wall_b",
    "description": "A reinforced concrete wall, painted blue.",
    "color": "blue"
  },
  {
    "type": "terrain",
    "id": "t_strconc_wall_g",
    "copy-from": "t_strconc_wall",
    "name": "reinforced green concrete wall",
    "looks_like": "t_wall_g",
    "description": "A reinforced concrete wall, painted green.",
    "color": "green"
  },
  {
    "type": "terrain",
    "id": "t_strconc_wall_r",
    "copy-from": "t_strconc_wall",
    "name": "reinforced red concrete wall",
    "looks_like": "t_wall_r",
    "description": "A reinforced concrete wall, painted red.",
    "color": "red"
  },
  {
    "type": "terrain",
    "id": "t_strconc_wall_w",
    "copy-from": "t_strconc_wall",
    "name": "reinforced white concrete wall",
    "looks_like": "t_wall_w",
    "description": "A reinforced concrete wall, painted white.",
    "color": "white"
  },
  {
    "type": "terrain",
    "id": "t_strconc_wall_p",
    "copy-from": "t_strconc_wall",
    "name": "reinforced purple concrete wall",
    "looks_like": "t_wall_p",
    "description": "A reinforced concrete wall, painted purple.",
    "color": "magenta"
  },
  {
    "type": "terrain",
    "id": "t_strconc_wall_P",
    "copy-from": "t_strconc_wall",
    "name": "reinforced pink concrete wall",
    "looks_like": "t_wall_P",
    "description": "A reinforced concrete wall, painted pink.",
    "color": "pink"
  },
  {
    "type": "terrain",
    "id": "t_strconc_wall_y",
    "copy-from": "t_strconc_wall",
    "name": "reinforced yellow concrete wall",
    "looks_like": "t_wall_y",
    "description": "A reinforced concrete wall, painted yellow.",
    "color": "yellow"
  },
  {
    "type": "terrain",
    "id": "t_strconc_wall_orange",
    "copy-from": "t_strconc_wall",
    "name": "reinforced orange concrete wall",
    "looks_like": "t_wall_orange",
    "description": "A reinforced concrete wall, painted orange.",
    "color": "light_red"
  },
  {
    "type": "terrain",
    "id": "t_strconc_wall_gray",
    "copy-from": "t_strconc_wall",
    "name": "reinforced gray concrete wall",
    "looks_like": "t_wall_gray",
    "description": "A reinforced concrete wall, painted gray.",
    "color": "light_gray"
  },
  {
    "type": "terrain",
    "id": "t_strconc_wall_brown",
    "copy-from": "t_strconc_wall",
    "name": "reinforced brown concrete wall",
    "looks_like": "t_wall_brown",
    "description": "Reinforced concrete wall painted brown.",
    "color": "brown"
  },
  {
    "type": "terrain",
    "id": "t_strconc_wall_cyan",
    "copy-from": "t_strconc_wall",
    "name": "reinforced cyan concrete wall",
    "looks_like": "t_wall_cyan",
    "description": "A reinforced concrete wall, painted cyan.",
    "color": "cyan"
  },
  {
    "type": "terrain",
    "id": "t_strconc_wall_black",
    "copy-from": "t_strconc_wall",
    "name": "reinforced black concrete wall",
    "looks_like": "t_wall_black",
    "description": "A reinforced concrete wall, painted black.",
    "color": "dark_gray"
  },
  {
    "type": "terrain",
    "id": "t_sconc_wall_b",
    "copy-from": "t_sconc_wall",
    "name": "simple blue concrete wall",
    "looks_like": "t_wall_b",
    "description": "A simple concrete wall, painted blue.",
    "color": "blue"
  },
  {
    "type": "terrain",
    "id": "t_sconc_wall_g",
    "copy-from": "t_sconc_wall",
    "name": "simple green concrete wall",
    "looks_like": "t_wall_g",
    "description": "A simple concrete wall, painted green.",
    "color": "green"
  },
  {
    "type": "terrain",
    "id": "t_sconc_wall_r",
    "copy-from": "t_sconc_wall",
    "name": "simple red concrete wall",
    "looks_like": "t_wall_r",
    "description": "A simple concrete wall, painted red.",
    "color": "red"
  },
  {
    "type": "terrain",
    "id": "t_sconc_wall_w",
    "copy-from": "t_sconc_wall",
    "name": "simple white concrete wall",
    "looks_like": "t_wall_w",
    "description": "A simple concrete wall, painted white.",
    "color": "white"
  },
  {
    "type": "terrain",
    "id": "t_sconc_wall_p",
    "copy-from": "t_sconc_wall",
    "name": "simple purple concrete wall",
    "looks_like": "t_wall_p",
    "description": "A simple concrete wall, painted purple.",
    "color": "magenta"
  },
  {
    "type": "terrain",
    "id": "t_sconc_wall_P",
    "copy-from": "t_sconc_wall",
    "name": "simple pink concrete wall",
    "looks_like": "t_wall_P",
    "description": "A simple concrete wall, painted pink.",
    "color": "pink"
  },
  {
    "type": "terrain",
    "id": "t_sconc_wall_y",
    "copy-from": "t_sconc_wall",
    "name": "simple yellow concrete wall",
    "looks_like": "t_wall_y",
    "description": "A simple concrete wall, painted yellow.",
    "color": "yellow"
  },
  {
    "type": "terrain",
    "id": "t_sconc_wall_orange",
    "copy-from": "t_sconc_wall",
    "name": "simple orange concrete wall",
    "looks_like": "t_wall_orange",
    "description": "A simple concrete wall, painted orange.",
    "color": "light_red"
  },
  {
    "type": "terrain",
    "id": "t_sconc_wall_gray",
    "copy-from": "t_sconc_wall",
    "name": "simple gray concrete wall",
    "looks_like": "t_wall_gray",
    "description": "A simple concrete wall, painted gray.",
    "color": "light_gray"
  },
  {
    "type": "terrain",
    "id": "t_sconc_wall_brown",
    "copy-from": "t_sconc_wall",
    "name": "simple brown concrete wall",
    "looks_like": "t_wall_brown",
    "description": "A simple concrete wall, painted brown.",
    "color": "red"
  },
  {
    "type": "terrain",
    "id": "t_sconc_wall_cyan",
    "copy-from": "t_sconc_wall",
    "name": "simple cyan concrete wall",
    "looks_like": "t_wall_cyan",
    "description": "A simple concrete wall, painted cyan.",
    "color": "cyan"
  },
  {
    "type": "terrain",
    "id": "t_sconc_wall_black",
    "copy-from": "t_sconc_wall",
    "name": "simple black concrete wall",
    "looks_like": "t_wall_p",
    "description": "A simple concrete wall, painted black.",
    "color": "dark_gray"
  },
  {
    "type": "terrain",
    "id": "t_brick_wall_halfway",
    "looks_like": "t_brick_wall",
    "name": "half-built brick wall",
    "description": "Half of a brick wall.  It requires some more resources and effort before it'd be considered a suitable wall.",
    "symbol": "#",
    "color": "brown",
    "move_cost": 5,
    "coverage": 60,
    "flags": [ "TRANSPARENT", "NOITEM", "MOUNTABLE", "REDUCE_SCENT", "MINEABLE" ],
    "bash": {
      "str_min": 30,
      "str_max": 100,
      "sound": "crash!",
      "sound_fail": "bash!",
      "ter_set": "t_null",
      "items": [ { "item": "rock", "count": [ 5, 8 ] }, { "item": "brick", "count": [ 1, 3 ] } ]
    }
  },
  {
    "type": "terrain",
    "id": "t_brick_wall",
    "copy-from": "t_abstract_wall_brick",
    "name": "brick wall",
    "description": "A solid brick wall, sturdy enough to support a roof with enough walls and to keep out any unwanted visitors.",
    "bash": {
      "str_min": 60,
      "str_max": 160,
      "sound": "crash!",
      "sound_fail": "bash!",
      "ter_set": "t_null",
      "items": [ { "item": "rock", "count": [ 8, 15 ] }, { "item": "brick", "count": [ 2, 6 ] } ]
    }
  },
  {
    "type": "terrain",
    "id": "t_rock_wall",
    "copy-from": "t_abstract_wall_stone",
    "name": "stone wall",
    "looks_like": "t_rock",
    "description": "A sturdy stone wall.",
    "bash": {
      "str_min": 80,
      "str_max": 300,
      "sound": "crash!",
      "sound_fail": "whump!",
      "ter_set": "t_null",
      "items": [ { "item": "rock", "count": [ 8, 18 ] } ]
    }
  },
  {
    "type": "terrain",
    "id": "t_stone_masonry_wall_whitewashed",
    "copy-from": "t_abstract_wall_stone",
    "name": "whitewashed stone masonry wall",
    "looks_like": "t_rock_wall",
    "description": "A wall of carefully cut and laid stones, joined with mortar.  The exterior has been finished with plaster and whitewashed.",
    "bash": {
      "str_min": 80,
      "str_max": 300,
      "sound": "crash!",
      "sound_fail": "whump!",
      "ter_set": "t_null",
      "items": [ { "item": "rock", "count": [ 8, 18 ] } ]
    }
  },
  {
    "type": "terrain",
    "id": "t_rock_wall_half",
    "looks_like": "t_rock_wall",
    "name": "half-built stone wall",
    "description": "Half of a sturdy stone wall.  Some work still needs to be done before it can be considered a suitable wall.",
    "symbol": "#",
    "color": "light_gray",
    "move_cost": 4,
    "coverage": 60,
    "flags": [ "TRANSPARENT", "NOITEM", "REDUCE_SCENT", "MOUNTABLE", "MINEABLE" ],
    "connect_groups": "WALL",
    "connects_to": "WALL",
    "bash": {
      "str_min": 40,
      "str_max": 200,
      "sound": "crash!",
      "sound_fail": "whump!",
      "ter_set": "t_null",
      "items": [ { "item": "rock", "count": [ 3, 8 ] } ]
    }
  },
  {
    "type": "terrain",
    "id": "t_rock_smooth",
    "copy-from": "t_abstract_wall_stone",
    "name": "smoothed rock",
    "looks_like": "t_rock",
    "description": "A block of stone that's been smoothed and shaped, commonly granite or marble for funerary chapels and mausoleums.",
    "//": "use pillars, 't_column', as a compliment.",
    "color": "white",
    "bash": {
      "str_min": 120,
      "str_max": 400,
      "sound": "crash!",
      "sound_fail": "whump!",
      "ter_set": "t_rock_floor",
      "items": [ { "item": "rock", "count": [ 6, 12 ] }, { "item": "material_rocksalt", "count": [ 0, 1 ], "prob": 10 } ]
    }
  },
  {
    "type": "terrain",
    "id": "t_adobe_brick_wall_halfway",
    "name": "half-built adobe wall",
    "description": "Half of an adobe brick wall.  It requires some more resources and effort before it'd be considered a suitable wall.",
    "symbol": "#",
    "color": "brown",
    "looks_like": "t_brick_wall_halfway",
    "move_cost": 5,
    "coverage": 60,
    "flags": [ "TRANSPARENT", "NOITEM", "MOUNTABLE", "REDUCE_SCENT", "MINEABLE" ],
    "bash": {
      "str_min": 20,
      "str_max": 90,
      "sound": "crash!",
      "sound_fail": "bash!",
      "ter_set": "t_null",
      "items": [ { "item": "material_soil", "count": [ 4, 10 ] }, { "item": "adobe_brick", "count": [ 1, 3 ] } ]
    }
  },
  {
    "type": "terrain",
    "id": "t_adobe_brick_wall",
    "copy-from": "t_abstract_wall_brick",
    "name": "adobe wall",
    "description": "A solid adobe brick wall that's both sturdy enough to support a roof and keep out any unwanted visitors.",
    "looks_like": "t_brick_wall",
    "bash": {
      "str_min": 40,
      "str_max": 120,
      "sound": "crash!",
      "sound_fail": "bash!",
      "ter_set": "t_null",
      "items": [ { "item": "material_soil", "count": [ 8, 20 ] }, { "item": "adobe_brick", "count": [ 2, 6 ] } ]
    }
  },
  {
    "type": "terrain",
    "id": "t_concrete_wall_rope",
    "copy-from": "t_concrete_wall",
    "name": "concrete wall with ropes",
    "description": "A boxlike wall of concrete with ropes attached to the exterior edges.",
    "move_cost": 10,
    "extend": { "flags": [ "MOUNTABLE" ] },
    "delete": { "flags": [ "SUPPORTS_ROOF" ] },
    "bash": {
      "str_min": 70,
      "str_max": 300,
      "sound": "crash!",
      "sound_fail": "whump!",
      "ter_set": "t_reb_cage",
      "items": [ { "item": "rock", "count": [ 10, 22 ] }, { "item": "rope_6", "count": [ 2, 4 ] } ]
    }
  },
  {
    "type": "terrain",
    "id": "t_wall_metal",
    "copy-from": "t_abstract_wall_metal",
    "name": "metal wall",
    "description": "An industrially fabricated thick sheet carefully positioned and joined seamlessly with perimeter sealant, this wall is capable of resisting extreme elements as well as hostile forces.  Blast load rated and extremely fire-retardant, breaching it will require specialized tools or an industrial vehicle.",
    "oxytorch": {
      "result": "t_scrap_wall_halfway",
      "duration": "14 seconds",
      "byproducts": [ { "item": "steel_plate", "count": [ 2, 3 ] }, { "item": "steel_chunk", "count": [ 12, 20 ] } ]
    },
    "bash": {
      "str_min": 200,
      "str_max": 600,
      "sound": "metal screeching!",
      "sound_fail": "clang!",
      "ter_set": "t_null",
      "items": [
        { "item": "steel_lump", "count": [ 1, 4 ] },
        { "item": "steel_chunk", "count": [ 3, 12 ] },
        { "item": "scrap", "count": [ 9, 36 ] }
      ]
    }
  },
  {
    "type": "terrain",
    "id": "t_wall_metal_corrugated",
    "copy-from": "t_abstract_wall_metal",
    "name": "corrugated metal wall",
    "description": "A wall made from a thin sheet of corrugated steel held in a frame, weather- and windproof but not very insulating or durable.",
    "looks_like": "t_wall_metal",
    "bash": {
      "str_min": 30,
      "str_max": 210,
      "sound": "metal screeching!",
      "sound_fail": "clang!",
      "ter_set": "t_null",
      "items": [ { "item": "steel_chunk", "count": [ 1, 4 ] }, { "item": "scrap", "count": [ 3, 12 ] } ]
    }
  },
  {
    "type": "terrain",
    "id": "t_wall_bulkhead",
    "copy-from": "t_abstract_wall_metal",
    "//": "identical to t_wall_metal, but gray and cannot be oxytorched",
    "name": "bulkhead",
    "description": "An industrially fabricated thick sheet carefully positioned, this wall is capable of resisting extreme elements as well as hostile forces.",
    "color": "light_gray",
    "looks_like": "t_wall_metal"
  },
  {
    "type": "terrain",
    "id": "t_sconc_wall_halfway",
    "name": "half-built simple concrete wall",
    "looks_like": "t_sconc_wall",
    "description": "A partially-poured concrete wall that could probably keep anything behind it quite safe if it were finished.",
    "symbol": "*",
    "color": "light_gray",
    "move_cost": 4,
    "coverage": 60,
    "flags": [ "NOITEM", "TRANSPARENT", "MOUNTABLE", "REDUCE_SCENT", "MINEABLE" ],
    "connect_groups": "WALL",
    "connects_to": "WALL",
    "bash": {
      "str_min": 40,
      "str_max": 350,
      "sound": "crash!",
      "sound_fail": "whump!",
      "ter_set": "t_pit_shallow",
      "items": [ { "item": "rock", "count": [ 5, 11 ] } ]
    }
  },
  {
    "type": "terrain",
    "id": "t_strconc_wall_halfway",
    "name": "half-built reinforced concrete wall",
    "looks_like": "t_sconc_wall_halfway",
    "description": "Poured concrete with methodically placed rebar sticking out, which isn't practical for supporting roofs or shelter.  It needs more resources before it could be considered complete.",
    "symbol": "*",
    "color": "light_gray",
    "move_cost": 5,
    "coverage": 60,
    "flags": [ "TRANSPARENT", "NOITEM", "MOUNTABLE", "REDUCE_SCENT", "MINEABLE" ],
    "connect_groups": "WALL",
    "connects_to": "WALL",
    "bash": {
      "str_min": 60,
      "str_max": 460,
      "sound": "scrrrash!",
      "sound_fail": "whump!",
      "ter_set": "t_reb_cage",
      "items": [ { "item": "rock", "count": [ 5, 11 ] } ]
    }
  },
  {
    "type": "terrain",
    "id": "t_reb_cage",
    "name": "rebar cage",
    "description": "A structural support system made of rebar that appears to be the early stages of a reinforced concrete wall, just missing the poured concrete.",
    "symbol": "#",
    "color": "dark_gray",
    "move_cost": 0,
    "hacksaw": {
      "result": "t_pit",
      "duration": "10 minutes",
      "message": "You finish cutting the metal.",
      "byproducts": [ { "item": "spike", "count": 19 }, { "item": "scrap", "count": 8 } ]
    },
    "flags": [ "TRANSPARENT", "NOITEM", "PERMEABLE", "THIN_OBSTACLE" ],
    "connect_groups": "WALL",
    "connects_to": "WALL",
    "oxytorch": {
      "result": "t_pit",
      "duration": "9 seconds",
      "byproducts": [ { "item": "spike", "count": [ 1, 19 ] }, { "item": "scrap", "count": [ 1, 8 ] } ]
    },
    "bash": {
      "str_min": 20,
      "str_max": 100,
      "sound": "metal screeching!",
      "sound_fail": "clang!",
      "ter_set": "t_thconc_floor",
      "items": [ { "item": "scrap", "count": [ 4, 12 ] }, { "item": "rebar", "count": [ 0, 4 ] } ]
    }
  },
  {
    "type": "terrain",
    "id": "t_scrap_wall",
    "copy-from": "t_abstract_wall_metal",
    "name": "simple metal wall",
    "looks_like": "t_wall_metal",
    "description": "A relatively simple wall made of cobbled-together scrap metal.  It's still capable of blocking intruders and supporting a roof with adjacent walls.",
    "color": "dark_gray",
    "bash": {
      "str_min": 80,
      "str_max": 200,
      "sound": "metal screeching!",
      "sound_fail": "clang!",
      "ter_set": "t_pit_shallow",
      "items": [ { "item": "steel_chunk", "count": [ 10, 22 ] } ]
    }
  },
  {
    "type": "terrain",
    "id": "t_scrap_wall_halfway",
    "name": "half-built simple metal wall",
    "looks_like": "t_scrap_wall",
    "description": "A partially-built makeshift metal wall that could potentially support a roof if it were completed.",
    "symbol": "#",
    "color": "dark_gray",
    "move_cost": 4,
    "coverage": 60,
    "flags": [ "NOITEM", "TRANSPARENT", "MOUNTABLE", "REDUCE_SCENT", "MINEABLE" ],
    "bash": {
      "str_min": 50,
      "str_max": 130,
      "sound": "metal screeching!",
      "sound_fail": "clang!",
      "ter_set": "t_pit_shallow",
      "items": [ { "item": "steel_chunk", "count": [ 5, 11 ] } ]
    }
  },
  {
    "type": "terrain",
    "id": "t_wall_wood_chipped",
    "copy-from": "t_wall_wood",
    "name": "chipped wood wall",
    "looks_like": "t_wall_wood",
    "description": "A wall of aligned planks that's starting to crack and break open.  Some replacement wood and a number of nails could patch this up quick.",
    "extend": { "flags": [ "REDUCE_SCENT" ] },
    "delete": { "flags": [ "NO_SCENT" ] },
    "bash": {
      "str_min": 8,
      "str_max": 150,
      "sound": "crunch!",
      "sound_fail": "whump!",
      "ter_set": "t_wall_wood_broken",
      "items": [
        { "item": "2x4", "count": [ 1, 4 ] },
        { "item": "wood_panel", "count": [ 0, 2 ] },
        { "item": "nail", "charges": [ 1, 3 ] },
        { "item": "splinter", "count": [ 1, 4 ] }
      ]
    }
  },
  {
    "type": "terrain",
    "id": "t_wall_wood_broken",
    "name": "broken wood wall",
    "looks_like": "t_wall_wood_chipped",
    "description": "A number of planks are missing and the structure is beginning to sag and fall apart.  It's going to need quite a bit of work to repair.",
    "symbol": "&",
    "color": "light_red",
    "move_cost": 0,
    "coverage": 35,
    "connect_groups": "WALL",
    "connects_to": "WALL",
    "flags": [ "TRANSPARENT", "FLAMMABLE_ASH", "NOITEM", "SUPPORTS_ROOF", "REDUCE_SCENT", "PERMEABLE" ],
    "bash": {
      "str_min": 4,
      "str_max": 110,
      "sound": "crash!",
      "sound_fail": "whump!",
      "ter_set": "t_null",
      "items": [
        { "item": "2x4", "count": [ 2, 5 ] },
        { "item": "wood_panel", "count": [ 0, 2 ] },
        { "item": "nail", "charges": [ 4, 10 ] },
        { "item": "splinter", "count": [ 1, 5 ] }
      ]
    },
    "shoot": { "chance_to_hit": 25, "reduce_damage": [ 20, 40 ], "reduce_damage_laser": [ 10, 30 ], "destroy_damage": [ 30, 100 ] }
  },
  {
    "type": "terrain",
    "id": "t_wall_log_half",
    "name": "half-built log wall",
    "looks_like": "t_wall_log",
    "description": "A half-constructed wall of notched logs that interlock to provide stability.  Needs a few more logs to hold up a roof.  Looks flammable.",
    "symbol": "#",
    "color": "brown",
    "move_cost": 4,
    "coverage": 60,
    "flags": [ "TRANSPARENT", "FLAMMABLE_ASH", "NOITEM", "REDUCE_SCENT", "MOUNTABLE", "MINEABLE" ],
    "connect_groups": "WALL",
    "connects_to": "WALL",
    "bash": {
      "str_min": 40,
      "str_max": 120,
      "sound": "crash!",
      "sound_fail": "whump!",
      "ter_set": "t_null",
      "items": [ { "item": "splinter", "count": [ 10, 20 ] } ]
    }
  },
  {
    "type": "terrain",
    "id": "t_wall_log",
    "copy-from": "t_abstract_wall_wood",
    "name": "log wall",
    "looks_like": "t_wall_wood",
    "description": "A tall wall of timber suitable for housing and insulating from the weather.  Quite flammable.",
    "color": "brown",
    "roof": "t_wood_roof",
    "bash": {
      "str_min": 60,
      "str_max": 180,
      "sound": "crunch!",
      "sound_fail": "whump!",
      "ter_set": "t_wall_log_chipped",
      "items": [ { "item": "splinter", "count": [ 5, 10 ] } ]
    }
  },
  {
    "type": "terrain",
    "id": "t_wall_log_chipped",
    "copy-from": "t_wall_log",
    "name": "chipped log wall",
    "description": "A moderately damaged log wall, it could probably be patched up with some planks and nails.",
    "extend": { "flags": [ "REDUCE_SCENT" ] },
    "delete": { "flags": [ "NO_SCENT" ] },
    "bash": {
      "str_min": 40,
      "str_max": 160,
      "sound": "crunch!",
      "sound_fail": "whump!",
      "ter_set": "t_wall_log_broken",
      "items": [ { "item": "splinter", "count": [ 5, 10 ] } ]
    }
  },
  {
    "type": "terrain",
    "id": "t_wall_log_broken",
    "name": "broken log wall",
    "looks_like": "t_wall_log_chipped",
    "description": "A destroyed log wall, with only a supporting log left, ready to collapse.  Looks repairable if the damage was replaced and patched together with nails and planks.",
    "symbol": "&",
    "color": "brown",
    "move_cost": 0,
    "connect_groups": "WALL",
    "connects_to": "WALL",
    "flags": [ "TRANSPARENT", "FLAMMABLE_ASH", "NOITEM", "SUPPORTS_ROOF", "REDUCE_SCENT", "PERMEABLE" ],
    "bash": {
      "str_min": 8,
      "str_max": 150,
      "sound": "crash!",
      "sound_fail": "whump!",
      "ter_set": "t_null",
      "items": [ { "item": "splinter", "count": [ 10, 20 ] } ]
    },
    "shoot": { "chance_to_hit": 25, "reduce_damage": [ 20, 50 ], "reduce_damage_laser": [ 10, 40 ], "destroy_damage": [ 40, 120 ] }
  },
  {
    "type": "terrain",
    "id": "t_palisade",
    "name": "palisade wall",
    "looks_like": "t_wall_log",
    "description": "An age-old type of fortification consisting of hefty lumber staked into the ground and cabled together.",
    "symbol": "#",
    "color": "brown",
    "move_cost": 0,
    "coverage": 100,
    "connect_groups": "WALL",
    "connects_to": "WALL",
    "flags": [ "FLAMMABLE", "NOITEM", "SUPPORTS_ROOF", "REDUCE_SCENT", "WALL", "BLOCK_WIND" ],
    "bash": {
      "str_min": 35,
      "str_max": 150,
      "sound": "crunch!",
      "sound_fail": "whump!",
      "ter_set": "t_null",
      "items": [ { "item": "splinter", "count": [ 10, 30 ] } ]
    }
  },
  {
    "id": "t_wall_wattle",
    "type": "terrain",
    "copy-from": "t_abstract_wall_wood",
    "name": "wattle-and-daub wall",
    "looks_like": "t_wall_wood",
    "description": "A relatively primitive wall made by daubing together a lattice of wooden strips using some combination of wet soil, clay, sand, animal dung, and straw.",
    "color": "light_red",
    "roof": "t_thatch_roof",
    "extend": { "flags": [ "FLAMMABLE_HARD" ] },
    "delete": { "flags": [ "FLAMMABLE", "MINEABLE" ] },
    "bash": {
      "str_min": 10,
      "str_max": 140,
      "ter_set": "t_wall_wattle_broken",
      "sound": "crunch!",
      "sound_fail": "whump!",
      "items": [ { "item": "2x4", "count": [ 0, 3 ] }, { "item": "splinter", "count": [ 0, 6 ] } ]
    }
  },
  {
    "id": "t_wall_wattle_broken",
    "type": "terrain",
    "name": "broken wattle-and-daub wall",
    "looks_like": "t_wall_wattle",
    "description": "A wattle-and-daub wall section that has been destroyed, leaving mostly just the frame, and even that is barely held together.",
    "symbol": "&",
    "color": "light_red",
    "move_cost": 0,
    "bash": {
      "str_min": 4,
      "str_max": 110,
      "ter_set": "t_null",
      "sound": "crash!",
      "sound_fail": "whump!",
      "items": [ { "item": "2x4", "count": [ 0, 3 ] }, { "item": "splinter", "count": [ 3, 6 ] } ]
    },
    "shoot": { "chance_to_hit": 25, "reduce_damage": [ 20, 40 ], "reduce_damage_laser": [ 20, 50 ], "destroy_damage": [ 30, 100 ] },
    "connect_groups": "WALL",
    "connects_to": "WALL",
    "flags": [ "TRANSPARENT", "FLAMMABLE_HARD", "NOITEM", "SUPPORTS_ROOF", "REDUCE_SCENT", "PERMEABLE" ]
  },
  {
    "id": "t_wall_wattle_half",
    "type": "terrain",
    "name": "half-built wattle-and-daub wall",
    "looks_like": "t_wall_wattle",
    "description": "A partially-complete wattle-and-daub wall with some of the wooden strip lattice in place.  It still requires the rest of the lattice and supporting wet compound to be filled in.",
    "symbol": "#",
    "color": "light_red",
    "move_cost": 4,
    "coverage": 60,
    "bash": {
      "str_min": 8,
      "str_max": 75,
      "ter_set": "t_null",
      "sound": "crunch!",
      "sound_fail": "whump!",
      "items": [ { "item": "2x4", "count": [ 1, 3 ] }, { "item": "splinter", "count": [ 6, 6 ] } ]
    },
    "flags": [ "TRANSPARENT", "FLAMMABLE_HARD", "NOITEM", "REDUCE_SCENT", "MOUNTABLE" ]
  },
  {
    "type": "terrain",
    "id": "t_junk_wall",
    "name": "junk metal wall",
    "looks_like": "t_scrap_wall",
    "description": "A wall of rusty scrap metal bolted and wire-tied to a sturdy frame.  Very fashionable in post-apocalyptic shantytowns.  Can support a roof.",
    "symbol": "#",
    "color": "dark_gray",
    "move_cost": 0,
    "coverage": 100,
    "connect_groups": "WALL",
    "connects_to": "WALL",
    "flags": [ "NOITEM", "WALL", "PERMEABLE", "SUPPORTS_ROOF", "AUTO_WALL_SYMBOL", "MINEABLE" ],
    "bash": {
      "str_min": 60,
      "str_max": 200,
      "sound": "metal screeching!",
      "sound_fail": "clang!",
      "ter_set": "t_pit_shallow",
      "items": [
        { "item": "pipe", "count": [ 1, 6 ] },
        { "item": "scrap", "count": [ 1, 40 ] },
        { "item": "sheet_metal", "count": [ 1, 2 ] },
        { "item": "steel_chunk", "count": [ 1, 30 ] }
      ]
    }
  },
  {
    "type": "terrain",
    "id": "t_wall_rammed_earth",
    "copy-from": "t_abstract_wall_earthen",
    "name": "rammed earth wall",
    "looks_like": "t_rock",
    "description": "A solid wall of compressed dirt, sturdy enough to support a roof with enough walls and to keep out some unwanted visitors.",
    "roof": "t_dirt",
    "bash": {
      "str_min": 60,
      "str_max": 200,
      "sound": "heavy rumbling!",
      "sound_fail": "thump",
      "ter_set": "t_fence_post",
      "items": [ { "item": "material_soil", "count": [ 100, 150 ] } ]
    }
  },
  {
    "type": "terrain",
    "id": "t_wall_dirt",
    "copy-from": "t_abstract_wall_earthen",
    "name": "smooth dirt wall",
    "looks_like": "t_wall_rammed_earth",
    "description": "A solid wall of compressed dirt, mixed with… something to keep it stable.  Its surface glistens slightly, and it smells like rotten milk.",
    "roof": "t_dirt",
    "bash": {
      "str_min": 30,
      "str_max": 200,
      "sound": "heavy rumbling!",
      "sound_fail": "thump",
      "ter_set": "t_mud_underground",
      "items": [ { "item": "material_soil", "count": [ 50, 100 ] } ]
    }
  },
  {
    "type": "terrain",
    "id": "t_wall_warped",
    "name": "warped wall",
    "description": "At first glance, this looks like a simple stone wall.  But the angles don't add up, and the shadows are wrong.  Whatever this is, it doesn't belong here.",
    "symbol": "#",
    "color": "magenta",
    "move_cost": 0,
    "coverage": 100,
    "connect_groups": "WALL",
    "connects_to": "WALL",
    "flags": [ "NOITEM", "SUPPORTS_ROOF", "WALL", "NO_SCENT", "AUTO_WALL_SYMBOL", "BLOCK_WIND" ]
  },
  {
    "type": "terrain",
    "id": "t_junk_palisade",
    "name": "junk metal barrier",
    "looks_like": "t_scrap_wall_halfway",
    "description": "A simple wall of rusty scrap metal bolted and wire-tied to a makeshift frame.  Very fashionable in post-apocalyptic shantytowns.  This one isn't quite strong enough to support a roof, but could be reinforced.",
    "symbol": "#",
    "color": "dark_gray",
    "move_cost": 0,
    "coverage": 60,
    "connect_groups": "WALL",
    "connects_to": "WALL",
    "flags": [ "NOITEM", "WALL", "PERMEABLE", "AUTO_WALL_SYMBOL", "MINEABLE" ],
    "bash": {
      "str_min": 30,
      "str_max": 200,
      "sound": "metal screeching!",
      "sound_fail": "clang!",
      "ter_set": "t_pit_shallow",
      "items": [ { "item": "pipe", "count": [ 1, 2 ] }, { "item": "scrap", "count": [ 1, 40 ] } ]
    }
  },
  {
    "type": "terrain",
    "id": "t_wall_glass",
    "copy-from": "t_abstract_wall_glass",
    "name": "glass wall",
    "looks_like": "t_window",
    "description": "A barrier made of glass, it's nothing complicated, and looks extremely fragile.  Some contain glass break sensors or window sensors that trigger an alarm if the glass is damaged.",
    "coverage": 30,
    "rotates_to": "INDOORFLOOR",
    "delete": { "flags": [ "MINEABLE" ] },
    "bash": {
      "str_min": 4,
      "str_max": 12,
      "sound": "glass breaking!",
      "sound_fail": "whack!",
      "sound_vol": 16,
      "sound_fail_vol": 10,
      "ter_set": "t_floor",
      "items": [ { "item": "glass_shard", "count": [ 42, 84 ] } ]
    },
    "shoot": { "reduce_damage": [ 1, 8 ], "reduce_damage_laser": [ 0, 5 ], "destroy_damage": [ 2, 8 ], "no_laser_destroy": true }
  },
  {
    "type": "terrain",
    "id": "t_wall_glass_alarm",
    "copy-from": "t_wall_glass",
    "name": "glass wall",
    "description": "A barrier made of glass, it's nothing complicated, and looks extremely fragile.  Some contain glass break sensors or window sensors that trigger an alarm if the glass is damaged.",
    "extend": { "flags": [ "ALARMED" ] }
  },
  {
    "type": "terrain",
    "id": "t_wall_glass_lab",
    "copy-from": "t_wall_glass",
    "bash": {
      "str_min": 4,
      "str_max": 12,
      "sound": "glass breaking!",
      "sound_fail": "whack!",
      "sound_vol": 16,
      "sound_fail_vol": 10,
      "ter_set": "t_strconc_floor",
      "items": [ { "item": "glass_shard", "count": [ 42, 84 ] } ]
    }
  },
  {
    "type": "terrain",
    "id": "t_laminated_glass",
    "copy-from": "t_abstract_wall_glass",
    "name": "laminated glass",
    "looks_like": "t_reinforced_glass",
    "description": "A laminated glass barrier, composed of layers of glass and plastic held together by an interlayer.",
    "bash": {
      "str_min": 100,
      "str_max": 180,
      "sound": "glass breaking!",
      "sound_fail": "whack!",
      "sound_vol": 20,
      "sound_fail_vol": 14,
      "ter_set": "t_floor",
      "items": [ { "item": "glass_shard", "count": [ 42, 84 ] } ]
    },
    "shoot": { "reduce_damage": [ 2, 12 ], "reduce_damage_laser": [ 0, 7 ], "destroy_damage": [ 40, 120 ], "no_laser_destroy": true }
  },
  {
    "type": "terrain",
    "id": "t_ballistic_glass",
    "copy-from": "t_abstract_wall_glass",
    "name": "ballistic glass",
    "looks_like": "t_reinforced_glass",
    "description": "A ballistic glass barrier, consisting of layers of laminated glass.",
    "bash": {
      "str_min": 200,
      "str_max": 400,
      "sound": "glass breaking!",
      "sound_fail": "whack!",
      "sound_vol": 20,
      "sound_fail_vol": 14,
      "ter_set": "t_floor",
      "items": [ { "item": "glass_shard", "count": [ 42, 84 ] } ]
    },
    "shoot": {
      "reduce_damage": [ 30, 60 ],
      "reduce_damage_laser": [ 0, 10 ],
      "destroy_damage": [ 80, 200 ],
      "no_laser_destroy": true
    }
  },
  {
    "type": "terrain",
    "id": "t_reinforced_glass",
    "copy-from": "t_abstract_wall_glass",
    "name": "reinforced glass",
    "description": "A thicker pane of glass with thin metal wires embedded throughout, strengthening the structural properties.  Still weaker than other types of walls, and not made to support a roof either.",
    "bash": {
      "str_min": 40,
      "str_max": 210,
      "sound": "glass breaking!",
      "sound_fail": "whack!",
      "sound_vol": 20,
      "sound_fail_vol": 14,
      "ter_set": "t_floor",
      "items": [ { "item": "glass_shard", "count": [ 42, 84 ] }, { "item": "mc_wire", "prob": 20 } ]
    },
    "shoot": {
      "reduce_damage": [ 15, 30 ],
      "reduce_damage_laser": [ 0, 10 ],
      "destroy_damage": [ 60, 160 ],
      "no_laser_destroy": true
    }
  },
  {
    "type": "terrain",
    "id": "t_reinforced_glass_lab",
    "copy-from": "t_reinforced_glass",
    "bash": {
      "str_min": 40,
      "str_max": 210,
      "sound": "glass breaking!",
      "sound_fail": "whack!",
      "sound_vol": 20,
      "sound_fail_vol": 14,
      "ter_set": "t_strconc_floor",
      "items": [ { "item": "glass_shard", "count": [ 42, 84 ] }, { "item": "mc_wire", "prob": 20 } ]
    }
  },
  {
    "type": "terrain",
    "id": "t_reinforced_glass_shutter",
    "name": "reinforced glass with closed shutters",
    "looks_like": "t_wall_metal",
    "description": "A secondary layer of protection over reinforced glass, these metal shutters are typically used to ward off criminals or protect against damage from extreme weather.  Looks like it can only be opened from the inside.  Even with the installed shutters, it isn't feasible in supporting a roof.",
    "symbol": "#",
    "color": "light_gray",
    "move_cost": 0,
    "roof": "t_flat_roof",
    "connect_groups": "WALL",
    "connects_to": "WALL",
    "flags": [ "NOITEM", "WALL", "NO_SCENT", "AUTO_WALL_SYMBOL", "OPENCLOSE_INSIDE", "MINEABLE", "BLOCK_WIND" ],
    "open": "t_reinforced_glass_shutter_open",
    "bash": {
      "str_min": 60,
      "str_max": 210,
      "sound": "glass breaking!",
      "sound_fail": "whack!",
      "sound_vol": 20,
      "sound_fail_vol": 14,
      "ter_set": "t_floor",
      "items": [
        { "item": "glass_shard", "count": [ 42, 84 ] },
        { "item": "mc_wire", "prob": 20 },
        { "item": "scrap", "count": [ 3, 5 ] }
      ]
    },
    "shoot": {
      "reduce_damage": [ 20, 40 ],
      "reduce_damage_laser": [ 15, 25 ],
      "destroy_damage": [ 60, 160 ],
      "no_laser_destroy": true
    }
  },
  {
    "type": "terrain",
    "id": "t_reinforced_glass_shutter_open",
    "name": "reinforced glass with open shutters",
    "looks_like": "t_reinforced_glass",
    "description": "Hanging metal shutters that haven't been deployed, exposing the reinforced glass.  It appears as though the metal shutters can only be activated from the inside.",
    "symbol": "#",
    "color": "light_cyan",
    "move_cost": 0,
    "roof": "t_flat_roof",
    "connect_groups": "WALL",
    "connects_to": "WALL",
    "flags": [ "TRANSPARENT", "NOITEM", "WALL", "NO_SCENT", "AUTO_WALL_SYMBOL", "OPENCLOSE_INSIDE", "MINEABLE", "BLOCK_WIND" ],
    "close": "t_reinforced_glass_shutter",
    "bash": {
      "str_min": 40,
      "str_max": 210,
      "sound": "glass breaking!",
      "sound_fail": "whack!",
      "sound_vol": 20,
      "sound_fail_vol": 14,
      "ter_set": "t_floor",
      "items": [
        { "item": "glass_shard", "count": [ 42, 84 ] },
        { "item": "mc_wire", "prob": 20 },
        { "item": "scrap", "count": [ 3, 5 ] }
      ]
    },
    "shoot": {
      "reduce_damage": [ 20, 40 ],
      "reduce_damage_laser": [ 15, 25 ],
      "destroy_damage": [ 60, 160 ],
      "no_laser_destroy": true
    }
  },
  {
    "type": "terrain",
    "id": "t_wall_lighthouse_lens",
    "name": "lighthouse lens",
    "looks_like": "t_wall_glass",
    "description": "An intricate arrangement of glass, designed to focus light from within to be visible over long distances.",
    "symbol": "#",
    "color": "light_cyan",
    "move_cost": 0,
    "connect_groups": "WALL",
    "connects_to": "WALL",
    "flags": [ "TRANSPARENT", "NOITEM", "WALL", "NO_SCENT", "AUTO_WALL_SYMBOL", "BLOCK_WIND" ],
    "rotates_to": "INDOORFLOOR",
    "bash": {
      "str_min": 4,
      "str_max": 20,
      "sound": "glass breaking!",
      "sound_fail": "whack!",
      "sound_vol": 16,
      "sound_fail_vol": 10,
      "ter_set": "t_null",
      "items": [ { "item": "glass_shard", "count": [ 42, 84 ] }, { "item": "scrap", "count": [ 3, 6 ] } ]
    }
  },
  {
    "type": "terrain",
    "id": "t_bars",
    "name": "metal bars",
    "description": "Thick, heavy bars from the floor to the ceiling, interlaced wall to wall.  Not made to support roofs, but great for blocking paths.",
    "examine_action": "bars",
    "symbol": "\"",
    "color": "light_gray",
    "move_cost": 0,
    "hacksaw": {
      "result": "t_floor",
      "duration": "15 minutes",
      "message": "You finish cutting the metal.",
      "byproducts": [ { "item": "pipe", "count": 3 } ]
    },
    "connect_groups": "WALL",
    "connects_to": "WALL",
    "flags": [ "TRANSPARENT", "NOITEM", "PERMEABLE", "THIN_OBSTACLE" ],
    "oxytorch": { "result": "t_floor", "duration": "9 seconds", "byproducts": [ { "item": "pipe", "count": [ 1, 2 ] } ] },
    "bash": {
      "str_min": 60,
      "str_max": 250,
      "sound": "metal screeching!",
      "sound_fail": "clang!",
      "ter_set": "t_floor",
      "items": [
        { "item": "steel_lump", "prob": 25 },
        { "item": "steel_chunk", "count": [ 1, 4 ] },
        { "item": "scrap", "count": [ 1, 5 ] }
      ]
    }
  },
  {
    "type": "terrain",
    "id": "t_paper",
    "name": "paper wall",
    "description": "A huge wall of ambiguous pulpy matter, covered in sticky wasp saliva.  You could smash it down effortlessly.",
    "symbol": "#",
    "color": "white",
    "move_cost": 0,
    "coverage": 100,
    "connect_groups": "WALL",
    "connects_to": "WALL",
    "flags": [ "FLAMMABLE_ASH", "NOITEM", "WALL", "NO_SCENT" ],
    "bash": {
      "str_min": 1,
      "str_max": 6,
      "sound": "rrrrip!",
      "sound_fail": "slap!",
      "sound_vol": 8,
      "sound_fail_vol": 4,
      "ter_set": "t_floor_paper"
    },
    "shoot": { "reduce_damage": [ 2, 12 ], "reduce_damage_laser": [ 4, 16 ], "destroy_damage": [ 10, 40 ] }
  },
  {
    "type": "terrain",
    "id": "t_paper_brood",
    "copy-from": "t_paper",
    "bash": {
      "str_min": 1,
      "str_max": 6,
      "sound": "rrrrip!",
      "sound_fail": "slap!",
      "sound_vol": 8,
      "sound_fail_vol": 4,
      "ter_set": "t_floor_paper_noroof"
    }
  },
  {
    "type": "terrain",
    "id": "t_paper_hard",
    "name": "layered paper wall",
    "description": "A thick wall of layered tree pulp and wasp saliva, hardened to withstand the elements.  You could break through this, but it won't be easy.",
    "symbol": "#",
    "color": "dark_gray",
    "move_cost": 0,
    "coverage": 100,
    "connect_groups": "WALL",
    "connects_to": "WALL",
    "flags": [ "FLAMMABLE_HARD", "NOITEM", "MINEABLE", "WALL", "NO_SCENT" ],
    "bash": {
      "str_min": 30,
      "str_max": 150,
      "sound": "rrrrip!",
      "sound_fail": "slap!",
      "sound_vol": 20,
      "sound_fail_vol": 10,
      "ter_set": "t_floor_paper_hard"
    },
    "shoot": { "reduce_damage": [ 2, 12 ], "reduce_damage_laser": [ 4, 16 ], "destroy_damage": [ 10, 40 ] }
  },
  {
    "type": "terrain",
    "id": "t_root_wall",
    "copy-from": "t_abstract_wall_earthen",
    "name": "root wall",
    "looks_like": "t_rock",
    "description": "A dirt wall covered with roots.",
    "delete": { "flags": [ "MINEABLE", "BLOCK_WIND" ] },
    "bash": {
      "str_min": 12,
      "str_max": 150,
      "sound": "crunch!",
      "sound_fail": "whump!",
      "ter_set": "t_null",
      "items": [ { "item": "splinter", "count": [ 2, 5 ] } ]
    }
  },
  {
    "type": "terrain",
    "id": "t_wax",
    "name": "wax wall",
    "description": "A wall made entirely out of wax.",
    "symbol": "#",
    "color": "yellow",
    "move_cost": 0,
    "coverage": 100,
    "roof": "t_floor_wax",
    "connect_groups": "WALL",
    "connects_to": "WALL",
    "flags": [ "FLAMMABLE_ASH", "NOITEM", "SUPPORTS_ROOF", "PLACE_ITEM", "WALL", "NO_SCENT" ],
    "bash": {
      "str_min": 12,
      "str_max": 150,
      "sound": "crunch!",
      "sound_fail": "whump!",
      "ter_set": "t_floor_wax",
      "items": [ { "item": "wax", "count": [ 3, 5 ] } ]
    }
  },
  {
    "type": "terrain",
    "id": "t_soil",
    "copy-from": "t_abstract_wall_earthen",
    "name": "solid earth",
    "description": "A wall of solid earth.",
    "delete": { "flags": [ "AUTO_WALL_SYMBOL" ] },
    "roof": "t_dirt",
    "bash": {
      "str_min": 100,
      "str_max": 400,
      "sound": "wham!",
      "sound_fail": "whump!",
      "ter_set": "t_dirt",
      "ter_set_bashed_from_above": "t_dirt",
      "items": [ { "group": "digging_soil_loam_50L", "count": 20 } ]
    }
  },
  {
    "type": "terrain",
    "id": "t_rock",
    "copy-from": "t_abstract_wall_earthen",
    "name": "solid rock",
    "description": "A wall of solid rock, could be full of all kinds of interesting things.  Best grab your pickaxe or equivalent digging implement, and strike the earth!",
    "color": "white",
    "delete": { "flags": [ "AUTO_WALL_SYMBOL" ] },
    "roof": "t_rock_floor_no_roof",
    "bash": {
      "str_min": 100,
      "str_max": 400,
      "sound": "crash!",
      "sound_fail": "whump!",
      "ter_set": "t_rock_floor",
      "ter_set_bashed_from_above": "t_rock_floor_no_roof",
      "items": [ { "group": "mining_rock", "count": 1 } ]
    }
  },
  {
    "type": "terrain",
    "id": "t_rock_red",
    "name": "red stone",
    "looks_like": "t_rock",
    "description": "A wall of red stone.",
    "symbol": "#",
    "color": "red",
    "move_cost": 0,
    "coverage": 100,
    "flags": [ "MINEABLE" ],
    "bash": {
      "str_min": 100,
      "str_max": 400,
      "sound": "crash!",
      "sound_fail": "whump!",
      "ter_set": "t_rock_floor",
      "items": [ { "item": "rock", "count": [ 17, 37 ] }, { "item": "rock_large", "count": [ 1, 3 ] } ]
    }
  },
  {
    "type": "terrain",
    "id": "t_rock_green",
    "name": "green stone",
    "looks_like": "t_rock",
    "description": "A wall of green stone.",
    "symbol": "#",
    "color": "green",
    "move_cost": 0,
    "coverage": 100,
    "flags": [ "MINEABLE" ],
    "bash": {
      "str_min": 100,
      "str_max": 400,
      "sound": "crash!",
      "sound_fail": "whump!",
      "ter_set": "t_rock_floor",
      "items": [ { "item": "rock", "count": [ 17, 37 ] }, { "item": "rock_large", "count": [ 1, 3 ] } ]
    }
  },
  {
    "type": "terrain",
    "id": "t_rock_blue",
    "name": "blue stone",
    "looks_like": "t_rock",
    "description": "A wall of blue stone.",
    "symbol": "#",
    "color": "blue",
    "move_cost": 0,
    "coverage": 100,
    "flags": [ "MINEABLE" ],
    "bash": {
      "str_min": 100,
      "str_max": 400,
      "sound": "crash!",
      "sound_fail": "whump!",
      "ter_set": "t_rock_floor",
      "items": [ { "item": "rock", "count": [ 17, 37 ] }, { "item": "rock_large", "count": [ 1, 3 ] } ]
    }
  },
  {
    "type": "terrain",
    "id": "t_little_column",
    "copy-from": "t_abstract_column",
    "name": "little column",
    "looks_like": "t_column",
    "description": "A small support column.",
    "extend": { "flags": [ "TRANSPARENT" ] },
    "delete": { "flags": [ "MINEABLE" ] },
    "bash": {
      "str_min": 40,
      "str_max": 200,
      "sound": "crash!",
      "sound_fail": "whump!",
      "ter_set": "t_null",
      "items": [ { "item": "rock", "count": [ 1, 3 ] }, { "item": "rebar", "count": [ 0, 2 ] } ]
    }
  },
  {
    "type": "terrain",
    "id": "t_column_halfway",
    "name": "half-built column",
    "looks_like": "t_column",
    "description": "An empty wooden frame in the shape of a column, built around a concrete and rebar foundation.  It isn't capable of supporting roofs or shelter, and needs more resources before it could be considered complete.",
    "symbol": "*",
    "color": "light_gray",
    "move_cost": 5,
    "flags": [ "TRANSPARENT", "NOITEM", "MOUNTABLE", "PERMEABLE", "MINEABLE" ],
    "connect_groups": "WALL",
    "connects_to": "WALL",
    "bash": {
      "str_min": 60,
      "str_max": 460,
      "sound": "crash!",
      "sound_fail": "whump!",
      "ter_set": "t_reb_cage",
      "items": [ { "item": "rock", "count": [ 5, 11 ] } ]
    }
  },
  {
    "type": "terrain",
    "id": "t_column",
    "copy-from": "t_abstract_column",
    "name": "column",
    "looks_like": "t_rock_wall",
    "description": "A concrete column.",
    "bash": {
      "str_min": 120,
      "str_max": 200,
      "sound": "crash!",
      "sound_fail": "whump!",
      "ter_set": "t_reb_cage",
      "items": [ { "item": "rock", "count": [ 10, 22 ] } ]
    }
  },
  {
    "type": "terrain",
    "id": "t_bollard",
    "name": "bollard",
    "looks_like": "t_fence_post",
    "description": "A set of concrete and steel bollards sticking out of the ground, designed to protect areas against vehicle ram attacks.  It requires a few more steps for you to walk between the bollards.",
    "symbol": "1",
    "color": "light_gray",
    "move_cost": 6,
    "coverage": 20,
    "connect_groups": "WALL",
    "connects_to": "WALL",
    "flags": [ "TRANSPARENT", "WALL", "SHORT", "PERMEABLE", "THIN_OBSTACLE" ],
    "bash": {
      "str_min": 350,
      "str_max": 650,
      "sound": "crash!",
      "sound_fail": "whump!",
      "ter_set": "t_sidewalk",
      "items": [ { "item": "rock", "count": [ 6, 13 ] }, { "item": "steel_chunk", "count": [ 1, 3 ] } ]
    }
  },
  {
    "type": "terrain",
    "id": "t_support_l",
    "name": "large metal support",
    "looks_like": "t_wall_metal",
    "description": "A heavy-duty metal support beam.",
    "symbol": "T",
    "color": "light_gray",
    "move_cost": 0,
    "coverage": 80,
    "roof": "t_metal_flat_roof",
    "connect_groups": "WALL",
    "connects_to": "WALL",
    "flags": [ "NOITEM", "WALL", "REDUCE_SCENT", "SUPPORTS_ROOF", "MINEABLE" ],
    "bash": {
      "str_min": 40,
      "str_max": 200,
      "sound": "metal screeching!",
      "sound_fail": "whump!",
      "ter_set": "t_concrete",
      "items": [
        { "item": "steel_lump", "count": [ 0, 2 ] },
        { "item": "steel_chunk", "count": [ 2, 6 ] },
        { "item": "scrap", "count": [ 5, 18 ] }
      ]
    },
    "deconstruct": {
      "ter_set": "t_concrete",
      "items": [
        { "item": "frame", "count": [ 6, 8 ] },
        { "item": "steel_lump", "count": [ 1, 2 ] },
        { "item": "steel_chunk", "count": [ 1, 6 ] },
        { "item": "scrap", "count": [ 4, 8 ] }
      ]
    }
  },
  {
    "type": "terrain",
    "id": "t_support_s",
    "name": "small metal support",
    "looks_like": "t_support_l",
    "description": "A metal support beam.",
    "symbol": "l",
    "color": "light_gray",
    "move_cost": 0,
    "coverage": 55,
    "roof": "t_metal_flat_roof",
    "connect_groups": "WALL",
    "connects_to": "WALL",
    "flags": [ "NOITEM", "WALL", "PERMEABLE", "SUPPORTS_ROOF", "MINEABLE" ],
    "bash": {
      "str_min": 20,
      "str_max": 120,
      "sound": "metal screeching!",
      "sound_fail": "whump!",
      "ter_set": "t_concrete",
      "items": [
        { "item": "steel_lump", "prob": 50 },
        { "item": "steel_chunk", "count": [ 1, 3 ] },
        { "item": "scrap", "count": [ 2, 9 ] }
      ]
    },
    "deconstruct": {
      "ter_set": "t_concrete",
      "items": [
        { "item": "pipe", "count": [ 4, 6 ] },
        { "item": "steel_lump", "count": [ 1, 2 ] },
        { "item": "steel_chunk", "count": [ 1, 6 ] },
        { "item": "scrap", "count": [ 2, 4 ] }
      ]
    }
  },
  {
    "type": "terrain",
    "id": "t_drystone_wall",
    "copy-from": "t_abstract_wall_stone",
    "name": "field stone wall",
    "looks_like": "t_rock_wall",
    "description": "A sturdy, dry stone wall.  Just rocks fitted together without mortar.",
    "bash": {
      "str_min": 50,
      "str_max": 200,
      "sound": "crash!",
      "sound_fail": "whump!",
      "ter_set": "t_null",
      "items": [ { "item": "field_stone", "count": [ 900, 980 ] }, { "item": "pebble", "count": [ 200, 380 ] } ]
    }
  },
  {
    "type": "terrain",
    "id": "t_drystone_wall_half",
    "looks_like": "t_rock_wall_half",
    "name": "field stone half-wall",
    "description": "A sturdy, half-height, dry stone wall.  Just rocks fitted together without mortar.",
    "symbol": "#",
    "color": "light_gray",
    "move_cost": 0,
    "coverage": 60,
    "examine_action": "chainfence",
    "flags": [ "TRANSPARENT", "NOITEM", "REDUCE_SCENT", "MOUNTABLE", "MINEABLE", "THIN_OBSTACLE", "CLIMBABLE", "BURROWABLE" ],
    "connect_groups": "WALL",
    "connects_to": "WALL",
    "bash": {
      "str_min": 30,
      "str_max": 120,
      "sound": "crash!",
      "sound_fail": "whump!",
      "ter_set": "t_null",
      "items": [ { "item": "rock", "count": [ 400, 480 ] }, { "item": "pebble", "count": [ 50, 120 ] } ]
    }
  },
  {
    "type": "terrain",
    "id": "t_pillar",
    "copy-from": "t_column",
    "name": "pillar",
    "description": "A concrete column that helps keep the mine's ceiling and walls from collapsing."
  }
]
