[
  {
    "type": "terrain",
    "id": "t_marloss",
    "name": "Marloss bush",
    "description": "This alien plant superficially resembles a blueberry bush, and hangs with large, juicy pink pomes that emit a heady, fruity aroma.",
    "symbol": "#",
    "color": "pink",
    "move_cost": 8,
    "coverage": 40,
    "flags": [ "TRANSPARENT", "FLAMMABLE_ASH", "FUNGUS", "SHRUB", "SHORT", "GRAZER_INEDIBLE" ],
    "examine_action": "shrub_marloss",
    "bash": { "str_min": 4, "str_max": 60, "sound": "crunch.", "sound_fail": "poof!", "ter_set": "t_fungus" }
  },
  {
    "type": "terrain",
    "id": "t_fungus",
    "name": "fungal bed",
    "description": "Fungus grows thick here, obscuring the ground beneath it.",
    "symbol": ".",
    "color": "light_gray",
    "move_cost": 3,
    "flags": [ "TRANSPARENT", "FLAMMABLE_ASH", "DIGGABLE", "FUNGUS", "NOCOLLIDE" ],
    "bash": {
      "sound": "smash",
      "//": "muffled because fungus",
      "ter_set": "t_null",
      "str_min": 20,
      "str_max": 400,
      "str_min_supported": 50
    }
  },
  {
    "type": "terrain",
    "id": "t_fungus_floor_in",
    "name": "fungal floor",
    "description": "Grayish mold coats both the floor and the roof here, silent and still.  Stray spores waft through the air.",
    "//": "roofed",
    "symbol": ".",
    "color": "light_gray",
    "move_cost": 2,
    "connect_groups": "INDOORFLOOR",
    "flags": [ "TRANSPARENT", "FLAMMABLE_ASH", "SUPPORTS_ROOF", "COLLAPSES", "INDOORS", "FLAT", "FUNGUS" ],
    "bash": { "sound": "smash", "ter_set": "t_null", "str_min": 20, "str_max": 400, "str_min_supported": 50 }
  },
  {
    "type": "terrain",
    "id": "t_fungus_floor_sup",
    "name": "fungal floor",
    "description": "Grayish mold coats the floor here, silent and still.",
    "//": "supports",
    "symbol": ".",
    "color": "light_gray",
    "move_cost": 2,
    "flags": [ "TRANSPARENT", "FLAMMABLE_ASH", "SUPPORTS_ROOF", "FLAT", "FUNGUS" ],
    "bash": { "sound": "smash", "ter_set": "t_null", "str_min": 20, "str_max": 400, "str_min_supported": 50 }
  },
  {
    "type": "terrain",
    "id": "t_fungus_floor_out",
    "name": "fungal floor",
    "description": "Grayish mold coats the ground here, silent and still.",
    "//": "outside",
    "symbol": ".",
    "color": "light_gray",
    "move_cost": 2,
    "flags": [ "TRANSPARENT", "FLAMMABLE_ASH", "FLAT", "FUNGUS" ],
    "bash": { "sound": "SMASH!", "ter_set": "t_null", "str_min": 20, "str_max": 400, "str_min_supported": 50 }
  },
  {
    "type": "terrain",
    "id": "t_fungus_wall",
    "name": "fungal wall",
    "description": "Several thick, large tendrils of fungus perforate the wall here, piercing straight through it from the outside.  Despite the apparent damage, the wall is still structurally sound.",
    "symbol": "O",
    "color": "dark_gray",
    "move_cost": 0,
    "coverage": 100,
    "connect_groups": "WALL",
    "connects_to": "WALL",
    "flags": [ "FLAMMABLE_ASH", "NOITEM", "SUPPORTS_ROOF", "FUNGUS", "WALL", "REDUCE_SCENT", "MINEABLE" ],
    "bash": { "str_min": 30, "str_max": 180, "sound": "crunch!", "sound_fail": "poof!", "ter_set": "t_fungus" }
  },
  {
    "type": "terrain",
    "id": "t_fungus_wall_transformed",
    "name": "fungal wall",
    "description": "The fungus here has grown thickly and tightly enough to form a solid wall.  It feels very stiff to the touch, and seems to be very strong.",
    "symbol": "#",
    "color": "dark_gray",
    "move_cost": 0,
    "coverage": 100,
    "connect_groups": "WALL",
    "connects_to": "WALL",
    "flags": [ "FLAMMABLE_ASH", "NOITEM", "SUPPORTS_ROOF", "FUNGUS", "WALL", "NO_SCENT", "AUTO_WALL_SYMBOL", "MINEABLE" ],
    "bash": { "str_min": 30, "str_max": 180, "sound": "crunch!", "sound_fail": "poof!", "ter_set": "t_fungus" }
  },
  {
    "type": "terrain",
    "id": "t_fungus_mound",
    "name": "fungal mound",
    "description": "A mound of fungal matter, intertwined in itself.",
    "symbol": "#",
    "color": "light_gray",
    "move_cost": 4,
    "flags": [ "TRANSPARENT", "THIN_OBSTACLE", "FLAMMABLE_ASH", "FUNGUS", "MOUNTABLE" ],
    "bash": { "str_min": 10, "str_max": 70, "sound": "crunch!", "sound_fail": "poof!", "ter_set": "t_fungus" }
  },
  {
    "type": "terrain",
    "id": "t_shrub_fungal",
    "name": "fungal shrub",
    "description": "This shrub has been completely absorbed by the mushrooms.  Its branches droop and have lost much of their structure, and its leaves have vanished, replaced by fleshy gray sacks that visibly expand and contract.",
    "symbol": "#",
    "color": "dark_gray",
    "move_cost": 8,
    "coverage": 40,
    "flags": [
      "TRANSPARENT",
      "CONTAINER",
      "FLAMMABLE_ASH",
      "THIN_OBSTACLE",
      "PLACE_ITEM",
      "SHRUB",
      "FUNGUS",
      "SHORT",
      "GRAZER_INEDIBLE"
    ],
    "bash": { "str_min": 4, "str_max": 60, "sound": "crunch.", "sound_fail": "poof!", "ter_set": "t_fungus" }
  },
  {
    "type": "terrain",
    "id": "t_tree_fungal",
    "name": "fungal tree",
    "description": "Once tall and majestic, this tree is now a slave to the fungus like the landscape around it.  Its bark is penetrated by and covered with fungal tendrils, and the canopy has rotted away, leaving only the branches, stretching forlornly to the sky as if to escape the infection overrunning it.",
    "symbol": "7",
    "color": "dark_gray",
    "move_cost": 0,
    "coverage": 80,
    "flags": [ "FLAMMABLE_ASH", "NOITEM", "FUNGUS", "TREE", "REDUCE_SCENT" ],
    "bash": { "str_min": 40, "str_max": 180, "sound": "crunch!", "sound_fail": "poof!", "ter_set": "t_fungus" }
  },
  {
    "type": "terrain",
    "id": "t_tree_fungal_young",
    "name": "young fungal tree",
    "description": "A small sapling poking through the ground, infested by fungal mold.",
    "symbol": "1",
    "color": "dark_gray",
    "move_cost": 4,
    "flags": [ "TRANSPARENT", "FLAMMABLE_ASH", "NOITEM", "FUNGUS", "YOUNG", "REDUCE_SCENT" ],
    "bash": { "str_min": 4, "str_max": 50, "sound": "crunch!", "sound_fail": "poof!", "ter_set": "t_fungus" }
  },
  {
    "type": "terrain",
    "id": "t_marloss_tree",
    "name": "Marloss tree",
    "description": "This tree stands as a stark outlier to the landscape around it.  Despite its infestation, its leaves wave proudly in the wind, colored pinkish-white.  Its branches are heavy with pink fruit that looks both mutated and delicious.",
    "symbol": "7",
    "color": "pink",
    "move_cost": 0,
    "coverage": 80,
    "flags": [ "FLAMMABLE_ASH", "NOITEM", "FUNGUS", "TREE", "REDUCE_SCENT" ],
    "examine_action": "tree_marloss",
    "bash": { "str_min": 40, "str_max": 180, "sound": "crunch!", "sound_fail": "poof!", "ter_set": "t_fungus" }
  }
]
