[
  {
    "type": "terrain",
    "id": "t_nm_floor_bone",
    "name": "bone floor",
    "description": "An impossibly hard, impregnable bone structure covers the internals of the beast.",
    "symbol": ".",
    "color": "magenta_white",
    "move_cost": 1,
    "connect_groups": "INDOORFLOOR",
    "flags": [ "TRANSPARENT", "SUPPORTS_ROOF", "INDOORS", "FLAT" ]
  },
  {
    "type": "terrain",
    "id": "t_nm_wall_bone",
    "name": "bone wall",
    "description": "An amazingly durable, impregnable wall of bone stands before you, forming the outer shell of the eldritch monster.",
    "symbol": "#",
    "color": "magenta_white",
    "move_cost": 0,
    "coverage": 100,
    "looks_like": "t_concrete_wall",
    "roof": "t_nm_floor_bone",
    "connect_groups": "WALL",
    "connects_to": "WALL",
    "flags": [ "NOITEM", "SUPPORTS_ROOF", "WALL", "NO_SCENT", "AUTO_WALL_SYMBOL", "BLOCK_WIND" ]
  },
  {
    "type": "terrain",
    "id": "t_nm_wall_teeth",
    "name": "monster teeth",
    "//": "TODO: perhaps make player unable to bash these",
    "description": "A fractal array of uncountable, bristling teeth that seem impossibly sharp, even at a conceptual level.  An iridescent haze surrounds it, as if light itself cannot help but be separated in their presence.  You surmise you could extract some for your own use, if you had an appropriate tool to remove them from the wall they're imbedded in.",
    "symbol": "^",
    "color": "white",
    "move_cost": 0,
    "coverage": 100,
    "looks_like": "t_concrete_wall",
    "roof": "t_nm_floor_bone",
    "connect_groups": "WALL",
    "connects_to": "WALL",
    "flags": [ "NOITEM", "SUPPORTS_ROOF", "WALL", "NO_SCENT", "AUTO_WALL_SYMBOL", "BLOCK_WIND" ]
  },
  {
    "type": "terrain",
    "id": "t_nm_floor_flesh",
    "name": "flesh floor",
    "description": "Walking over the innards of this monstrous beast, you can still feel movement underneath your feet.",
    "symbol": ".",
    "color": "magenta_white",
    "move_cost": 1,
    "connect_groups": "INDOORFLOOR",
    "flags": [ "TRANSPARENT", "SUPPORTS_ROOF", "COLLAPSES", "INDOORS", "FLAT" ],
    "looks_like": "t_thconc_floor_flesh"
  },
  {
    "type": "terrain",
    "id": "t_nm_wall_flesh",
    "name": "flesh wall",
    "description": "Warm to the touch, the tainted flesh of this monstrous being still twitches.",
    "symbol": "#",
    "color": "magenta_red",
    "move_cost": 0,
    "coverage": 100,
    "roof": "t_nm_floor_flesh",
    "connect_groups": "WALL",
    "connects_to": "WALL",
    "flags": [ "NOITEM", "SUPPORTS_ROOF", "WALL", "NO_SCENT", "AUTO_WALL_SYMBOL", "MINEABLE", "BLOCK_WIND" ],
    "looks_like": "t_concrete_wall_flesh",
    "bash": {
      "str_min": 20,
      "str_max": 30,
      "sound": "crash!",
      "sound_fail": "whump!",
      "ter_set": "t_nm_floor_flesh",
      "items": [ { "item": "meat_tainted", "count": [ 2, 10 ] } ]
    }
  },
  {
    "type": "terrain",
    "id": "t_nm_wall_cartilage",
    "name": "flesh wall",
    "description": "A thick wall of fleshy cartilage.  With the proper tools, you could smash right through it.",
    "symbol": "#",
    "color": "magenta",
    "move_cost": 0,
    "coverage": 100,
    "roof": "t_nm_floor_flesh",
    "connect_groups": "WALL",
    "connects_to": "WALL",
    "flags": [ "NOITEM", "SUPPORTS_ROOF", "WALL", "NO_SCENT", "AUTO_WALL_SYMBOL", "MINEABLE", "BLOCK_WIND" ],
    "looks_like": "t_nm_wall_flesh",
    "bash": { "str_min": 15, "str_max": 25, "sound": "crash!", "sound_fail": "whump!", "ter_set": "t_nm_floor_flesh" }
  },
  {
    "type": "terrain",
    "id": "t_nm_wall_flesh_pupating",
    "name": "flesh wall",
    "//": " is spawning monsters on bashing/destruction of terrain possible? ",
    "description": "This section of flesh seems hollowed out.  You can see silky, translucent larvae wriggling inside, consuming flesh at a prodigious pace.",
    "symbol": "#",
    "color": "yellow_red",
    "move_cost": 0,
    "coverage": 100,
    "roof": "t_nm_floor_flesh",
    "connect_groups": "WALL",
    "connects_to": "WALL",
    "flags": [ "NOITEM", "SUPPORTS_ROOF", "WALL", "NO_SCENT", "AUTO_WALL_SYMBOL", "MINEABLE", "BLOCK_WIND" ],
    "looks_like": "t_concrete_wall_flesh",
    "bash": {
      "str_min": 5,
      "str_max": 15,
      "sound": "splorch!",
      "sound_fail": "splorch!",
      "ter_set": "t_nm_floor_flesh",
      "items": [ { "item": "meat_tainted", "count": [ 2, 10 ] } ]
    }
  },
  {
    "type": "terrain",
    "id": "t_nm_ichor_sh",
    "name": "monster hemolymph",
    "description": "A shallow stream of glowing yellow ichor streaks through the beast.  Peering into it, you can see dark shadows moving under the surface.",
    "symbol": "~",
    "color": "yellow",
    "looks_like": "t_water_sh",
    "light_emitted": 15,
    "move_cost": 8,
    "flags": [ "TRANSPARENT", "LIQUID", "NO_SCENT", "SWIMMABLE", "SHALLOW_WATER" ]
  },
  {
    "type": "terrain",
    "id": "t_nm_cartilage",
    "name": "cartilage",
    "description": "A thin, transparent cartilage webbing.",
    "symbol": "#",
    "color": "white",
    "move_cost": 0,
    "roof": "t_nm_floor_flesh",
    "connect_groups": "INDOORFLOOR",
    "flags": [ "TRANSPARENT", "SUPPORTS_ROOF", "COLLAPSES", "INDOORS", "FLAT", "BLOCK_WIND", "NOITEM" ],
    "looks_like": "fd_web",
    "bash": { "sound": "Riiiiip!", "ter_set": "t_nm_floor_flesh", "str_min": 5, "str_max": 10 }
  },
  {
    "type": "terrain",
    "id": "t_nm_brain",
    "name": "nether brain",
    "description": "An oozing pile of wrinkled, decomposing flesh.",
    "symbol": "#",
    "color": "magenta_red",
    "move_cost": 0,
    "coverage": 100,
    "roof": "t_nm_floor_flesh",
    "connect_groups": "WALL",
    "connects_to": "WALL",
    "flags": [ "NOITEM", "SUPPORTS_ROOF", "WALL", "NO_SCENT", "MINEABLE", "BLOCK_WIND" ],
    "looks_like": "t_concrete_wall_flesh",
    "bash": {
      "str_min": 10,
      "str_max": 20,
      "sound": "crash!",
      "sound_fail": "whump!",
      "ter_set": "t_nm_floor_flesh",
      "items": [ { "item": "meat_tainted", "count": [ 2, 10 ] } ]
    }
  }
]
