[
  {
    "type": "item_group",
    "id": "milspec_arsenal_308_mg_gun&mags&cans",
    "subtype": "collection",
    "items": [
      { "group": "milspec_arsenal_308_mg_gun&ammo" },
      {
        "distribution": [
          { "item": "ammo_can_30_308_1tracer4ap_200", "count": [ 1, 4 ] },
          { "item": "ammo_can_30_308_4fmj1tracer_200", "count": [ 1, 4 ] },
          { "item": "ammo_can_50_308_600", "count": [ 1, 4 ] },
          { "item": "ammo_can_fat_50_308_1tracer4ap_600", "count": [ 1, 4 ] }
        ]
      }
    ]
  },
  {
    "type": "item_group",
    "id": "milspec_arsenal_308_mg_gun&ammo",
    "subtype": "collection",
    "items": [
      { "group": "milspec_arsenal_308_mg_gun&mags" },
      { "group": "ammo_can_308_mg_any_full", "prob": 30 },
      { "group": "ammo_can_308_mg_any_full", "prob": 80, "count": [ 0, 1 ] },
      { "group": "ammo_can_308_mg_any_part", "count": [ 1, 2 ] },
      { "group": "ammo_can_308_mg_any_part", "count": [ 1, 2 ], "prob": 50 }
    ]
  },
  {
    "type": "item_group",
    "id": "milspec_arsenal_308_mg_gun&mags",
    "subtype": "collection",
    "items": [
      { "item": "m240", "count": 1 },
      { "item": "m240", "count": 1, "prob": 40 },
      { "item": "m240", "count": 1, "prob": 10 }
    ]
  }
]
