[
  {
    "type": "item_group",
    "id": "milspec_arsenal_40x46_gun&mags&cans",
    "subtype": "collection",
    "items": [ { "group": "milspec_arsenal_40x46_gun&ammo" }, { "item": "ammunition_crate_40x46_72", "count": [ 1, 3 ] } ]
  },
  {
    "type": "item_group",
    "id": "milspec_arsenal_40x46_gun&ammo",
    "subtype": "collection",
    "items": [
      { "group": "milspec_arsenal_40x46_gun&mags" },
      { "group": "ammo_can_40x46mm_m433_full", "prob": 30 },
      { "group": "ammo_can_40x46mm_m433_part", "prob": 80, "count": [ 1, 2 ] }
    ]
  },
  {
    "type": "item_group",
    "id": "milspec_arsenal_40x46_gun&mags",
    "subtype": "collection",
    "items": [
      { "group": "milspec_arsenal_40x46", "count": [ 1, 2 ] },
      { "group": "milspec_arsenal_40x46", "count": [ 1, 2 ], "prob": 40 },
      { "group": "milspec_arsenal_40x46", "count": [ 1, 2 ], "prob": 10 }
    ]
  },
  {
    "type": "item_group",
    "id": "milspec_arsenal_40x46",
    "items": [ { "item": "m320", "prob": 100 }, { "item": "m79", "prob": 50 }, { "item": "mgl", "prob": 5 } ]
  }
]
