[
  {
    "type": "item_group",
    "id": "arsenal_mics_group",
    "items": [
      { "group": "arsenal_mics_carrying", "prob": 80, "count": [ 1, 4 ] },
      { "group": "arsenal_mics_rare", "prob": 10 },
      { "group": "arsenal_mics_mods", "prob": 25, "count": [ 1, 2 ] },
      { "group": "full_ifak", "prob": 80, "count": [ 1, 2 ] },
      { "group": "arsenal_mics_tools", "count": [ 1, 4 ] },
      { "item": "large_repairkit", "prob": 2 },
      { "item": "small_repairkit", "prob": 1 }
    ]
  },
  {
    "type": "item_group",
    "id": "arsenal_mics_tools",
    "items": [
      { "item": "pipe_cleaner" },
      { "item": "binoculars" },
      { "item": "two_way_radio", "count": 2 },
      { "item": "flashlight" },
      { "item": "light_battery_cell", "count": [ 1, 3 ] },
      { "item": "mask_gas" },
      { "item": "gasfilter_med", "count": [ 1, 3 ] }
    ]
  },
  {
    "type": "item_group",
    "id": "arsenal_mics_carrying",
    "//": "decided to left this groups here, so it would be easier to improve this part in the future",
    "items": [ { "group": "molle_backpacks_and_accessories" }, { "group": "loaded_lbv" } ]
  },
  {
    "type": "item_group",
    "id": "arsenal_mics_rare",
    "items": [ { "item": "goggles_nv" }, { "item": "goggles_ir" } ]
  },
  {
    "type": "item_group",
    "id": "arsenal_mics_mods",
    "container-item": "ammunition_can_30",
    "subtype": "collection",
    "on_overflow": "spill",
    "items": [ { "item": "bubblewrap", "count": 2 }, { "group": "gunmod_collection", "count": 2 } ]
  },
  {
    "type": "item_group",
    "id": "gunmod_collection",
    "items": [ { "group": "gunmod_rare" }, { "group": "gunmod_milspec" } ]
  },
  {
    "type": "item_group",
    "id": "milspec_guns&ammo_or_leftovers",
    "subtype": "collection",
    "items": [
      { "group": "milspec_arsenal_group_guns&mags&cans", "prob": 20 },
      { "group": "arsenal_empty_cans", "prob": 100 },
      { "group": "arsenal_leftovers", "prob": 30 }
    ]
  },
  {
    "type": "item_group",
    "id": "arsenal_empty_cans",
    "items": [
      { "item": "ammunition_can_30", "count": [ 2, 5 ] },
      { "item": "ammunition_can_50", "count": [ 1, 4 ] },
      { "item": "ammunition_can_fat_50", "count": [ 1, 4 ] }
    ]
  },
  {
    "type": "item_group",
    "id": "arsenal_leftovers",
    "//": "represent small amount of stuff that were left in locker while active using.",
    "subtype": "collection",
    "items": [
      { "item": "bubblewrap", "count": [ 0, 2 ], "prob": 80 },
      { "group": "arsenal_mics_tools", "count": [ 0, 2 ], "prob": 80 },
      { "group": "arsenal_mics_group", "count": [ 0, 1 ], "prob": 50 },
      { "group": "arsenal_armor+plates", "count": [ 0, 1 ], "prob": 20 }
    ]
  }
]
