[
  {
    "id": "AE_NULL",
    "type": "ammo_effect",
    "aoe": {
      "field_type": "fd_null",
      "intensity_min": 0,
      "intensity_max": 0,
      "radius": 0,
      "radius_z": 0,
      "chance": 100,
      "size": 0,
      "check_passable": false,
      "check_sees": false,
      "check_sees_radius": 0
    },
    "explosion": {
      "power": 0,
      "distance_factor": 0.8,
      "fire": false,
      "shrapnel": { "casing_mass": 0, "fragment_mass": 0.0025, "recovery": 0, "drop": "null" }
    },
    "do_flashbang": false,
    "do_emp_blast": false
  },
  {
    "id": "NO_PENETRATE_OBSTACLES",
    "type": "ammo_effect",
    "//": "Prevents a projectile from going through a tile with obstacles, such as chainlink fences or dressers. Hardcoded"
  },
  {
    "id": "BEANBAG",
    "type": "ammo_effect",
    "//": "Stuns the target. Hardcoded"
  },
  {
    "id": "LARGE_BEANBAG",
    "type": "ammo_effect",
    "//": "Heavily stuns the target. Hardcoded"
  },
  {
    "id": "DRAW_AS_LINE",
    "type": "ammo_effect",
    "//": "Doesn't go through regular bullet animation; instead draws a line and the bullet on its end for one frame. Hardcoded"
  },
  {
    "id": "APPLY_SAP",
    "type": "ammo_effect",
    "//": "Applies sap-coated effect on hit, used with special hardcoded monster attack. Hardcoded"
  },
  {
    "id": "BLINDS_EYES",
    "type": "ammo_effect",
    "//": "Blinds the target if it hits the head. Hardcoded"
  },
  {
    "id": "BOUNCE",
    "type": "ammo_effect",
    "//": "Inflicts target with `bounced` effect and rebounds to a nearby target without this effect. Hardcoded"
  },
  {
    "id": "BURST",
    "type": "ammo_effect",
    "//": "Ammo effect, applied to thrown projectile, when it has 'burst_when_filled' defined, which makes it spills the contents on hit. Hardcoded, and probably can't be used as actual ammo effect"
  },
  {
    "id": "SPECIAL_COOKOFF",
    "type": "ammo_effect",
    "//": "Ammo item explodes when lit on fire with it's ammo_effect. Strength of the explosion do not scale to the amount of ammo. If both COOKOFF and SPECIAL_COOKOFF is used, only SPECIAL_ effect would be used. Hardcoded"
  },
  {
    "id": "COOKOFF",
    "type": "ammo_effect",
    "//": "Ammo item create an explosion when lit on fire. Strength of the explosion scale to the amount of ammo. Hardcoded"
  },
  {
    "id": "BLACKPOWDER",
    "type": "ammo_effect",
    "//": "This ammo may clog up the gun with blackpowder fouling, which will also cause rust. Hardcoded"
  },
  {
    "id": "HEAVY_HIT",
    "type": "ammo_effect",
    "//": "Automatically applied to any projectile, heavier than 500g, to increase it's noise (currently used only when projectile fall into water). Hardcoded"
  },
  {
    "id": "INCENDIARY",
    "type": "ammo_effect",
    "//": "Creature, that got hit with this projectile, would be ignited for a short duration, up to 4 seconds, (6 if creature is made out of flammable material or made out of veggy). Hardcoded in projectile::apply_effects_damage",
    "//2": "10% chance to start fires on flammable (has flag FLAMMABLE_ASH) furniture/terrain **with defined shoot data**, hardcoded in map::shoot"
  },
  {
    "id": "IGNITE",
    "type": "ammo_effect",
    "//": "Same as INCENDIARY, creature that got hit with this projectile, would be ignited for a short duration, up to 6 seconds, (10 if creature is made out of flammable material or made out of veggy). Hardcoded",
    "//2": "Guaranteed to start fires on flammable (has flag FLAMMABLE_ASH) furniture/terrain **with defined shoot data**, hardcoded in map::shoot"
  },
  {
    "id": "JET",
    "type": "ammo_effect",
    "//": "For curses build, draws a `*` symbol as a flying projectile (unlike usual `#` symbol). Hardcoded"
  },
  {
    "id": "MATCHHEAD",
    "type": "ammo_effect",
    "//": "Bullet has a chance of damaging the gun from overpressure regardless of fouling level, used in rounds, reloaded with matches. Hardcoded"
  },
  {
    "id": "MAGIC",
    "type": "ammo_effect",
    "//": "Always best possible hit, no damage multipliers. Hardcoded"
  },
  {
    "id": "MUZZLE_SMOKE",
    "type": "ammo_effect",
    "//": "Generate a small cloud of smoke at the source. Hardcoded"
  },
  {
    "id": "NEVER_MISFIRES",
    "type": "ammo_effect",
    "//": "Firing ammo without this flag may trigger a misfiring, this is independent of the weapon flags. Hardcoded"
  },
  {
    "id": "NO_DAMAGE_SCALING",
    "type": "ammo_effect",
    "//": "Always set 100% damage due to hit in the weakpoint. Hardcoded"
  },
  {
    "id": "NO_EMBED",
    "type": "ammo_effect",
    "//": "When an item would be spawned from the projectile, it will always be spawned on the ground rather than in a monster's inventory. Implied for active thrown items. Doesn't do anything on projectiles that do not drop items. Hardcoded"
  },
  {
    "id": "NOGIB",
    "type": "ammo_effect",
    "//": "Prevents overkill damage on the target (target won't explode into gibs, same as monster's flag `NOGIB`). Hardcoded"
  },
  {
    "id": "NO_ITEM_DAMAGE",
    "type": "ammo_effect",
    "//": "Will not damage items on the map even when it otherwise would try to. Hardcoded"
  },
  {
    "id": "NON_FOULING",
    "type": "ammo_effect",
    "//": "This ammo does not cause dirtying or blackpowder fouling on the gun when fired. Hardcoded"
  },
  {
    "id": "NO_OVERSHOOT",
    "type": "ammo_effect",
    "//": "Projectiles with this effect won't fly farther than player's set target tile. Hardcoded"
  },
  {
    "id": "NPC_AVOID",
    "type": "ammo_effect",
    "//": "NPCs won't use guns or gunmods loaded with ammo with this effect. Hardcoded"
  },
  {
    "id": "NULL_SOURCE",
    "type": "ammo_effect",
    "//": "Projectiles with this effect doesn't have a creature who fired them; applied only to explosives' shrapnel. Hardcoded"
  },
  {
    "id": "PARALYZEPOISON",
    "type": "ammo_effect",
    "//": "Applies paralyzing poison effect on damaging hit. Hardcoded"
  },
  {
    "id": "ROBOT_DAZZLE",
    "type": "ammo_effect",
    "//": "Applies sensor-stunning effect to robots.  Only intended to affect ROBOTs not CYBORGs. Hardcoded"
  },
  {
    "id": "RECYCLED",
    "type": "ammo_effect",
    "//": "Causes the gun to misfire sometimes, used in handloaded ammo; this is independent of the weapon flags. Hardcoded"
  },
  {
    "id": "SHATTER_SELF",
    "type": "ammo_effect",
    "//": "Destroys itself and creates shards on hit. Applied to any projectile (usually throwing one), if it has glass as material, and not active. Hardcoded"
  },
  {
    "id": "SHOT",
    "type": "ammo_effect",
    "//": "Multiple smaller pellets; less effective against armor but increases chance to hit and no point-blank penalty. Hardcoded"
  },
  {
    "id": "WIDE",
    "type": "ammo_effect",
    "//": "Prevent HARDTOSHOOT monster flag from having any effect; automatically applied to ammo with `SHOT` flag or which have liquid phase. Hardcoded"
  },
  {
    "id": "FLAME",
    "type": "ammo_effect",
    "//": "Very small explosion that lights fires",
    "aoe": { "field_type": "fd_fire", "intensity_min": 1, "intensity_max": 1, "size": 3 }
  },
  {
    "id": "NAPALM",
    "type": "ammo_effect",
    "//": "Explosion that spreads fire",
    "aoe": { "field_type": "fd_fire", "intensity_min": 1, "intensity_max": 1, "size": 3 },
    "explosion": { "power": 60, "distance_factor": 0.7, "fire": true }
  },
  {
    "id": "PYROPHORIC",
    "type": "ammo_effect",
    "//": "Large explosion that spreads fire of high intensity",
    "aoe": { "field_type": "fd_fire", "intensity_min": 2, "intensity_max": 2, "radius": 3 },
    "explosion": { "power": 360, "distance_factor": 0.8, "fire": true }
  },
  {
    "id": "ACIDBOMB",
    "type": "ammo_effect",
    "//": "Leaves a pool of acid on detonation",
    "aoe": { "field_type": "fd_acid", "intensity_min": 3, "intensity_max": 3 }
  },
  {
    "id": "TOXICGAS",
    "type": "ammo_effect",
    "//": "Creates a cloud of toxic gas on hit",
    "aoe": { "field_type": "fd_toxic_gas", "intensity_min": 3, "intensity_max": 3 }
  },
  {
    "id": "GAS_FUNGICIDAL",
    "type": "ammo_effect",
    "//": "Creates a cloud of fungicidal gas on hit",
    "aoe": { "field_type": "fd_fungicidal_gas", "intensity_min": 3, "intensity_max": 3 }
  },
  {
    "id": "GAS_INSECTICIDAL",
    "type": "ammo_effect",
    "//": "Creates a cloud of insecticidal gas on hit",
    "aoe": { "field_type": "fd_insecticidal_gas", "intensity_min": 3, "intensity_max": 3 }
  },
  {
    "id": "SMOKE",
    "type": "ammo_effect",
    "//": "Generates a cloud of smoke at the target",
    "aoe": { "field_type": "fd_smoke", "intensity_min": 3, "intensity_max": 3 }
  },
  {
    "id": "SMOKE_BIG",
    "type": "ammo_effect",
    "//": "Generates a large cloud of smoke at the target",
    "aoe": { "field_type": "fd_smoke", "intensity_min": 3, "intensity_max": 3, "radius": 6 }
  },
  {
    "id": "FLARE",
    "type": "ammo_effect",
    "//": "Lights the target tile on fire",
    "aoe": { "field_type": "fd_fire", "intensity_min": 1, "intensity_max": 1 }
  },
  {
    "id": "LIGHTNING",
    "type": "ammo_effect",
    "//": "Creates a trail of lightning",
    "aoe": { "field_type": "fd_electricity", "intensity_min": 6, "intensity_max": 10, "chance": 25 }
  },
  {
    "id": "PLASMA",
    "type": "ammo_effect",
    "//": "Creates a trail of superheated plasma",
    "aoe": { "field_type": "fd_plasma", "intensity_min": 2, "intensity_max": 3, "chance": 50 },
    "trail": { "field_type": "fd_plasma", "intensity_min": 1, "intensity_max": 2, "chance": 50 }
  },
  {
    "id": "PLASMA_BUBBLE",
    "type": "ammo_effect",
    "//": "Creates a cloud of superheated plasma",
    "aoe": { "field_type": "fd_plasma", "intensity_min": 1, "intensity_max": 3, "radius": 1, "chance": 10 }
  },
  {
    "id": "EXPLOSIVE",
    "type": "ammo_effect",
    "explosion": { "power": 360 }
  },
  {
    "id": "EXPLOSIVE_SMALL",
    "type": "ammo_effect",
    "explosion": { "power": 360, "distance_factor": 0.4 }
  },
  {
    "id": "EXPLOSIVE_RAUFOSS",
    "type": "ammo_effect",
    "explosion": { "power": 2.4, "shrapnel": { "casing_mass": 28, "fragment_mass": 7 } }
  },
  {
    "id": "FRAG_20x66",
    "type": "ammo_effect",
    "//": "Small explosion that spreads shrapnel",
    "explosion": { "power": 40, "shrapnel": { "casing_mass": 15, "fragment_mass": 0.08 } }
  },
  {
    "id": "EXPLOSIVE_GRENADE",
    "type": "ammo_effect",
    "explosion": { "power": 240, "shrapnel": { "casing_mass": 217, "fragment_mass": 0.08 } }
  },
  {
    "id": "EXPLOSIVE_SMALL_HOMEMADE_GRENADE_1",
    "type": "ammo_effect",
    "//": "",
    "explosion": { "power": 150, "shrapnel": { "casing_mass": 200, "fragment_mass": 0.4 } }
  },
  {
    "id": "EXPLOSIVE_HOMEMADE_GRENADE_1",
    "type": "ammo_effect",
    "explosion": { "power": 300, "shrapnel": { "casing_mass": 400, "fragment_mass": 0.4 } }
  },
  {
    "id": "EXPLOSIVE_SMALL_HOMEMADE_GRENADE_2",
    "type": "ammo_effect",
    "explosion": { "power": 460, "shrapnel": { "casing_mass": 200, "fragment_mass": 0.4 } }
  },
  {
    "id": "EXPLOSIVE_HOMEMADE_GRENADE_2",
    "type": "ammo_effect",
    "explosion": { "power": 920, "shrapnel": { "casing_mass": 400, "fragment_mass": 0.4 } }
  },
  {
    "id": "EXPLOSIVE_20x66",
    "type": "ammo_effect",
    "explosion": { "power": 60 }
  },
  {
    "id": "EXPLOSIVE_EXODII_THERMOBARIC",
    "type": "ammo_effect",
    "explosion": { "power": 66 }
  },
  {
    "id": "EXPLOSIVE_HESHOT",
    "type": "ammo_effect",
    "explosion": { "power": 60 }
  },
  {
    "id": "EXPLOSIVE_m430a1",
    "type": "ammo_effect",
    "explosion": { "power": 72, "shrapnel": { "casing_mass": 250, "fragment_mass": 0.08 } }
  },
  {
    "id": "EXPLOSIVE_m433",
    "type": "ammo_effect",
    "explosion": { "power": 42, "shrapnel": { "casing_mass": 198, "fragment_mass": 0.08 } }
  },
  {
    "id": "EXPLOSIVE_66mmHEAT",
    "type": "ammo_effect",
    "explosion": { "power": 400, "shrapnel": { "casing_mass": 680, "fragment_mass": 0.15 } }
  },
  {
    "id": "EXPLOSIVE_84x246HE",
    "type": "ammo_effect",
    "explosion": { "power": 665, "shrapnel": { "casing_mass": 1500, "fragment_mass": 0.08 } }
  },
  {
    "id": "EXPLOSIVE_84x246HEDP",
    "type": "ammo_effect",
    "explosion": { "power": 798, "shrapnel": { "casing_mass": 1500, "fragment_mass": 0.15 } }
  },
  {
    "id": "EXPLOSIVE_ATGMHEAT",
    "type": "ammo_effect",
    "explosion": { "power": 5985, "shrapnel": { "casing_mass": 18000, "fragment_mass": 0.5 } }
  },
  {
    "id": "EXPLOSIVE_120mmHEAT",
    "type": "ammo_effect",
    "explosion": { "power": 7980, "shrapnel": { "casing_mass": 8725, "fragment_mass": 0.5 } }
  },
  {
    "id": "FLASHBANG",
    "type": "ammo_effect",
    "//": "Blinds and deafens nearby targets",
    "do_flashbang": true
  },
  {
    "id": "EMP",
    "type": "ammo_effect",
    "//": "Damages 'electronic' terrain types (such as consoles or card readers) In rare cases might make card readers open doors. Damages and destroys robotic enemies. Drains bionic power and power from any electronic equipment in player possession",
    "do_emp_blast": true
  },
  {
    "id": "TRAIL",
    "type": "ammo_effect",
    "//": "Creates a trail of smoke",
    "trail": { "field_type": "fd_smoke", "intensity_min": 1, "intensity_max": 2, "chance": 75 }
  },
  {
    "id": "STREAM_TINY",
    "type": "ammo_effect",
    "//": "Sometimes leaves a trail of small fire fields. All of these STREAM_XXXXXX effects have hardcoded interactions in projectile_attack (ballistics.cpp)",
    "trail": { "field_type": "fd_fire", "intensity_min": 1, "intensity_max": 1, "chance": 10 }
  },
  {
    "id": "STREAM",
    "type": "ammo_effect",
    "//": "Leaves a trail of fire fields",
    "trail": { "field_type": "fd_fire", "intensity_min": 1, "intensity_max": 2, "chance": 66 }
  },
  {
    "id": "STREAM_BIG",
    "type": "ammo_effect",
    "//": "Leaves a trail of intense fire fields",
    "trail": { "field_type": "fd_fire", "intensity_min": 2, "intensity_max": 2, "chance": 75 }
  },
  {
    "id": "PYROTECHNIC_DISPLAY",
    "type": "ammo_effect",
    "//": "Looks like huge fires, but doesn't actually burn stuff.",
    "trail": { "field_type": "fd_fire_FAKE", "intensity_min": 1, "intensity_max": 3, "chance": 85 }
  },
  {
    "id": "STREAM_GAS_FUNGICIDAL",
    "type": "ammo_effect",
    "//": "Leaves a trail of fungicidal gas",
    "trail": { "field_type": "fd_fungicidal_gas", "intensity_min": 1, "intensity_max": 2, "chance": 66 }
  },
  {
    "id": "LASER",
    "type": "ammo_effect",
    "//": "Creates a trail of laser",
    "trail": { "field_type": "fd_laser", "intensity_min": 2, "intensity_max": 2 }
  },
  {
    "id": "GENE_STING_BARB",
    "type": "ammo_effect",
    "//": "runs EoC that cause you to mutate",
    "eoc": [ "EOC_random_mutate" ]
  }
]
