[
  {
    "type": "butchery_requirement",
    "id": "default",
    "requirements": {
      "1.0": [
        {
          "FIELD_DRESS": "field_dress",
          "QUARTER": "field_dress",
          "SKIN": "field_dress",
          "DISMEMBER": "field_dress",
          "DISSECT": "dissect_small",
          "FULL": "butchery_small",
          "QUICK": "butchery_small",
          "BLEED": "bleed_small"
        },
        {
          "FIELD_DRESS": "field_dress",
          "QUARTER": "field_dress",
          "SKIN": "field_dress",
          "DISMEMBER": "field_dress",
          "DISSECT": "dissect_small",
          "FULL": "butchery_small",
          "QUICK": "butchery_small",
          "BLEED": "bleed_small"
        },
        {
          "FIELD_DRESS": "field_dress",
          "QUARTER": "field_dress",
          "SKIN": "field_dress",
          "DISMEMBER": "field_dress",
          "DISSECT": "dissect_small",
          "FULL": "butchery_small",
          "QUICK": "butchery_small",
          "BLEED": "bleed_small"
        },
        {
          "FIELD_DRESS": "field_dress",
          "QUARTER": "field_dress",
          "SKIN": "field_dress",
          "DISMEMBER": "field_dress",
          "DISSECT": "dissect_large",
          "FULL": "full_butchery_large",
          "QUICK": "butchery_large",
          "BLEED": "bleed_large"
        },
        {
          "FIELD_DRESS": "field_dress",
          "QUARTER": "field_dress",
          "SKIN": "field_dress",
          "DISMEMBER": "field_dress",
          "DISSECT": "dissect_large",
          "FULL": "full_butchery_large",
          "QUICK": "butchery_large",
          "BLEED": "bleed_large"
        }
      ],
      "1.2": [
        {
          "FIELD_DRESS": "field_dress_no_surface",
          "QUARTER": "field_dress_no_surface",
          "SKIN": "field_dress_no_surface",
          "DISMEMBER": "field_dress_no_surface",
          "DISSECT": "dissect_small_no_surface",
          "FULL": "butchery_small_no_surface",
          "QUICK": "butchery_small_no_surface",
          "BLEED": "bleed_small"
        },
        {
          "FIELD_DRESS": "field_dress_no_surface",
          "QUARTER": "field_dress_no_surface",
          "SKIN": "field_dress_no_surface",
          "DISMEMBER": "field_dress_no_surface",
          "DISSECT": "dissect_small_no_surface",
          "FULL": "butchery_small_no_surface",
          "QUICK": "butchery_small_no_surface",
          "BLEED": "bleed_small"
        },
        {
          "FIELD_DRESS": "field_dress_no_surface",
          "QUARTER": "field_dress_no_surface",
          "SKIN": "field_dress_no_surface",
          "DISMEMBER": "field_dress_no_surface",
          "DISSECT": "dissect_small_no_surface",
          "FULL": "butchery_small_no_surface",
          "QUICK": "butchery_small_no_surface",
          "BLEED": "bleed_small"
        },
        {
          "FIELD_DRESS": "field_dress_no_surface",
          "QUARTER": "field_dress_no_surface",
          "SKIN": "field_dress_no_surface",
          "DISMEMBER": "field_dress_no_surface",
          "DISSECT": "dissect_large_no_surface",
          "FULL": "full_butchery_large_no_surface",
          "QUICK": "butchery_large_no_surface",
          "BLEED": "bleed_large"
        },
        {
          "FIELD_DRESS": "field_dress_no_surface",
          "QUARTER": "field_dress_no_surface",
          "SKIN": "field_dress_no_surface",
          "DISMEMBER": "field_dress_no_surface",
          "DISSECT": "dissect_large_no_surface",
          "FULL": "full_butchery_large_no_surface",
          "QUICK": "butchery_large_no_surface",
          "BLEED": "bleed_large"
        }
      ]
    }
  }
]
