[
  {
    "type": "construction_group",
    "id": "armor_reinforced_window",
    "name": "Armor Reinforced Window"
  },
  {
    "type": "construction_group",
    "id": "board_up_window",
    "name": "Board Up Window"
  },
  {
    "type": "construction_group",
    "id": "board_up_wood_door",
    "name": "Board Up Wood Door"
  },
  {
    "type": "construction_group",
    "id": "build_a_bellow",
    "name": "Build a bellow"
  },
  {
    "type": "construction_group",
    "id": "build_a_drop_hammer",
    "name": "Build a drop hammer"
  },
  {
    "type": "construction_group",
    "id": "build_a_radio_tower",
    "name": "Build a radio tower"
  },
  {
    "type": "construction_group",
    "id": "build_a_radio_tower_console",
    "name": "Build a radio tower console"
  },
  {
    "type": "construction_group",
    "id": "build_arc_furnace",
    "name": "Build Arc Furnace"
  },
  {
    "type": "construction_group",
    "id": "build_armchair",
    "name": "Place an armchair"
  },
  {
    "type": "construction_group",
    "id": "build_bar_door",
    "name": "Build Bar Door"
  },
  {
    "type": "construction_group",
    "id": "build_barbed_wire_fence",
    "name": "Build Barbed Wire Fence"
  },
  {
    "type": "construction_group",
    "id": "build_beaded_curtain",
    "name": "Build Beaded Curtain"
  },
  {
    "type": "construction_group",
    "id": "build_bed",
    "name": "Build Bed/Bunk bed"
  },
  {
    "type": "construction_group",
    "id": "build_down_bed",
    "name": "Build Down Bed/Bunk bed"
  },
  {
    "type": "construction_group",
    "id": "build_bookcase",
    "name": "Build Bookcase"
  },
  {
    "type": "construction_group",
    "id": "build_brick_wall",
    "name": "Build Brick Wall"
  },
  {
    "type": "construction_group",
    "id": "build_brick_wall_from_adobe",
    "name": "Build Brick Wall from Adobe"
  },
  {
    "type": "construction_group",
    "id": "build_bulletin_board",
    "name": "Build Bulletin Board"
  },
  {
    "type": "construction_group",
    "id": "build_butchering_rack",
    "name": "Build Butchering Rack"
  },
  {
    "type": "construction_group",
    "id": "build_cardboard_fort",
    "name": "Build Cardboard Fort"
  },
  {
    "type": "construction_group",
    "id": "build_chainlink_fence",
    "name": "Build Chain Link Fence"
  },
  {
    "type": "construction_group",
    "id": "build_chainlink_gate",
    "name": "Build Chain Link Gate"
  },
  {
    "type": "construction_group",
    "id": "build_chair",
    "name": "Place a wooden chair"
  },
  {
    "type": "construction_group",
    "id": "build_charcoal_kiln",
    "name": "Build Charcoal Kiln"
  },
  {
    "type": "construction_group",
    "id": "build_chest",
    "name": "Build Wooden Chest"
  },
  {
    "type": "construction_group",
    "id": "build_chickenwire_fence",
    "name": "Build Chickenwire Fence"
  },
  {
    "type": "construction_group",
    "id": "build_chickenwire_gate",
    "name": "Build Chickenwire Gate"
  },
  {
    "type": "construction_group",
    "id": "build_clay_kiln",
    "name": "Build Clay Kiln"
  },
  {
    "type": "construction_group",
    "id": "build_coat_rack",
    "name": "Build Coat Rack"
  },
  {
    "type": "construction_group",
    "id": "build_coffee_table",
    "name": "Build Coffee Table"
  },
  {
    "type": "construction_group",
    "id": "build_coffin",
    "name": "Build Coffin"
  },
  {
    "type": "construction_group",
    "id": "build_concrete_column",
    "name": "Build Concrete Column"
  },
  {
    "type": "construction_group",
    "id": "build_concrete_floor",
    "name": "Build Concrete Floor (no roof support)"
  },
  {
    "type": "construction_group",
    "id": "build_concrete_floor_with_roof",
    "//": "Obsolete id. Retained for save compatibility.",
    "name": "Build Concrete Floor (supports roof)"
  },
  {
    "type": "construction_group",
    "id": "build_counter",
    "name": "Build Counter"
  },
  {
    "type": "construction_group",
    "id": "build_counter_gate",
    "name": "Build Counter Gate"
  },
  {
    "type": "construction_group",
    "id": "build_crate",
    "name": "Build Crate"
  },
  {
    "type": "construction_group",
    "id": "build_cupboard",
    "name": "Build Cupboard"
  },
  {
    "type": "construction_group",
    "id": "build_decorative_tree",
    "name": "Build Decorative Tree"
  },
  {
    "type": "construction_group",
    "id": "build_deep_river_dock",
    "name": "Build Deep River Dock"
  },
  {
    "type": "construction_group",
    "id": "build_desk",
    "name": "Build Desk"
  },
  {
    "type": "construction_group",
    "id": "build_diagonal_small_railroad_track",
    "name": "Build Diagonal Small Railroad Track"
  },
  {
    "type": "construction_group",
    "id": "build_door",
    "name": "Build Door"
  },
  {
    "type": "construction_group",
    "id": "build_door_curtain",
    "name": "Build Door Curtain"
  },
  {
    "type": "construction_group",
    "id": "build_door_grass_curtain",
    "name": "Build Door Curtain from Grass"
  },
  {
    "type": "construction_group",
    "id": "build_double_glazed_glass_window",
    "name": "Build Double Glazed Glass Window"
  },
  {
    "type": "construction_group",
    "id": "build_dresser",
    "name": "Build Dresser"
  },
  {
    "type": "construction_group",
    "id": "build_dry_stone_wall",
    "name": "Build Dry Stone Wall"
  },
  {
    "type": "construction_group",
    "id": "build_dumpster",
    "name": "Build Dumpster"
  },
  {
    "type": "construction_group",
    "id": "build_metal_trashcan",
    "name": "Build Metal Trash Can"
  },
  {
    "type": "construction_group",
    "id": "build_gravelbag_wall",
    "name": "Build Gravelbag Wall"
  },
  {
    "type": "construction_group",
    "id": "build_earthbag_wall",
    "name": "Build Earthbag Wall"
  },
  {
    "type": "construction_group",
    "id": "build_showjump_end",
    "name": "Build Show Jump End"
  },
  {
    "type": "construction_group",
    "id": "build_showjump",
    "name": "Place Show Jump"
  },
  {
    "type": "construction_group",
    "id": "build_entertainment_center",
    "name": "Build Entertainment Center"
  },
  {
    "type": "construction_group",
    "id": "build_exercise_machine",
    "name": "Build Exercise Machine"
  },
  {
    "type": "construction_group",
    "id": "build_parkour_bars",
    "name": "Build Parkour Bars"
  },
  {
    "type": "construction_group",
    "id": "build_fence",
    "name": "Build Fence"
  },
  {
    "type": "construction_group",
    "id": "build_fence_gate",
    "name": "Build Fence Gate"
  },
  {
    "type": "construction_group",
    "id": "build_fence_posts",
    "name": "Build Fence Posts"
  },
  {
    "type": "construction_group",
    "id": "build_fermenting_vat",
    "name": "Build Fermenting Vat"
  },
  {
    "type": "construction_group",
    "id": "build_wooden_fermenting_vat",
    "name": "Build Wooden Fermenting Vat"
  },
  {
    "type": "construction_group",
    "id": "build_compost_tank",
    "name": "Build Small Scale Anaerobic Digestion System"
  },
  {
    "type": "construction_group",
    "id": "build_fire_ring",
    "name": "Build Fire Ring"
  },
  {
    "type": "construction_group",
    "id": "build_treadmill_mechanical",
    "name": "Build Gravity Treadmill"
  },
  {
    "type": "construction_group",
    "id": "build_glass_door",
    "name": "Build Glass Door"
  },
  {
    "type": "construction_group",
    "id": "build_glass_wall",
    "name": "Build Glass Wall"
  },
  {
    "type": "construction_group",
    "id": "build_high_end_of_an_earth_ramp",
    "name": "Build High End of an Earth Ramp"
  },
  {
    "type": "construction_group",
    "id": "build_high_end_of_a_concrete_ramp",
    "name": "Build High End of a Concrete Ramp"
  },
  {
    "type": "construction_group",
    "id": "build_improvised_shelter",
    "name": "Build Improvised Shelter"
  },
  {
    "type": "construction_group",
    "id": "build_junk_metal_barrier",
    "name": "Build Junk Metal Barrier"
  },
  {
    "type": "construction_group",
    "id": "build_junk_metal_floor",
    "name": "Build Junk Metal Floor (supports roof)"
  },
  {
    "type": "construction_group",
    "id": "build_large_metal_support",
    "name": "Build Large Metal Support"
  },
  {
    "type": "construction_group",
    "id": "build_locker",
    "name": "Build Locker"
  },
  {
    "type": "construction_group",
    "id": "build_primitive_floor_with_log_sod_roof",
    "//": "Retain obsolete id for save compatibility",
    "name": "Build Log Floor (supports roof)"
  },
  {
    "type": "construction_group",
    "id": "build_log_stool",
    "name": "Place a log stool"
  },
  {
    "type": "construction_group",
    "id": "build_log_wall",
    "name": "Build Log Wall"
  },
  {
    "type": "construction_group",
    "id": "build_low_end_of_an_earth_ramp",
    "name": "Build Low End of an Earth Ramp"
  },
  {
    "type": "construction_group",
    "id": "build_low_end_of_a_concrete_ramp",
    "name": "Build Low End of a Concrete Ramp"
  },
  {
    "type": "construction_group",
    "id": "build_mailbox",
    "name": "Build Mailbox"
  },
  {
    "type": "construction_group",
    "id": "build_makeshift_bed",
    "name": "Build Makeshift Bed"
  },
  {
    "type": "construction_group",
    "id": "build_makeshift_door",
    "name": "Build Makeshift Door"
  },
  {
    "type": "construction_group",
    "id": "build_mechanical_winch",
    "name": "Build Mechanical Winch"
  },
  {
    "type": "construction_group",
    "id": "build_ergometer_mechanical",
    "name": "Build Mechanical Ergometer"
  },
  {
    "type": "construction_group",
    "id": "build_metal_bars",
    "name": "Build Metal Bars"
  },
  {
    "type": "construction_group",
    "id": "build_metal_charcoal_kiln",
    "name": "Build Metal Charcoal Kiln"
  },
  {
    "type": "construction_group",
    "id": "build_metal_door",
    "name": "Build Metal Door"
  },
  {
    "type": "construction_group",
    "id": "build_metal_gate",
    "name": "Build Metal Gate"
  },
  {
    "type": "construction_group",
    "id": "build_metal_grate_over_a_window",
    "name": "Build Metal Grate Over a Window"
  },
  {
    "type": "construction_group",
    "id": "build_metal_grate_over_a_window_without_glass",
    "name": "Build Metal Grate Over a Window Without Glass"
  },
  {
    "type": "construction_group",
    "id": "build_metal_rack",
    "name": "Build Metal Rack"
  },
  {
    "type": "construction_group",
    "id": "build_scrap_floor_with_roof",
    "//": "Obsolete id. Retained for save compatibility.",
    "name": "Build Scrap Floor (supports roof)"
  },
  {
    "type": "construction_group",
    "id": "build_metal_wall",
    "name": "Build Metal Wall"
  },
  {
    "type": "construction_group",
    "id": "build_palisade_gate",
    "name": "Build Palisade Gate"
  },
  {
    "type": "construction_group",
    "id": "build_palisade_wall",
    "name": "Build Palisade Wall"
  },
  {
    "type": "construction_group",
    "id": "build_pile_of_leaves",
    "name": "Build Pile of Leaves"
  },
  {
    "type": "construction_group",
    "id": "place_hammock",
    "name": "Place Hammock"
  },
  {
    "type": "construction_group",
    "id": "place_net_hammock",
    "name": "Place Net Hammock"
  },
  {
    "type": "construction_group",
    "id": "build_pillow_fort",
    "name": "Build Pillow Fort"
  },
  {
    "type": "construction_group",
    "id": "build_pine_lean_to",
    "name": "Build Pine Lean-To"
  },
  {
    "type": "construction_group",
    "id": "build_planter",
    "name": "Build Planter"
  },
  {
    "type": "construction_group",
    "id": "build_bee_hive",
    "name": "Build An Apiary"
  },
  {
    "type": "construction_group",
    "id": "build_plastic_window",
    "name": "Build Plastic Window"
  },
  {
    "type": "construction_group",
    "id": "build_pontoon_bridge",
    "name": "Build Pontoon Bridge"
  },
  {
    "type": "construction_group",
    "id": "build_pony_wall",
    "name": "Build Pony Wall"
  },
  {
    "type": "construction_group",
    "id": "build_privacy_fence",
    "name": "Build Privacy Fence"
  },
  {
    "type": "construction_group",
    "id": "build_privacy_fence_gate",
    "name": "Build Privacy Fence Gate"
  },
  {
    "type": "construction_group",
    "id": "build_quadruple_glazed_glass_window",
    "name": "Build Quadruple Glazed Glass Window"
  },
  {
    "type": "construction_group",
    "id": "build_rammed_earth_wall",
    "name": "Build Rammed Earth Wall"
  },
  {
    "type": "construction_group",
    "id": "build_reinforced_concrete_floor_with_roof",
    "//": "Obsolete id. Retained for save compatibility.",
    "name": "Build Reinforced Concrete Floor (supports roof)"
  },
  {
    "type": "construction_group",
    "id": "build_reinforced_concrete_wall",
    "name": "Build Reinforced Concrete Wall"
  },
  {
    "type": "construction_group",
    "id": "build_reinforced_concrete_wall_ropes",
    "name": "Build Reinforced Concrete Wall with Ropes"
  },
  {
    "type": "construction_group",
    "id": "build_brick_wall_embrasure",
    "name": "Build Brick Wall with Embrasure"
  },
  {
    "type": "construction_group",
    "id": "build_brick_wall_embrasure_from_adobe",
    "name": "Build Brick Wall with Embrasure from Adobe"
  },
  {
    "type": "construction_group",
    "id": "build_rock_wall_embrasure",
    "name": "Build Stone Wall with Embrasure"
  },
  {
    "type": "construction_group",
    "id": "build_wood_wall_embrasure",
    "name": "Build Wood Wall with Embrasure"
  },
  {
    "type": "construction_group",
    "id": "build_log_wall_embrasure",
    "name": "Build Log Wall with Embrasure"
  },
  {
    "type": "construction_group",
    "id": "build_palisade_wall_embrasure",
    "name": "Build Palisade Wall with Embrasure"
  },
  {
    "type": "construction_group",
    "id": "build_sconcrete_wall_embrasure",
    "name": "Build Simple Concrete Wall with Embrasure"
  },
  {
    "type": "construction_group",
    "id": "build_strconcrete_wall_embrasure",
    "name": "Build Reinforced Concrete Wall with Embrasure"
  },
  {
    "type": "construction_group",
    "id": "build_reinforced_double_glazed_glass_window",
    "name": "Build Reinforced Double Glazed Glass Window"
  },
  {
    "type": "construction_group",
    "id": "build_reinforced_glass_window",
    "name": "Build Reinforced Glass Window"
  },
  {
    "type": "construction_group",
    "id": "build_reinforced_plastic_window",
    "name": "Build Reinforced Plastic Window"
  },
  {
    "type": "construction_group",
    "id": "build_reinforced_quadruple_glazed_glass_window",
    "name": "Build Reinforced Quadruple Glazed Glass Window"
  },
  {
    "type": "construction_group",
    "id": "build_reinforced_single_glazed_glass_window",
    "name": "Build Reinforced Single Glazed Glass Window"
  },
  {
    "type": "construction_group",
    "id": "build_reinforced_triple_glazed_glass_window",
    "name": "Build Reinforced Triple Glazed Glass Window"
  },
  {
    "type": "construction_group",
    "id": "build_river_bridge",
    "name": "Build River Bridge"
  },
  {
    "type": "construction_group",
    "id": "build_river_dock_shallow_bridge",
    "name": "Build River Dock/Shallow Bridge"
  },
  {
    "type": "construction_group",
    "id": "build_road_barricade",
    "name": "Build Road Barricade"
  },
  {
    "type": "construction_group",
    "id": "build_rock_forge",
    "name": "Build Rock Forge"
  },
  {
    "type": "construction_group",
    "id": "build_floor_with_treated_roof",
    "//": "Retaining obsolete id for save compatibility",
    "name": "Build Standard Floor (supports roof)"
  },
  {
    "type": "construction_group",
    "id": "build_dirt_floor",
    "name": "Build Dirt Floor (can support roof)"
  },
  {
    "type": "construction_group",
    "id": "build_root_cellar",
    "name": "Build Root Cellar"
  },
  {
    "type": "construction_group",
    "id": "build_rope_fence",
    "name": "Build Rope Fence"
  },
  {
    "type": "construction_group",
    "id": "build_rope_pulley_system",
    "name": "Build Rope & Pulley System"
  },
  {
    "type": "construction_group",
    "id": "build_safe",
    "name": "Build Safe"
  },
  {
    "type": "construction_group",
    "id": "build_sand_castle",
    "name": "Build Sand Castle"
  },
  {
    "type": "construction_group",
    "id": "build_sandbag_wall",
    "name": "Build Sandbag Wall"
  },
  {
    "type": "construction_group",
    "id": "build_scrap_metal_bridge_using_bolts",
    "name": "Build Scrap Metal Bridge Using Bolts"
  },
  {
    "type": "construction_group",
    "id": "build_scrap_metal_bridge_using_welder",
    "name": "Build Scrap Metal Bridge Using Welder"
  },
  {
    "type": "construction_group",
    "id": "build_scrap_metal_table",
    "name": "Build Scrap Metal Table"
  },
  {
    "type": "construction_group",
    "id": "build_screen_door",
    "name": "Build Screen Door"
  },
  {
    "type": "construction_group",
    "id": "build_screen_mesh_wall",
    "name": "Build Screen Mesh Wall"
  },
  {
    "type": "construction_group",
    "id": "build_shallow_temporary_bridge",
    "name": "Build Shallow Temporary Bridge"
  },
  {
    "type": "construction_group",
    "id": "build_sign",
    "name": "Build Sign"
  },
  {
    "type": "construction_group",
    "id": "build_simple_concrete_wall",
    "name": "Build Simple Concrete Wall"
  },
  {
    "type": "construction_group",
    "id": "build_single_glazed_glass_window",
    "name": "Build Single Glazed Glass Window"
  },
  {
    "type": "construction_group",
    "id": "build_sky_light",
    "name": "Build Sky Light"
  },
  {
    "type": "construction_group",
    "id": "build_sky_light_frame",
    "name": "Build Sky Light Frame"
  },
  {
    "type": "construction_group",
    "id": "build_small_metal_support",
    "name": "Build Small Metal Support"
  },
  {
    "type": "construction_group",
    "id": "build_smoking_rack",
    "name": "Build Smoking Rack"
  },
  {
    "type": "construction_group",
    "id": "build_spinwheel",
    "name": "Build Spinwheel"
  },
  {
    "type": "construction_group",
    "id": "build_stationary_scutcher",
    "name": "Build Stationary Scutcher"
  },
  {
    "type": "construction_group",
    "id": "build_split_rail_fence",
    "name": "Build Split Rail Fence"
  },
  {
    "type": "construction_group",
    "id": "build_split_rail_fence_gate",
    "name": "Build Split Rail Fence Gate"
  },
  {
    "type": "construction_group",
    "id": "build_standing_tank",
    "name": "Build Standing Tank"
  },
  {
    "type": "construction_group",
    "id": "build_storage_tank",
    "name": "Build Storage Tank"
  },
  {
    "type": "construction_group",
    "id": "build_brick_fireplace",
    "name": "Build Brick Fireplace"
  },
  {
    "type": "construction_group",
    "id": "build_stone_wall",
    "name": "Build Stone Wall"
  },
  {
    "type": "construction_group",
    "id": "build_stool",
    "name": "Place a wooden stool"
  },
  {
    "type": "construction_group",
    "id": "build_straight_small_railroad_track",
    "name": "Build Straight Small Railroad Track"
  },
  {
    "type": "construction_group",
    "id": "build_straw_bed",
    "name": "Build Straw Bed"
  },
  {
    "type": "construction_group",
    "id": "build_table",
    "name": "Build Table"
  },
  {
    "type": "construction_group",
    "id": "build_tarp_lean_to",
    "name": "Build Tarp Lean-To"
  },
  {
    "type": "construction_group",
    "id": "build_triple_glazed_glass_window",
    "name": "Build Triple Glazed Glass Window"
  },
  {
    "type": "construction_group",
    "id": "build_wardrobe",
    "name": "Build Wardrobe"
  },
  {
    "type": "construction_group",
    "id": "build_warehouse_shelf",
    "name": "Build Warehouse Shelf"
  },
  {
    "type": "construction_group",
    "id": "build_water_well",
    "name": "Build Water Well"
  },
  {
    "type": "construction_group",
    "id": "build_wattle_and_daub_wall",
    "name": "Build Wattle-and-Daub Wall"
  },
  {
    "type": "construction_group",
    "id": "build_window",
    "name": "Build Window"
  },
  {
    "type": "construction_group",
    "id": "build_window_from_tempered_glass",
    "name": "Build Window from Tempered Glass"
  },
  {
    "type": "construction_group",
    "id": "build_wire_fence",
    "name": "Build Wire Fence"
  },
  {
    "type": "construction_group",
    "id": "build_wood_stove",
    "name": "Build Wood Stove"
  },
  {
    "type": "construction_group",
    "id": "build_wood_wall",
    "name": "Build Wood Wall"
  },
  {
    "type": "construction_group",
    "id": "build_wooden_floor",
    "name": "Build Wooden Floor (no roof support)"
  },
  {
    "type": "construction_group",
    "id": "build_wooden_gangway",
    "name": "Build Wooden Gangway"
  },
  {
    "type": "construction_group",
    "id": "build_metal_gangway",
    "name": "Build Metal Gangway"
  },
  {
    "type": "construction_group",
    "id": "build_wooden_keg",
    "name": "Build Wooden Keg"
  },
  {
    "type": "construction_group",
    "id": "build_wooden_rack",
    "name": "Build Wooden Rack"
  },
  {
    "type": "construction_group",
    "id": "build_wooden_railing",
    "name": "Build Wooden Railing"
  },
  {
    "type": "construction_group",
    "id": "build_wooden_staircase",
    "name": "Build Wooden Staircase"
  },
  {
    "type": "construction_group",
    "id": "build_woven_wattle_fence",
    "name": "Build Woven Wattle Fence"
  },
  {
    "type": "construction_group",
    "id": "carpet_floor_green",
    "name": "Carpet Floor Green"
  },
  {
    "type": "construction_group",
    "id": "carpet_floor_purple",
    "name": "Carpet Floor Purple"
  },
  {
    "type": "construction_group",
    "id": "carpet_floor_red",
    "name": "Carpet Floor Red"
  },
  {
    "type": "construction_group",
    "id": "carpet_floor_yellow",
    "name": "Carpet Floor Yellow"
  },
  {
    "type": "construction_group",
    "id": "chop_tree_trunk_into_planks",
    "name": "Chop Tree Trunk Into Planks"
  },
  {
    "type": "construction_group",
    "id": "clean_broken_window",
    "name": "Clean Broken Window"
  },
  {
    "type": "construction_group",
    "id": "cover_manhole",
    "name": "Cover Manhole"
  },
  {
    "type": "construction_group",
    "id": "cut_grass",
    "name": "Cut Grass"
  },
  {
    "type": "construction_group",
    "id": "deconstruct_furniture",
    "name": "Deconstruct Terrain/Furniture"
  },
  {
    "type": "construction_group",
    "id": "deconstruct_simple_furniture",
    "name": "Deconstruct Simple Terrain/Furniture"
  },
  {
    "type": "construction_group",
    "id": "dig_a_shallow_pit",
    "name": "Dig a Shallow Pit"
  },
  {
    "type": "construction_group",
    "id": "dig_a_pit",
    "name": "Dig a Pit"
  },
  {
    "type": "construction_group",
    "id": "construct_open_air",
    "name": "Dig out pit completely and remove anything remaining"
  },
  {
    "type": "construction_group",
    "id": "dig_a_water_channel",
    "name": "Dig a Water Channel"
  },
  {
    "type": "construction_group",
    "id": "dig_downstair",
    "name": "Dig Downstairs"
  },
  {
    "type": "construction_group",
    "id": "dig_grave_and_bury_sealed_coffin",
    "name": "Dig Grave and Bury Sealed Coffin"
  },
  {
    "type": "construction_group",
    "id": "extract_clay",
    "name": "Extract Clay"
  },
  {
    "type": "construction_group",
    "id": "extract_sand",
    "name": "Extract Sand"
  },
  {
    "type": "construction_group",
    "id": "extract_dirt",
    "name": "Extract Dirt"
  },
  {
    "type": "construction_group",
    "id": "extrude_resin_floor_and_roof",
    "//": "Obsolete id. Retained for save compatibility",
    "name": "Extrude Resin Floor (supports roof)"
  },
  {
    "type": "construction_group",
    "id": "extrude_resin_floor_no_roof",
    "name": "Extrude Resin Floor (no roof support)"
  },
  {
    "type": "construction_group",
    "id": "extrude_resin_lattice",
    "name": "Extrude Resin Lattice"
  },
  {
    "type": "construction_group",
    "id": "extrude_resin_wall",
    "name": "Extrude Resin Wall"
  },
  {
    "type": "construction_group",
    "id": "fill_pit_with_dirt",
    "name": "Fill Pit With Dirt"
  },
  {
    "type": "construction_group",
    "id": "pit_straw",
    "name": "Fill Shallow Pit with Straw"
  },
  {
    "type": "construction_group",
    "id": "fill_salt_water_with_dirt",
    "name": "Fill Salt Water With Dirt"
  },
  {
    "type": "construction_group",
    "id": "fill_shallow_water_with_dirt",
    "name": "Fill Shallow Water With Dirt"
  },
  {
    "type": "construction_group",
    "id": "fill_recess_with_dirt",
    "name": "Fill Recess With Dirt"
  },
  {
    "type": "construction_group",
    "id": "glass_pit",
    "name": "Glass Pit"
  },
  {
    "type": "construction_group",
    "id": "hang_hanging_meathook",
    "name": "Hang Hanging Meathook"
  },
  {
    "type": "construction_group",
    "id": "install_bars_onto_window",
    "name": "Install Bars Onto Window"
  },
  {
    "type": "construction_group",
    "id": "jackhammer_resin_cage",
    "name": "Jackhammer Resin Cage"
  },
  {
    "type": "construction_group",
    "id": "lay_down_decorative_ground_cable",
    "name": "Lay down decorative ground cable"
  },
  {
    "type": "construction_group",
    "id": "make_crafting_spot",
    "name": "Make crafting spot"
  },
  {
    "type": "construction_group",
    "id": "make_stooking_spot",
    "name": "Make stooking spot"
  },
  {
    "type": "construction_group",
    "id": "make_gravel_floor",
    "name": "Make Gravel Floor (no roof support)"
  },
  {
    "type": "construction_group",
    "id": "make_rubber_mulch",
    "name": "Make Rubber Mulch Floor (no roof support)"
  },
  {
    "type": "construction_group",
    "id": "make_woodchip_floor",
    "name": "Make Woodchip Floor (no roof support)"
  },
  {
    "type": "construction_group",
    "id": "mark_firewood_source",
    "name": "Mark firewood source"
  },
  {
    "type": "construction_group",
    "id": "mark_practice_target",
    "name": "Mark practice target"
  },
  {
    "type": "construction_group",
    "id": "mine_downstair",
    "name": "Mine Downstairs"
  },
  {
    "type": "construction_group",
    "id": "mine_resin_cage",
    "name": "Mine Resin Cage"
  },
  {
    "type": "construction_group",
    "id": "mine_upstair",
    "name": "Mine Upstairs"
  },
  {
    "type": "construction_group",
    "id": "paint_grass_white",
    "name": "Paint Grass White"
  },
  {
    "type": "construction_group",
    "id": "paint_pavement_yellow",
    "name": "Paint Pavement Yellow"
  },
  {
    "type": "construction_group",
    "id": "paint_wall_blue",
    "name": "Paint Wall Blue"
  },
  {
    "type": "construction_group",
    "id": "paint_wall_green",
    "name": "Paint Wall Green"
  },
  {
    "type": "construction_group",
    "id": "paint_wall_purple",
    "name": "Paint Wall Purple"
  },
  {
    "type": "construction_group",
    "id": "paint_wall_red",
    "name": "Paint Wall Red"
  },
  {
    "type": "construction_group",
    "id": "paint_wall_white",
    "name": "Paint Wall White"
  },
  {
    "type": "construction_group",
    "id": "paint_wall_yellow",
    "name": "Paint Wall Yellow"
  },
  {
    "type": "construction_group",
    "id": "paint_wall_orange",
    "name": "Paint Wall Orange"
  },
  {
    "type": "construction_group",
    "id": "paint_wall_pink",
    "name": "Paint Wall Pink"
  },
  {
    "type": "construction_group",
    "id": "paint_wall_gray",
    "name": "Paint Wall Gray"
  },
  {
    "type": "construction_group",
    "id": "paint_wall_cyan",
    "name": "Paint Wall Cyan"
  },
  {
    "type": "construction_group",
    "id": "paint_wall_brown",
    "name": "Paint Wall Brown"
  },
  {
    "type": "construction_group",
    "id": "paint_wall_black",
    "name": "Paint Wall Black"
  },
  {
    "type": "construction_group",
    "id": "place_veh_tools_kitchen",
    "name": "Place Kitchen Station"
  },
  {
    "type": "construction_group",
    "id": "place_veh_tools_workshop",
    "name": "Place Workshop Station"
  },
  {
    "type": "construction_group",
    "id": "place_apartment_fridge",
    "name": "Place Household Fridge"
  },
  {
    "type": "construction_group",
    "id": "place_big_portable_fridge",
    "name": "Place Food Truck Fridge"
  },
  {
    "type": "construction_group",
    "id": "place_glass_fridge",
    "name": "Place Single Glass Door Fridge"
  },
  {
    "type": "construction_group",
    "id": "place_glass_fridge_double",
    "name": "Place Double Glass Door Fridge"
  },
  {
    "type": "construction_group",
    "id": "place_heavy_duty_fridge",
    "name": "Place Heavy-Duty Fridge"
  },
  {
    "type": "construction_group",
    "id": "place_display_fridge",
    "name": "Place Display Fridge"
  },
  {
    "type": "construction_group",
    "id": "place_minifridge",
    "name": "Place Minifridge"
  },
  {
    "type": "construction_group",
    "id": "place_apartment_freezer",
    "name": "Place Home Freezer"
  },
  {
    "type": "construction_group",
    "id": "place_minifreezer",
    "name": "Place Minifreezer"
  },
  {
    "type": "construction_group",
    "id": "place_big_portable_freezer",
    "name": "Place Food Truck Freezer"
  },
  {
    "type": "construction_group",
    "id": "place_chest_freezer",
    "name": "Place Chest Freezer"
  },
  {
    "type": "construction_group",
    "id": "place_heavy_duty_freezer",
    "name": "Place Heavy Duty Freezer"
  },
  {
    "type": "construction_group",
    "id": "place_glass_freezer",
    "name": "Place Glass Door Freezer"
  },
  {
    "type": "construction_group",
    "id": "place_display_freezer",
    "name": "Place Display Freezer"
  },
  {
    "type": "construction_group",
    "id": "place_stereo",
    "name": "Place Stereo System"
  },
  {
    "type": "construction_group",
    "id": "place_oven",
    "name": "Place Oven"
  },
  {
    "type": "construction_group",
    "id": "place_water_purifier",
    "name": "Place Stationary Water Purifier"
  },
  {
    "type": "construction_group",
    "id": "place_microwave",
    "name": "Place Microwave"
  },
  {
    "type": "construction_group",
    "id": "place_arcade_machine",
    "name": "Place Arcade Machine"
  },
  {
    "type": "construction_group",
    "id": "place_electric_forge",
    "name": "Place Electric Forge"
  },
  {
    "type": "construction_group",
    "id": "place_kiln",
    "name": "Place Kiln"
  },
  {
    "type": "construction_group",
    "id": "place_glassblowers_crucible",
    "name": "Place Glassblower's Crucible"
  },
  {
    "type": "construction_group",
    "id": "place_drill_press",
    "name": "Place Drill Press"
  },
  {
    "type": "construction_group",
    "id": "place_tablesaw",
    "name": "Place Table Saw"
  },
  {
    "type": "construction_group",
    "id": "place_mitresaw",
    "name": "Place Mitre Saw"
  },
  {
    "type": "construction_group",
    "id": "place_bandsaw",
    "name": "Place Band Saw"
  },
  {
    "type": "construction_group",
    "id": "place_router",
    "name": "Place Router Table"
  },
  {
    "type": "construction_group",
    "id": "place_planer",
    "name": "Place Planer"
  },
  {
    "type": "construction_group",
    "id": "place_jointer",
    "name": "Place Jointer"
  },
  {
    "type": "construction_group",
    "id": "place_catalytic_cracking_reactor",
    "name": "Place Catalytic Cracking Reactor"
  },
  {
    "type": "construction_group",
    "id": "place_hydraulic_press",
    "name": "Place Hydraulic Press"
  },
  {
    "type": "construction_group",
    "id": "place_air_compressor",
    "name": "Place Air Compressor"
  },
  {
    "type": "construction_group",
    "id": "place_heater_large",
    "name": "Place Large Heater"
  },
  {
    "type": "construction_group",
    "id": "place_heater_small",
    "name": "Place Small Heater"
  },
  {
    "type": "construction_group",
    "id": "place_wall_light",
    "name": "Place Wall Light"
  },
  {
    "type": "construction_group",
    "id": "place_standing_lamp",
    "name": "Place Standing Lamp"
  },
  {
    "type": "construction_group",
    "id": "place_solar_panel",
    "name": "Place Small Solar Panel"
  },
  {
    "type": "construction_group",
    "id": "place_ground_solar_panel",
    "name": "Place Solar Panel"
  },
  {
    "type": "construction_group",
    "id": "place_reinforced_solar_panel",
    "name": "Place Reinforced Solar Panel"
  },
  {
    "type": "construction_group",
    "id": "place_solar_panel_v2",
    "name": "Place Small Advanced Solar Panel"
  },
  {
    "type": "construction_group",
    "id": "place_ground_solar_panel_v2",
    "name": "Place Advanced Solar Panel"
  },
  {
    "type": "construction_group",
    "id": "place_reinforced_solar_panel_v2",
    "name": "Place Advanced Reinforced Solar Panel"
  },
  {
    "type": "construction_group",
    "id": "place_wind_turbine",
    "name": "Place Wind Turbine"
  },
  {
    "type": "construction_group",
    "id": "place_xl_wind_turbine",
    "name": "Place Large Wind Turbine"
  },
  {
    "type": "construction_group",
    "id": "place_water_wheel",
    "name": "Place Water Wheel"
  },
  {
    "type": "construction_group",
    "id": "place_xl_water_wheel",
    "name": "Place Large Water Wheel"
  },
  {
    "type": "construction_group",
    "id": "place_small_battery",
    "name": "Place Small Battery"
  },
  {
    "type": "construction_group",
    "id": "place_medium_battery",
    "name": "Place Medium Battery"
  },
  {
    "type": "construction_group",
    "id": "place_battery",
    "name": "Place Large Battery"
  },
  {
    "type": "construction_group",
    "id": "place_large_battery",
    "name": "Place Very Large Battery"
  },
  {
    "type": "construction_group",
    "id": "place_car_battery",
    "name": "Place Car Battery"
  },
  {
    "type": "construction_group",
    "id": "place_motorbike_battery",
    "name": "Place Motorbike Battery"
  },
  {
    "type": "construction_group",
    "id": "place_motorbike_small_battery",
    "name": "Place Small Motorbike Battery"
  },
  {
    "type": "construction_group",
    "id": "place_washing_machine",
    "name": "Place Washing Machine"
  },
  {
    "type": "construction_group",
    "id": "place_dishwasher",
    "name": "Place Dishwasher"
  },
  {
    "type": "construction_group",
    "id": "place_autoclave",
    "name": "Place Autoclave"
  },
  {
    "type": "construction_group",
    "id": "place_standing_floodlight",
    "name": "Place Standing Floodlight"
  },
  {
    "type": "construction_group",
    "id": "place_standing_directed_floodlight",
    "name": "Place Standing Directed Floodlight"
  },
  {
    "type": "construction_group",
    "id": "place_ap_foot_locker_recharge_station",
    "name": "Place Recharging Station"
  },
  {
    "type": "construction_group",
    "id": "place_ap_box_battery_charger",
    "name": "Place Battery Charger"
  },
  {
    "type": "construction_group",
    "id": "reveal_wall_wiring",
    "name": "Reveal Wall Wirings"
  },
  {
    "type": "construction_group",
    "id": "place_wall_wiring",
    "name": "Place Wall Wirings"
  },
  {
    "type": "construction_group",
    "id": "place_anvil",
    "name": "Place Anvil"
  },
  {
    "type": "construction_group",
    "id": "place_anvil_bronze",
    "name": "Place Bronze Anvil"
  },
  {
    "type": "construction_group",
    "id": "place_anvil_heavy",
    "name": "Place Heavy Anvil"
  },
  {
    "type": "construction_group",
    "id": "place_anvil_crude",
    "name": "Place Small Anvil"
  },
  {
    "type": "construction_group",
    "id": "place_forge",
    "name": "Place Forge"
  },
  {
    "type": "construction_group",
    "id": "place_nitrogen_generator",
    "name": "Place Makeshift Nitrogen Generator"
  },
  {
    "type": "construction_group",
    "id": "place_ammonia_machine_reactor",
    "name": "Place Makeshift Ammonia Machine Reactor"
  },
  {
    "type": "construction_group",
    "id": "place_ammonia_machine_pipework",
    "name": "Place Makeshift Ammonia Machine Pipework"
  },
  {
    "type": "construction_group",
    "id": "place_electrolyzer_makeshift",
    "name": "Place Makeshift Water Electrolyzer"
  },
  {
    "type": "construction_group",
    "id": "place_hay_bale",
    "name": "Place Hay Bale"
  },
  {
    "type": "construction_group",
    "id": "place_still",
    "name": "Place Still"
  },
  {
    "type": "construction_group",
    "id": "place_table",
    "name": "Place Table"
  },
  {
    "type": "construction_group",
    "id": "place_water_mill",
    "name": "Place Water Mill"
  },
  {
    "type": "construction_group",
    "id": "place_wind_mill",
    "name": "Place Wind Mill"
  },
  {
    "type": "construction_group",
    "id": "place_screw_press",
    "name": "Place Screw Press"
  },
  {
    "type": "construction_group",
    "id": "place_workbench",
    "name": "Place Workbench"
  },
  {
    "type": "construction_group",
    "id": "reinforce_boarded_window",
    "name": "Reinforce Boarded Window"
  },
  {
    "type": "construction_group",
    "id": "reinforce_junk_metal_wall_using_bolts",
    "name": "Reinforce Junk Metal Wall using bolts"
  },
  {
    "type": "construction_group",
    "id": "reinforce_junk_metal_wall_using_spot_welds",
    "name": "Reinforce Junk Metal Wall using spot-welds"
  },
  {
    "type": "construction_group",
    "id": "reinforce_wood_door",
    "name": "Reinforce Wood Door"
  },
  {
    "type": "construction_group",
    "id": "remove_grass",
    "name": "Remove Grass"
  },
  {
    "type": "construction_group",
    "id": "remove_tape_from_window",
    "name": "Remove Tape from Window"
  },
  {
    "type": "construction_group",
    "id": "remove_wax_from_floor",
    "name": "Remove Wax From Floor"
  },
  {
    "type": "construction_group",
    "id": "repair_log_wall",
    "name": "Repair Log Wall"
  },
  {
    "type": "construction_group",
    "id": "repair_wattle_and_daub_wall",
    "name": "Repair Wattle-and-Daub Wall"
  },
  {
    "type": "construction_group",
    "id": "repair_wood_door",
    "name": "Repair Wood Door"
  },
  {
    "type": "construction_group",
    "id": "repair_wood_wall",
    "name": "Repair Wood Wall"
  },
  {
    "type": "construction_group",
    "id": "repair_wooden_staircase",
    "name": "Repair Wooden Staircase"
  },
  {
    "type": "construction_group",
    "id": "seal_coffin",
    "name": "Seal Coffin"
  },
  {
    "type": "construction_group",
    "id": "seal_crate",
    "name": "Seal Crate"
  },
  {
    "type": "construction_group",
    "id": "spike_pit",
    "name": "Spike Pit"
  },
  {
    "type": "construction_group",
    "id": "start_vehicle_construction",
    "name": "Start Vehicle Construction"
  },
  {
    "type": "construction_group",
    "id": "take_paint_off_pavement",
    "name": "Take Paint Off Pavement"
  },
  {
    "type": "construction_group",
    "id": "take_paint_off_wall",
    "name": "Take Paint Off Wall"
  },
  {
    "type": "construction_group",
    "id": "tape_up_window",
    "name": "Tape Up Window"
  },
  {
    "type": "construction_group",
    "id": "wax_floor",
    "name": "Wax Floor"
  },
  {
    "type": "construction_group",
    "id": "remove_gravel",
    "name": "Remove Gravel"
  },
  {
    "type": "construction_group",
    "id": "remove_rubber_mulch",
    "name": "Remove Rubber Mulch"
  },
  {
    "type": "construction_group",
    "id": "remove_empty_window",
    "name": "Remove Empty Window Frame"
  },
  {
    "type": "construction_group",
    "id": "remove_linoleum_tiles",
    "name": "Remove Linoleum Tiles"
  },
  {
    "type": "construction_group",
    "id": "deconstruct_fireplace",
    "name": "Deconstruct Fireplace"
  },
  {
    "type": "construction_group",
    "id": "remove_reinforced_concrete_floor",
    "name": "Remove Reinforced Concrete Floor"
  },
  {
    "type": "construction_group",
    "id": "remove_concrete_floor",
    "name": "Remove Concrete Floor"
  },
  {
    "type": "construction_group",
    "id": "remove_floor",
    "name": "Remove Wooden Floor"
  },
  {
    "type": "construction_group",
    "id": "remove_concrete_wall",
    "name": "Remove Concrete Wall"
  },
  {
    "type": "construction_group",
    "id": "remove_brick_wall",
    "name": "Remove Brick Wall"
  },
  {
    "type": "construction_group",
    "id": "remove_wooden_wall",
    "name": "Remove Wooden Wall"
  },
  {
    "type": "construction_group",
    "id": "remove_wall",
    "name": "Remove Wall"
  },
  {
    "type": "construction_group",
    "id": "remove_rock_wall",
    "name": "Remove Rock Wall"
  },
  {
    "type": "construction_group",
    "id": "remove_roadway",
    "name": "Remove Segment of Road/Sidewalk"
  },
  {
    "type": "construction_group",
    "id": "remove_metal_door",
    "name": "Remove Metal Door"
  },
  {
    "type": "construction_group",
    "id": "remove_concrete_column",
    "name": "Remove Concrete Column"
  },
  {
    "type": "construction_group",
    "id": "remove_reinforced_concrete_wall",
    "name": "Remove Reinforced Concrete Wall"
  },
  {
    "type": "construction_group",
    "id": "remove_rebar_cage",
    "name": "Remove Rebar Cage"
  },
  {
    "type": "construction_group",
    "id": "remove_glass_wall",
    "name": "Remove Glass Wall"
  },
  {
    "type": "construction_group",
    "id": "remove_glass_door",
    "name": "Remove glass door"
  },
  {
    "type": "construction_group",
    "id": "hang_heavy_punching_bag",
    "name": "Hang a Heavy Punching Bag"
  },
  {
    "type": "construction_group",
    "id": "build_training_dummy_light",
    "name": "Install Training Dummy"
  },
  {
    "type": "construction_group",
    "id": "build_training_dummy_heavy",
    "name": "Install Armored Training Dummy"
  },
  {
    "type": "construction_group",
    "id": "build_archery_target_box",
    "name": "Set Up Box Archery Target"
  },
  {
    "type": "construction_group",
    "id": "build_archery_target_bale",
    "name": "Mark Hay Bale For Archery"
  },
  {
    "type": "construction_group",
    "id": "build_flagpole",
    "name": "Build a Flagpole"
  },
  {
    "type": "construction_group",
    "id": "build_clay_oven",
    "name": "Build Clay Oven"
  },
  {
    "type": "construction_group",
    "id": "place_asrg_containment",
    "name": "Place ASRG"
  },
  {
    "type": "construction_group",
    "id": "place_active_backup_generator",
    "name": "Place backup generator"
  },
  {
    "type": "construction_group",
    "id": "build_rope_hoist",
    "name": "Hang Simple Rope Hoist"
  },
  {
    "type": "construction_group",
    "id": "build_rope_tackle_hoist",
    "name": "Build Rope & Tackle Hoist"
  },
  {
    "type": "construction_group",
    "id": "build_chain_hoist",
    "name": "Build Chain & Tackle Hoist"
  },
  {
    "type": "construction_group",
    "id": "clear_rubble",
    "name": "Clear rubble"
  },
  {
    "type": "construction_group",
    "id": "build_bench_wooden",
    "name": "Build a wooden bench"
  },
  {
    "type": "construction_group",
    "id": "place_barstool",
    "name": "Place a barstool"
  },
  {
    "type": "construction_group",
    "id": "place_chair_plywood",
    "name": "Place a chair"
  },
  {
    "type": "construction_group",
    "id": "place_chair_wood_black",
    "name": "Place a black wooden chair"
  },
  {
    "type": "construction_group",
    "id": "place_chair_wood_white",
    "name": "Place a white wooden chair"
  },
  {
    "type": "construction_group",
    "id": "place_travel_toilet",
    "name": "Place Travel Toilet"
  },
  {
    "type": "construction_group",
    "id": "place_oxygen_concentrator",
    "name": "Place Oxygen Concentrator"
  },
  {
    "type": "construction_group",
    "id": "place_hd_compressor_unit",
    "name": "Place High Pressure Compressor Unit"
  },
  {
    "type": "construction_group",
    "id": "obstacle_rock",
    "name": "Build a Rocky Obstacle"
  },
  {
    "type": "construction_group",
    "id": "constr_excavate_forestfloor",
    "name": "Turn forest floor into dirt (no roof support)"
  },
  {
    "type": "construction_group",
    "id": "constr_dirtmound",
    "name": "Build a Mound of Dirt"
  },
  {
    "type": "construction_group",
    "id": "build_brick_oven",
    "name": "Build Brick Oven"
  },
  {
    "type": "construction_group",
    "id": "sand_bulk",
    "name": "Build a Mound of Sand"
  },
  {
    "type": "construction_group",
    "id": "gravel_bulk",
    "name": "Build a Mound of Gravel"
  },
  {
    "type": "construction_group",
    "id": "pebble_bulk",
    "name": "Build a Mound of Pebbles"
  },
  {
    "type": "construction_group",
    "id": "clay_bulk",
    "name": "Build a Mound of Clay"
  },
  {
    "type": "construction_group",
    "id": "rock_bulk",
    "name": "Build a Mound of Rocks"
  },
  {
    "type": "construction_group",
    "id": "rock_large_bulk",
    "name": "Build a Mound of Large Rocks"
  },
  {
    "type": "construction_group",
    "id": "glass_bulk",
    "name": "Build a Mound of Broken Glass"
  },
  {
    "type": "construction_group",
    "id": "log_bulk",
    "name": "Build a Stack of Logs"
  },
  {
    "type": "construction_group",
    "id": "plank_bulk",
    "name": "Build a Stack of Planks"
  },
  {
    "type": "construction_group",
    "id": "stick_bulk",
    "name": "Build a Stack of Sticks"
  },
  {
    "type": "construction_group",
    "id": "stick_long_bulk",
    "name": "Build a Stack of Long Sticks"
  },
  {
    "type": "construction_group",
    "id": "brick_bulk",
    "name": "Build a Stack of Bricks"
  },
  {
    "type": "construction_group",
    "id": "adobe_bulk",
    "name": "Build a Stack of Adobe Bricks"
  },
  {
    "type": "construction_group",
    "id": "rebar_bulk",
    "name": "Build a Stack of Rebar"
  },
  {
    "type": "construction_group",
    "id": "pipe_bulk",
    "name": "Build a Stack of Pipes"
  },
  {
    "type": "construction_group",
    "id": "place_piano",
    "name": "Place Piano"
  },
  {
    "type": "construction_group",
    "id": "build_scaffolding",
    "name": "Place Scaffolding"
  },
  {
    "type": "construction_group",
    "id": "remove_scaffolding",
    "name": "Remove Scaffolding"
  },
  {
    "type": "construction_group",
    "id": "build_brick_roof",
    "name": "Build Brick Roof"
  },
  {
    "type": "construction_group",
    "id": "build_concrete_roof",
    "name": "Build Concrete Roof"
  },
  {
    "type": "construction_group",
    "id": "build_flat_roof",
    "name": "Build Flat Roof"
  },
  {
    "type": "construction_group",
    "id": "build_log_sod_roof",
    "name": "Build Log and Sod Roof"
  },
  {
    "type": "construction_group",
    "id": "build_metal_roof",
    "name": "Build Metal Roof"
  },
  {
    "type": "construction_group",
    "id": "build_metal_flat_roof",
    "name": "Build Flat Metal Roof"
  },
  {
    "type": "construction_group",
    "id": "extrude_resin_roof",
    "name": "Extrude Resin Roof"
  },
  {
    "type": "construction_group",
    "id": "build_shingle_flat_roof",
    "name": "Build Shingle Flat Roof"
  },
  {
    "type": "construction_group",
    "id": "build_thatched_roof",
    "name": "Build Thatched Roof"
  },
  {
    "type": "construction_group",
    "id": "build_treated_wood_roof",
    "name": "Build Treated Wood Roof"
  },
  {
    "type": "construction_group",
    "id": "build_wood_roof",
    "name": "Build Wood Roof"
  },
  {
    "type": "construction_group",
    "id": "build_chimney",
    "name": "Build Chimney"
  },
  {
    "type": "construction_group",
    "id": "build_vent_pipe",
    "name": "Build Vent Pipe"
  },
  {
    "type": "construction_group",
    "id": "cover_windowframe_with_sheet",
    "name": "Cover Empty Window With Sheet"
  }
]
