[
  {
    "id": "emit_tobacco_trail",
    "type": "emit",
    "//": "Intermittent cigarette smoke (example: lit cigarette)",
    "field": "fd_cigsmoke",
    "intensity": 2,
    "chance": 2
  },
  {
    "id": "emit_joint_trail",
    "type": "emit",
    "//": "Intermittent joint smoke (example: lit cigarette)",
    "field": "fd_weedsmoke",
    "intensity": 3,
    "chance": 2
  },
  {
    "id": "emit_AEP_SMOKE",
    "type": "emit",
    "//": "Intermittent smoke from an artifact",
    "field": "fd_smoke",
    "intensity": 3,
    "chance": 5,
    "qty": 15
  },
  {
    "id": "emit_smoke_blast",
    "type": "emit",
    "//": "Large blast of smoke (example: smoker zombie explosion)",
    "field": "fd_smoke",
    "intensity": 3,
    "qty": 200
  },
  {
    "id": "emit_smoke_plume",
    "type": "emit",
    "//": "Small plume of thick smoke (example: muzzle smoke)",
    "field": "fd_smoke",
    "intensity": 3,
    "qty": 6
  },
  {
    "id": "emit_small_smoke_plume",
    "type": "emit",
    "//": "Small plume of thick smoke (example: muzzle smoke)",
    "field": "fd_smoke",
    "intensity": 3,
    "qty": 3
  },
  {
    "id": "emit_smaller_smoke_plume",
    "type": "emit",
    "//": "Small plume of thick smoke (example: smallarms muzzle smoke)",
    "field": "fd_smoke",
    "qty": 1,
    "chance": 30
  },
  {
    "id": "emit_smoke_stream",
    "type": "emit",
    "//": "Steady stream of thick smoke (example: smoke bomb)",
    "field": "fd_smoke",
    "intensity": 3,
    "qty": 24
  },
  {
    "id": "emit_tear_gas_stream",
    "type": "emit",
    "//": "Steady stream of tear gas (example: tear gas canister)",
    "field": "fd_tear_gas",
    "intensity": 3,
    "qty": 18
  },
  {
    "id": "emit_tear_gas_blast",
    "type": "emit",
    "//": "Large blast of tear gas (example: tear gas canister)",
    "field": "fd_tear_gas",
    "intensity": 3,
    "qty": 200
  },
  {
    "id": "emit_toxic_blast",
    "type": "emit",
    "//": "Large blast of toxic gas (example: bloated zombie explosion)",
    "field": "fd_toxic_gas",
    "intensity": 3,
    "qty": 200
  },
  {
    "id": "emit_toxic_leak",
    "type": "emit",
    "//": "Slow infrequent leak of toxic gas (example: bloated zombie movement)",
    "field": "fd_toxic_gas",
    "intensity": 3,
    "chance": 15
  },
  {
    "id": "emit_toxic_stream",
    "type": "emit",
    "//": "Steady stream of toxic gas",
    "field": "fd_toxic_gas",
    "intensity": 3,
    "qty": 24
  },
  {
    "id": "emit_relax_gas_blast",
    "type": "emit",
    "//": "Large blast of relaxation gas (similar to riot control bot)",
    "field": "fd_relax_gas",
    "intensity": 3,
    "qty": 200
  },
  {
    "id": "emit_relax_gas_leak",
    "type": "emit",
    "//": "Periodic leaking of relaxation gas",
    "field": "fd_relax_gas",
    "intensity": 3,
    "chance": 15
  },
  {
    "id": "emit_tear_gas_leak",
    "type": "emit",
    "//": "Periodic leaking of tear gas",
    "field": "fd_tear_gas",
    "intensity": 3,
    "chance": 15
  },
  {
    "id": "emit_tear_gas_toad",
    "type": "emit",
    "//": "Periodic leaking of tear gas",
    "field": "fd_tear_gas",
    "intensity": 3,
    "chance": 15,
    "qty": 3
  },
  {
    "id": "emit_tindalos_gas_leak",
    "type": "emit",
    "//": "Slow infrequent leak of tindalos gas (example: hound of tindalos movement)",
    "field": "fd_tindalos_gas",
    "intensity": 3,
    "qty": 10,
    "chance": 15
  },
  {
    "id": "emit_toxic_cloud",
    "type": "emit",
    "//": "Small cloud of toxic gas emitted infrequently",
    "field": "fd_toxic_gas",
    "intensity": 3,
    "chance": 2,
    "qty": 10
  },
  {
    "id": "emit_toxic_belch",
    "type": "emit",
    "//": "Large cloud of toxic gas emitted infrequently",
    "field": "fd_toxic_gas",
    "intensity": 3,
    "chance": 1,
    "qty": 25
  },
  {
    "id": "emit_acid_drop",
    "type": "emit",
    "//": "Small amount of strong acid - will need more to melt anything",
    "field": "fd_acid",
    "intensity": 3,
    "chance": 50
  },
  {
    "id": "emit_shadow_field",
    "type": "emit",
    "field": "fd_shadow",
    "intensity": 1,
    "qty": 10,
    "chance": 100
  },
  {
    "id": "emit_spark",
    "type": "emit",
    "//": "small sparks",
    "field": "fd_electricity",
    "intensity": 1,
    "chance": 100,
    "qty": 1
  },
  {
    "id": "emit_shock_burst",
    "type": "emit",
    "//": "small cloud of lightning",
    "field": "fd_electricity",
    "intensity": 3,
    "chance": 1,
    "qty": 10
  },
  {
    "id": "emit_shock_burst_rat",
    "type": "emit",
    "//": "small cloud of lightning",
    "field": "fd_electricity",
    "intensity": 3,
    "chance": 5,
    "qty": 10
  },
  {
    "id": "emit_shock_cloud",
    "type": "emit",
    "//": "Thick cloud of lightning (example: incandescent husk)",
    "field": "fd_electricity",
    "intensity": 7,
    "qty": 6
  },
  {
    "id": "emit_shock_cloud_big",
    "type": "emit",
    "//": "Large cloud of lightning (example: supercharged incandescent husk)",
    "field": "fd_electricity",
    "intensity": 10,
    "qty": 12
  },
  {
    "id": "emit_cold_air2_stream",
    "type": "emit",
    "field": "fd_cold_air2",
    "intensity": 3,
    "qty": 50
  },
  {
    "id": "emit_cold_air2_blast",
    "type": "emit",
    "field": "fd_cold_air2",
    "intensity": 3,
    "qty": 100
  },
  {
    "id": "emit_hot_air2_stream",
    "type": "emit",
    "field": "fd_hot_air2",
    "intensity": 3,
    "qty": 50
  },
  {
    "id": "emit_pollen_stream",
    "type": "emit",
    "field": "fd_pollen_triffid",
    "intensity": 2,
    "qty": 24
  },
  {
    "id": "emit_hot_air2_blast",
    "type": "emit",
    "field": "fd_hot_air2",
    "intensity": 3,
    "qty": 100
  },
  {
    "id": "emit_heater_vehicle",
    "type": "emit",
    "field": "fd_hot_air2",
    "intensity": 3,
    "qty": 3,
    "chance": 100
  },
  {
    "id": "emit_cooler_vehicle",
    "type": "emit",
    "field": "fd_cold_air2",
    "intensity": 3,
    "qty": 3,
    "chance": 100
  },
  {
    "id": "emit_hot_air_migo_seep",
    "type": "emit",
    "field": "fd_hot_air_sauna",
    "intensity": 2,
    "qty": 60
  },
  {
    "id": "emit_hot_air_migo_blast",
    "type": "emit",
    "field": "fd_hot_air_sauna",
    "intensity": 3,
    "qty": 150
  },
  {
    "id": "emit_migo_atmosphere",
    "type": "emit",
    "field": "fd_migo_atmosphere",
    "intensity": 3,
    "qty": 300
  },
  {
    "id": "emit_glimmer",
    "type": "emit",
    "field": "fd_dazzling",
    "qty": 2,
    "chance": 75
  },
  {
    "id": "emit_plasma",
    "type": "emit",
    "field": "fd_plasma",
    "qty": 2,
    "chance": 75
  },
  {
    "id": "emit_plasma_continuously",
    "type": "emit",
    "field": "fd_plasma",
    "qty": 4,
    "chance": 100
  },
  {
    "id": "emit_fungicidal_stream",
    "type": "emit",
    "field": "fd_fungicidal_gas",
    "intensity": 3,
    "qty": 18
  },
  {
    "id": "emit_insecticidal_stream",
    "type": "emit",
    "field": "fd_insecticidal_gas",
    "intensity": 3,
    "qty": 18
  },
  {
    "id": "emit_small_fungicidal_stream",
    "type": "emit",
    "field": "fd_fungicidal_gas",
    "intensity": 2,
    "qty": 10
  },
  {
    "id": "emit_small_insecticidal_stream",
    "type": "emit",
    "field": "fd_insecticidal_gas",
    "intensity": 2,
    "qty": 10
  },
  {
    "id": "emit_fungal_haze_plume",
    "type": "emit",
    "field": "fd_fungal_haze",
    "intensity": 3,
    "qty": 3
  },
  {
    "id": "emit_fungal_leak",
    "type": "emit",
    "field": "fd_fungal_haze",
    "chance": 15
  },
  {
    "id": "emit_fungal_blast",
    "type": "emit",
    "field": "fd_fungal_haze",
    "qty": 200
  },
  {
    "id": "emit_hallucinogenic_spores",
    "type": "emit",
    "//": "Slow infrequent leak of hallucinogenic cloud",
    "field": "fd_hallucinogenic_spores",
    "intensity": 1,
    "qty": 4
  },
  {
    "id": "emit_hallucinogenic_spores_blast",
    "type": "emit",
    "field": "fd_hallucinogenic_spores",
    "intensity": 2,
    "qty": 200
  },
  {
    "id": "emit_swamp_gas_leak",
    "type": "emit",
    "field": "fd_swamp_gas",
    "intensity": 1,
    "chance": 15
  },
  {
    "id": "emit_fog_plume",
    "type": "emit",
    "field": "fd_fog",
    "intensity": 2,
    "qty": 200
  },
  {
    "id": "emit_extinguisher_burst",
    "type": "emit",
    "field": "fd_extinguisher",
    "intensity": 1,
    "qty": 10
  },
  {
    "id": "emit_rad_leak",
    "type": "emit",
    "field": "fd_nuke_gas",
    "intensity": 1,
    "qty": 1
  },
  {
    "id": "emit_rad_cloud",
    "//": "Negative, negative, it's a large reactor leak, very dangerous",
    "type": "emit",
    "field": "fd_nuke_gas",
    "intensity": 3,
    "qty": 100
  },
  {
    "id": "emit_web_small",
    "type": "emit",
    "//": "Occasionally leave a web, not too often because we spawn in mixed groups",
    "field": "fd_web",
    "intensity": 3,
    "chance": 50
  },
  {
    "id": "emit_sludge_puddle",
    "type": "emit",
    "//": "Infrequent emission of sludge along the ground, made because sludge trail is too frequent",
    "field": "fd_sludge",
    "intensity": 3,
    "chance": 20
  },
  {
    "id": "emit_tiny_fire",
    "type": "emit",
    "field": "fd_fire",
    "intensity": 1,
    "qty": 1
  },
  {
    "id": "emit_clairvoyant",
    "type": "emit",
    "field": "fd_clairvoyant",
    "intensity": 1,
    "qty": 9
  },
  {
    "id": "emit_bees",
    "type": "emit",
    "//": "Periodic swarm of bees",
    "field": "fd_bee_swarm",
    "intensity": 3,
    "chance": 15
  },
  {
    "id": "emit_monster_gas_1",
    "type": "emit",
    "field": "fd_nm_monster_gas_1",
    "intensity": 3,
    "chance": 10
  },
  {
    "id": "emit_monster_gas_2",
    "type": "emit",
    "field": "fd_nm_monster_gas_2",
    "intensity": 3,
    "chance": 10
  }
]
