[
  {
    "id": "DEBUG_ONLY",
    "type": "json_flag",
    "info": "This is not intended to be visible during normal gameplay.  <bad>Please file a bug report</bad> unless you are seeing this in the debug menu."
  },
  {
    "id": "ABLATIVE_CHAINMAIL_ARMS",
    "type": "json_flag",
    "info": "You can use this armor <info>with chainmail</info> without encumbrance penalty.",
    "restriction": "Item must be a chainmail compatible armor piece"
  },
  {
    "id": "ABLATIVE_CHAINMAIL_ELBOWS",
    "type": "json_flag",
    "info": "You can use this armor <info>with chainmail</info> without encumbrance penalty.",
    "restriction": "Item must be a chainmail compatible armor piece"
  },
  {
    "id": "ABLATIVE_CHAINMAIL_LEGS",
    "type": "json_flag",
    "info": "You can use this armor <info>with chainmail</info> without encumbrance penalty.",
    "restriction": "Item must be a chainmail compatible armor piece"
  },
  {
    "id": "ABLATIVE_CHAINMAIL_KNEES",
    "type": "json_flag",
    "info": "You can use this armor <info>with chainmail</info> without encumbrance penalty.",
    "restriction": "Item must be a chainmail compatible armor piece"
  },
  {
    "id": "ABLATIVE_CHAINMAIL_TORSO",
    "type": "json_flag",
    "info": "You can use this armor <info>with chainmail</info> without encumbrance penalty.",
    "restriction": "Item must be a chainmail compatible armor piece"
  },
  {
    "id": "ABLATIVE_LARGE",
    "type": "json_flag",
    "info": "This plate will fit in <info>large</info> armor pockets.",
    "restriction": "Item must be a large ablative plate"
  },
  {
    "id": "ABLATIVE_MANTLE",
    "type": "json_flag",
    "info": "This will hook to a <info>Hub 01 proprietary</info> mantle connector.",
    "restriction": "Item must be an armored mantle"
  },
  {
    "id": "STAR_PLATE",
    "type": "json_flag",
    "info": "This can be supported by the ryūsei battle kit.",
    "restriction": "Item must be resonance plate"
  },
  {
    "id": "STAR_SHOULDER",
    "type": "json_flag",
    "info": "This can be supported by the ryūsei battle kit.",
    "restriction": "Item must be resonance shoulder"
  },
  {
    "id": "STAR_SKIRT",
    "type": "json_flag",
    "info": "This can be supported by the ryūsei battle kit.",
    "restriction": "Item must be resonance skirt"
  },
  {
    "id": "ABLATIVE_MEDIUM",
    "type": "json_flag",
    "info": "This plate will fit in <info>medium</info> armor pockets.",
    "restriction": "Item must be a medium ablative plate"
  },
  {
    "id": "ABLATIVE_SKIRT",
    "type": "json_flag",
    "info": "This will hook to a <info>Hub 01 proprietary</info> skirt connector.",
    "restriction": "Item must be an armored skirt"
  },
  {
    "id": "ABLATIVE_HELMET",
    "type": "json_flag",
    "info": "This will hook to a <info>Hub 01 proprietary</info> helmet connector.",
    "restriction": "Item must be an armored helmet"
  },
  {
    "id": "ACTIVE_CLOAKING",
    "type": "json_flag",
    "info": "This gear has <info>cloaking tech</info> that will <good>make you invisible</good> when active, at the cost of <info>power from a UPS</info>."
  },
  {
    "id": "ALLOWS_TAIL",
    "type": "json_flag"
  },
  {
    "id": "ALLOWS_TALONS",
    "type": "json_flag"
  },
  {
    "id": "ALARMCLOCK",
    "type": "json_flag",
    "info": "This gear has an <info>alarm clock</info> feature."
  },
  {
    "id": "ALLOWS_BODY_BLOCK",
    "type": "json_flag",
    "info": "This item <info>allows to block with your body</info> when wielded as a weapon."
  },
  {
    "id": "ALLOWS_NATURAL_ATTACKS",
    "type": "json_flag",
    "info": "This clothing won't hinder special attacks that involve <info>mutated or cybernetic anatomy</info>."
  },
  {
    "id": "ALLOWS_REMOTE_USE",
    "type": "json_flag",
    "info": "This item can be activated or reloaded from an adjacent tile without picking it up."
  },
  {
    "id": "ALWAYS_AIMED",
    "type": "json_flag",
    "info": "This gun is <good>always fully aimed</good>."
  },
  {
    "id": "AURA",
    "type": "json_flag",
    "//": "This item goes in the outer aura layer, intended for metaphysical effects.",
    "info": "This is in your <info>outer aura</info>."
  },
  {
    "id": "BAROMETER",
    "type": "json_flag",
    "info": "This gear is equipped with an accurate barometer (which is used to measure atmospheric pressure)."
  },
  {
    "id": "BELT_CLIP",
    "type": "json_flag",
    "restriction": "Item must clip onto a belt loop",
    "info": "This item can be <info>clipped onto a belt loop</info> of the appropriate size."
  },
  {
    "id": "BELTED",
    "type": "json_flag",
    "//": "Layer for backpacks and things worn over outerwear.",
    "info": "This gear is <info>strapped</info> onto you."
  },
  {
    "id": "BIONIC_INSTALLATION_DATA",
    "type": "json_flag",
    "info": "This item <info>provides</info> instructions and other required data for several bionics, allowing installation of them with <good>minimal failure chance</good>."
  },
  {
    "id": "BIONIC_NPC_USABLE",
    "type": "json_flag",
    "info": "A <good>follower</good> could <info>make use of this CBM</info> if installed properly."
  },
  {
    "id": "BLIND",
    "type": "json_flag",
    "//": "Blinds the wearer while worn, and provides nominal protection vs flashbang flashes.",
    "info": "This gear <bad>prevents</bad> you from <info>seeing</info> anything."
  },
  {
    "id": "BLOCK_WHILE_WORN",
    "type": "json_flag",
    "info": "This item can be used to block attacks when worn."
  },
  {
    "id": "CALORIES_INTAKE",
    "type": "json_flag",
    "info": "This item enables you to keep track of calorie intake."
  },
  {
    "id": "CASELESS_ROUNDS",
    "type": "json_flag",
    "info": "Being caseless rounds, these <bad>cannot be disassembled or reloaded</bad>."
  },
  {
    "id": "CBM",
    "type": "json_flag",
    "info": "This item is a Compact Bionic Module.  You'll need to <info>use specialized machinery</info> or <info>ask a surgeon</info> to install it into your body."
  },
  {
    "id": "COLLAR",
    "type": "json_flag",
    "info": "This clothing has a <info>wide collar</info> that can keep your mouth warm if it is unencumbered."
  },
  {
    "id": "COLLAPSE_CONTENTS",
    "type": "json_flag",
    "info": "Contents are hidden by default in inventory view."
  },
  {
    "id": "DEAF",
    "type": "json_flag",
    "info": "This gear <bad>prevents</bad> you from <info>hearing any sounds</info>.",
    "conflicts": [ "PARTIAL_DEAF" ]
  },
  {
    "id": "OVERHEATS",
    "type": "json_flag",
    "info": "Continuously firing this weapon will cause it to <bad>overheat</bad> and <info>can potentially damage it</info>."
  },
  {
    "id": "DIAMOND",
    "type": "json_flag",
    "info": "This item has a <good>diamond coating</good> improving its <info>cutting or piercing damage</info>.",
    "inherit": false
  },
  {
    "id": "GEMSTONE",
    "type": "json_flag",
    "info": "This item is a precious gemstone, used for ornamentation.  This is mostly useless post-Cataclysm."
  },
  {
    "id": "DIG_TOOL",
    "type": "json_flag",
    "info": "While wielded, this item allows you to mine through rocks and other hard obstacles by moving into tiles with them.  Note that automatic mining option should be set to true for this to work."
  },
  {
    "id": "DURABLE_MELEE",
    "type": "json_flag",
    "info": "As a weapon, this item is <good>well-made</good> and will <info>withstand the punishment of combat</info>.",
    "conflicts": [ "FRAGILE_MELEE" ]
  },
  {
    "id": "EASY_CLEAN",
    "type": "json_flag",
    "info": "This gun is made of <info>relatively simple parts</info> which makes powder fouling <good>easier to clean</good>."
  },
  {
    "id": "FIELD_DRESS",
    "type": "json_flag"
  },
  {
    "id": "FIELD_DRESS_FAILED",
    "type": "json_flag"
  },
  {
    "id": "HIDDEN",
    "type": "json_flag",
    "info": "You have marked this article to not display a sprite when worn."
  },
  {
    "id": "QUARTERED",
    "type": "json_flag"
  },
  {
    "id": "SCIENCE_CARD",
    "type": "json_flag",
    "info": "You could probably use this to get into a secure science facility."
  },
  {
    "id": "MILITARY_CARD",
    "type": "json_flag",
    "info": "You could probably use this to get into a secure military facility."
  },
  {
    "id": "INDUSTRIAL_CARD",
    "type": "json_flag",
    "info": "You could probably use this to get into a secure industrial facility."
  },
  {
    "id": "COOP_CARD",
    "type": "json_flag",
    "info": "Gives you access to the artisans workshop."
  },
  {
    "id": "SKINNED",
    "type": "json_flag"
  },
  {
    "id": "BLED",
    "type": "json_flag"
  },
  {
    "id": "CANT_HEAL_EVERYONE",
    "type": "json_flag",
    "info": "This med can't be used by everyone, it requires a special mutation."
  },
  {
    "id": "CANT_WEAR",
    "type": "json_flag",
    "info": "This armor can't be worn directly.",
    "inherit": false
  },
  {
    "id": "DECAY_EXPOSED_ATMOSPHERE",
    "type": "json_flag",
    "info": "If exposed to the atmosphere, it will <bad>start to go bad</bad>."
  },
  {
    "id": "DIRTY",
    "type": "json_flag"
  },
  {
    "id": "EATEN_COLD",
    "type": "json_flag",
    "info": "This tastes <good>better</good> while <color_light_cyan>cold</color>."
  },
  {
    "id": "EATEN_HOT",
    "type": "json_flag",
    "info": "This tastes <good>better</good> while <color_red>hot</color>."
  },
  {
    "id": "ELECTRIC_IMMUNE",
    "type": "json_flag",
    "info": "This gear <good>completely protects</good> you from <info>electric discharges</info>."
  },
  {
    "id": "BIO_IMMUNE",
    "type": "json_flag",
    "info": "This gear <good>completely protects</good> you from <info>biological damage</info>."
  },
  {
    "id": "BASH_IMMUNE",
    "type": "json_flag",
    "info": "This gear <good>completely protects</good> you from <info>bash damage</info>."
  },
  {
    "id": "EMP_IMMUNE",
    "type": "json_flag",
    "info": "This gear <good>completely protects</good> you from <info>EMP blasts</info>."
  },
  {
    "id": "CUT_IMMUNE",
    "type": "json_flag",
    "info": "This gear <good>completely protects</good> you from <info>cut damage</info>."
  },
  {
    "id": "BULLET_IMMUNE",
    "type": "json_flag",
    "info": "This gear <good>completely protects</good> you from <info>bullet damage</info>."
  },
  {
    "id": "ACID_IMMUNE",
    "type": "json_flag",
    "info": "This gear <good>completely protects</good> you from <info>acid damage</info>."
  },
  {
    "id": "STAB_IMMUNE",
    "type": "json_flag",
    "info": "This gear <good>completely protects</good> you from <info>stab damage</info>."
  },
  {
    "id": "HEAT_IMMUNE",
    "type": "json_flag",
    "info": "This gear <good>completely protects</good> you from <info>high temperatures</info>."
  },
  {
    "id": "HELMET_FACE_SHIELD",
    "type": "json_flag",
    "info": "This item is attachable in the front of <info>hard hats and helmets</info> to protect your eyes or face.",
    "restriction": "Item must be some kind of face shield"
  },
  {
    "id": "HELMET_FRONT_ATTACHMENT",
    "type": "json_flag",
    "info": "This item is attachable in the front of <info>military helmets</info>.",
    "restriction": "Item must be some kind of frontal helmet attachment"
  },
  {
    "id": "HELMET_EAR_ATTACHMENT",
    "type": "json_flag",
    "info": "This item is attachable in <info>hard hats and helmets</info> to cover the ears.",
    "restriction": "Item must be some kind of ear attachment"
  },
  {
    "id": "HELMET_NAPE_PROTECTOR",
    "type": "json_flag",
    "info": "This item is attachable in <info>hard hats and helmets</info> as a nape protector.",
    "restriction": "Item must be some kind of nape protector"
  },
  {
    "id": "HELMET_MANDIBLE_GUARD",
    "type": "json_flag",
    "info": "This item is attachable as a mandible guard in military <info>helmets</info> or headgear specifically adapted with rails for attachments.",
    "restriction": "Item must be some kind of rail-mounted mandible guard"
  },
  {
    "id": "HELMET_MANDIBLE_GUARD_STRAPPED",
    "type": "json_flag",
    "info": "This item is attachable as a mandible guard in <info>hard hats and helmets</info>.",
    "restriction": "Item must be some kind of strapped mandible guard"
  },
  {
    "id": "HELMET_BACK_POUCH",
    "type": "json_flag",
    "info": "This item is attachable in the back of <info>hard hats and helmets</info> as a counterweight pouch.",
    "restriction": "Item must be some kind of back pouch"
  },
  {
    "id": "HELMET_HEAD_ATTACHMENT",
    "type": "json_flag",
    "info": "This item is attachable in <info>tactical helmets</info> as a flashlight.",
    "restriction": "Item must be some kind of flashlight"
  },
  {
    "id": "HELMET_AVENTAIL",
    "type": "json_flag",
    "info": "This item is attachable to metal cap helmets as a face and neck protective layer.",
    "restriction": "Item must be some kind of chainmail veil"
  },
  {
    "id": "BOOT_FINS",
    "type": "json_flag",
    "info": "This item is attachable to commercial diving boots as fins.",
    "restriction": "Item must be some kind of fins"
  },
  {
    "id": "BOOT_FINS_CUSTOM",
    "type": "json_flag",
    "info": "This item is attachable to custom diving boots as fins.",
    "restriction": "Item must be some kind of custom fins"
  },
  {
    "id": "HEAD_STRAP_MOUNT",
    "type": "json_flag",
    "info": "This item is attachable to straps and mountings on some masks and hoods.",
    "restriction": "Item must be some kind of item that can be attached to straps on masks and hoods"
  },
  {
    "id": "WRIST_MOUNT_ATTACHMENT",
    "type": "json_flag",
    "info": "This item is attachable to a proprietary wrist mount.",
    "restriction": "Item must be some kind of item that can be attached to a proprietary wrist mount"
  },
  {
    "id": "EXTRA_PLATING",
    "type": "json_flag",
    "info": "This item is wearable over some armors as an extra layer of plating.",
    "restriction": "Item must be some kind of strapped additional plating"
  },
  {
    "id": "COLD_IMMUNE",
    "type": "json_flag",
    "info": "This gear <good>completely protects</good> you from <info>low temperatures</info>."
  },
  {
    "id": "ACID",
    "type": "json_flag"
  },
  {
    "id": "CORROSIVE",
    "type": "json_flag"
  },
  {
    "id": "ONLY_ONE",
    "type": "json_flag",
    "info": "You can wear <info>only one</info>."
  },
  {
    "id": "ONE_PER_LAYER",
    "type": "json_flag",
    "info": "<info>Only one</info> item can be worn on this clothing layer."
  },
  {
    "id": "FANCY",
    "type": "json_flag",
    "//": "Wearing this clothing gives a morale bonus if the player has the Stylish trait.",
    "info": "This clothing is <info>fancy</info>.",
    "conflicts": [ "SUPER_FANCY" ]
  },
  {
    "id": "FIRE",
    "type": "json_flag",
    "info": "This item counts as <color_red>fire</color> for crafting purposes."
  },
  {
    "id": "FIRESTARTER",
    "type": "json_flag",
    "info": "This item can start <color_red>fire</color>."
  },
  {
    "id": "FIREWOOD",
    "type": "json_flag",
    "info": "This item can serve as a firewood."
  },
  {
    "id": "FIX_FARSIGHT",
    "type": "json_flag",
    "info": "This gear <good>corrects farsightedness</good>."
  },
  {
    "id": "FIX_NEARSIGHT",
    "type": "json_flag",
    "info": "This gear <good>corrects nearsightedness</good>."
  },
  {
    "id": "FILTHY",
    "type": "json_flag",
    "//": "Zombie-dropped clothing giving various penalties if Filthy mod is active.  Also CBMs harvested from zombies.",
    "craft_inherit": true,
    "info": "This item is <bad>filthy</bad>."
  },
  {
    "id": "FLASH_PROTECTION",
    "type": "json_flag",
    "//": "Used for eyes protection from flashbang."
  },
  {
    "id": "FLOTATION",
    "type": "json_flag",
    "info": "This clothing <info>prevents going underwater</info> including both <good>drowning</good> and <bad>diving</bad>."
  },
  {
    "id": "FIN",
    "type": "json_flag",
    "info": "This clothing has fins that <good>improve swimming speed</good>, but <bad>reduce movement speed</bad> on land."
  },
  {
    "id": "FRAGILE",
    "type": "json_flag",
    "info": "This gear is <bad>fragile</bad> and <info>won't protect you for long</info>.",
    "conflicts": [ "STURDY" ],
    "inherit": false
  },
  {
    "id": "FRAGILE_MELEE",
    "type": "json_flag",
    "info": "As a weapon, this item is <bad>flimsy</bad> and <info>won't last long in combat</info> before breaking apart.",
    "conflicts": [ "DURABLE_MELEE" ]
  },
  {
    "id": "GAS_PROOF",
    "type": "json_flag",
    "info": "This gear <good>completely protects</good> you from <info>any gas</info>."
  },
  {
    "id": "HOOD",
    "type": "json_flag",
    "info": "This clothing has a <info>hood</info> to keep your head warm if your head is unencumbered."
  },
  {
    "id": "HYGROMETER",
    "type": "json_flag",
    "info": "This gear is equipped with an accurate hygrometer (which is used to measure humidity)."
  },
  {
    "id": "BURNOUT",
    "type": "json_flag",
    "//": "You can visually inspect how much it is burned out (candle, torch)."
  },
  {
    "id": "BRASS_CATCHER",
    "type": "json_flag",
    "info": "This gun mod catches ejected casings."
  },
  {
    "id": "IRREMOVABLE",
    "type": "json_flag",
    "info": "This item is a component of the gun it is attached to.  It can't be removed without destroying it.",
    "inherit": false
  },
  {
    "id": "NORMAL",
    "type": "json_flag",
    "//": "Item is on the normal layer.",
    "info": "This gear <info>fits like</info> normal clothing."
  },
  {
    "id": "NO_CVD",
    "type": "json_flag",
    "//": "Item can never be used with a CVD machine."
  },
  {
    "id": "NO_REPAIR",
    "type": "json_flag",
    "//": "Prevents repairing of this item even if otherwise suitable tools exist.",
    "inherit": false
  },
  {
    "id": "NO_CLEAN",
    "type": "json_flag",
    "//": "items that are impossible to clean no matter how hard you try",
    "info": "This item is impossible to clean."
  },
  {
    "id": "NUTRIENT_OVERRIDE",
    "type": "json_flag",
    "//": "forces calories and vitamins to be the ones defined in the json, instead of inheriting from ingredients"
  },
  {
    "id": "OBSOLETE",
    "type": "json_flag",
    "//": "This thing has been removed from the game",
    "info": "This thing no longer spawns naturally and has been obsoleted."
  },
  {
    "id": "PLANTABLE_SEED",
    "type": "json_flag",
    "info": "You could probably <color_brown>plant</color> these."
  },
  {
    "id": "POST_UP",
    "type": "json_flag",
    "info": "This item can be put up on a wall, like a poster."
  },
  {
    "id": "MELTS",
    "type": "json_flag",
    "info": "This food <neutral>melts when not in a very cold climate</neutral>, and tastes much <good>better</good> when <color_light_cyan>frozen</color>."
  },
  {
    "id": "MAG_DESTROY",
    "type": "json_flag"
  },
  {
    "id": "MOP",
    "type": "json_flag"
  },
  {
    "id": "ARM_PROSTHETIC",
    "type": "json_flag",
    "//": "This clothing is a prosthetic limb for the arms, and can only be used as a replacement limb."
  },
  {
    "id": "LEG_PROSTHETIC",
    "type": "json_flag",
    "//": "This clothing is a prosthetic limb for the legs, and can only be used as a replacement limb."
  },
  {
    "id": "OUTER",
    "type": "json_flag",
    "//": "Outer garment layer.",
    "info": "This gear is generally <info>worn over</info> clothing."
  },
  {
    "id": "OVERSIZE",
    "type": "json_flag",
    "//": "Can always be worn no matter encumbrance/mutations/bionics/etc., but prevents any other clothing being worn over this.",
    "info": "This clothing is large enough to accommodate <info>abnormally large mutated anatomy</info>."
  },
  {
    "id": "UNDERSIZE",
    "type": "json_flag",
    "//": "This clothing can be worn comfortably by mutants with Tiny or Unassuming.  Too small for anyone else."
  },
  {
    "id": "PARTIAL_DEAF",
    "type": "json_flag",
    "info": "This gear <good>reduces</good> the volume of <info>sounds</info> to a safe level.",
    "conflicts": [ "DEAF" ]
  },
  {
    "id": "PERSONAL",
    "type": "json_flag",
    "//": "This item goes in the personal aura layer, intended for metaphysical effects.",
    "info": "This is in your <info>personal aura</info>."
  },
  {
    "id": "POCKETS",
    "type": "json_flag",
    "//": "Increases warmth for hands if the player's hands are cold and the player is wielding nothing.",
    "info": "This clothing has <info>pockets</info> to warm your hands when you are wielding nothing."
  },
  {
    "id": "POLEARM",
    "type": "json_flag",
    "info": "As a weapon, this item needs considerable space to use properly and does 70% of its normal damage to adjacent enemies."
  },
  {
    "id": "PREDATOR_FUN",
    "type": "json_flag",
    "//": "Designates a food that is usually undesirable but gives a morale bonus to characters with predator mutations."
  },
  {
    "id": "PRESERVE_SPAWN_OMT",
    "type": "json_flag",
    "//": "This item will store the OMT it spawned in the 'spawn_location_omt' var"
  },
  {
    "id": "PROVIDES_TECHNIQUES",
    "type": "json_flag",
    "//": "This item provides martial arts techniques in addition to the character's weapon"
  },
  {
    "id": "SPAWN_ACTIVE",
    "type": "json_flag",
    "//": "This item will spawn active. Not advised for items that drain power when active."
  },
  {
    "id": "STAB",
    "type": "json_flag"
  },
  {
    "id": "SPEAR",
    "type": "json_flag"
  },
  {
    "id": "PRIMITIVE_RANGED_WEAPON",
    "type": "json_flag"
  },
  {
    "id": "SOLARPACK_ON",
    "type": "json_flag"
  },
  {
    "id": "PSEUDO",
    "type": "json_flag"
  },
  {
    "id": "RADIOSIGNAL_1",
    "type": "json_flag"
  },
  {
    "id": "RADIOSIGNAL_2",
    "type": "json_flag"
  },
  {
    "id": "RADIOSIGNAL_3",
    "type": "json_flag"
  },
  {
    "id": "RADIO_ACTIVATION",
    "type": "json_flag"
  },
  {
    "id": "RADIO_MOD",
    "type": "json_flag"
  },
  {
    "id": "RADIOCARITEM",
    "type": "json_flag"
  },
  {
    "id": "DISCOUNT_VALUE_1",
    "type": "json_flag"
  },
  {
    "id": "DISCOUNT_VALUE_2",
    "type": "json_flag"
  },
  {
    "id": "DISCOUNT_VALUE_3",
    "type": "json_flag"
  },
  {
    "id": "MC_MOBILE",
    "type": "json_flag",
    "info": "Can be used to <info>store data</info> for other devices."
  },
  {
    "id": "MC_HAS_DATA",
    "type": "json_flag",
    "info": "Some of your data is <info>stored</info> here."
  },
  {
    "id": "NO_PARASITES",
    "type": "json_flag"
  },
  {
    "id": "MUSHY",
    "type": "json_flag"
  },
  {
    "id": "IRRADIATED",
    "type": "json_flag",
    "info": "This food item has been irradiated, and will spoil 4 times slower."
  },
  {
    "id": "FREEZERBURN",
    "type": "json_flag"
  },
  {
    "id": "OLD_CURRENCY",
    "type": "json_flag",
    "info": "This item used to be legal tender before the Cataclysm."
  },
  {
    "id": "NO_AUTO_CONSUME",
    "type": "json_flag"
  },
  {
    "id": "NO_WEAR_EFFECT",
    "type": "json_flag",
    "info": "This item can be worn, but it <neutral>won't provide any effects</neutral>."
  },
  {
    "id": "PADDED",
    "type": "json_flag",
    "info": "This item has notable padding and will be comfortable worn without clothing under it."
  },
  {
    "id": "PALS_SMALL",
    "type": "json_flag",
    "info": "This item will <good>attach directly</good> to <info>load bearing vests</info>, taking a <good>small amount of space</good>."
  },
  {
    "id": "PALS_MEDIUM",
    "type": "json_flag",
    "info": "This item will <good>attach directly</good> to <info>load bearing vests</info>, taking an average amount of space."
  },
  {
    "id": "PALS_LARGE",
    "type": "json_flag",
    "info": "This item will <good>attach directly</good> to <info>load bearing vests</info>, taking a <bad>large amount of space</bad>."
  },
  {
    "id": "PSYSHIELD_PARTIAL",
    "type": "json_flag",
    "//": "25% chance to protect against fear_paralyze monster attack.",
    "info": "This gear <good>keeps out</good> the <info>mind control rays</info>."
  },
  {
    "id": "RAD_DETECT",
    "type": "json_flag",
    "info": "This item can <good>detect</good> dangerous levels of <info>radiation</info>."
  },
  {
    "id": "RAD_PROOF",
    "type": "json_flag",
    "info": "This clothing <good>completely protects</good> you from <info>radiation</info>.",
    "conflicts": [ "RAD_RESIST" ]
  },
  {
    "id": "RAD_RESIST",
    "type": "json_flag",
    "info": "This clothing <good>partially protects</good> you from <info>radiation</info>.",
    "conflicts": [ "RAD_PROOF" ]
  },
  {
    "id": "RAD_STERILIZED",
    "type": "json_flag",
    "info": "Sterilized using radiation, so it's <good>safe to eat</good>."
  },
  {
    "id": "REQUIRES_BALANCE",
    "type": "json_flag",
    "info": "This gear requires careful balance to use.  Being hit while wearing it could make you <bad>fall down</bad>."
  },
  {
    "id": "ROLLER_ONE",
    "type": "json_flag"
  },
  {
    "id": "ROLLER_INLINE",
    "type": "json_flag"
  },
  {
    "id": "ROLLER_QUAD",
    "type": "json_flag"
  },
  {
    "id": "TWO_WAY_RADIO",
    "type": "json_flag",
    "info": "This item can be used to communicate with radio waves."
  },
  {
    "id": "PERFECT_LOCKPICK",
    "type": "json_flag",
    "info": "This item can be used to <info>pick locks</info> with <good>zero effort</good>."
  },
  {
    "id": "RAINPROOF",
    "type": "json_flag",
    "//": "Prevents the covered body-part(s) from getting wet in the rain.",
    "info": "This clothing is designed to keep you <info>dry</info> in the rain."
  },
  {
    "id": "RESTRICT_HANDS",
    "type": "json_flag",
    "//": "Prevents the player from wielding a weapon two-handed, forcing one-handed use if the weapon permits it."
  },
  {
    "id": "SEMITANGIBLE",
    "type": "json_flag",
    "//": "Prevents the item from participating in the encumbrance system when worn.",
    "info": "It seems <info>partially intangible</info>, and can occupy the same space as other things when worn."
  },
  {
    "id": "SHEATH_AXE",
    "type": "json_flag",
    "restriction": "Item must fit in an axe sheath",
    "info": "This item can <info>fit in an axe sheath</info> of the appropriate size."
  },
  {
    "id": "SHEATH_KNIFE",
    "type": "json_flag",
    "restriction": "Item must fit in a sheath",
    "info": "This item can <info>fit in a sheath</info> of the appropriate size."
  },
  {
    "id": "SHEATH_SWORD",
    "type": "json_flag",
    "restriction": "Item must fit in a scabbard",
    "info": "This item can <info>fit in a scabbard</info> of the appropriate size."
  },
  {
    "id": "SHEATH_SPEAR",
    "type": "json_flag",
    "restriction": "Item must attach to a spear strap",
    "info": "This item can <info>attach to a spear strap</info> of the appropriate size."
  },
  {
    "id": "SHEATH_BOW",
    "type": "json_flag",
    "restriction": "Item must fit in a bow sling",
    "info": "This item can <info>fit in a bow sling</info> of the appropriate size."
  },
  {
    "id": "SHEATH_GOLF",
    "type": "json_flag",
    "//": "This item can be stored in a bag of the appropriate size."
  },
  {
    "id": "SKINTIGHT",
    "type": "json_flag",
    "//": "Undergarment layer.",
    "info": "This clothing <info>lies close</info> to the skin."
  },
  {
    "id": "SLEEP_AID",
    "type": "json_flag",
    "info": "This item provides comfort during sleep."
  },
  {
    "id": "SLEEP_AID_CONTAINER",
    "type": "json_flag"
  },
  {
    "id": "REVIVE_SPECIAL",
    "type": "json_flag"
  },
  {
    "id": "STURDY",
    "type": "json_flag",
    "info": "This clothing will <good>protect</good> you from harm and withstand <info>a lot of abuse</info>.",
    "conflicts": [ "FRAGILE" ],
    "inherit": false
  },
  {
    "id": "SUN_GLASSES",
    "type": "json_flag",
    "//": "Prevents glaring when in sunlight.",
    "info": "This clothing keeps the <info>glare</info> out of your eyes."
  },
  {
    "id": "SUPER_FANCY",
    "type": "json_flag",
    "//": "Gives an additional moral bonus over FANCY if the player has the Stylish trait.",
    "info": "This clothing is <info>very fancy</info>.",
    "conflicts": [ "FANCY" ]
  },
  {
    "id": "SWIM_GOGGLES",
    "type": "json_flag",
    "//": "Allows you to see much further under water.",
    "info": "This clothing allows you to <good>see much further</good> <info>under water</info>."
  },
  {
    "id": "THERMOMETER",
    "type": "json_flag",
    "info": "This gear is equipped with an <info>accurate thermometer</info>."
  },
  {
    "id": "VARSIZE",
    "type": "json_flag",
    "//": "Can be made to fit via tailoring."
  },
  {
    "id": "WAIST",
    "type": "json_flag",
    "//": "Layer for belts and other things worn on the waist.",
    "info": "This gear is worn on or around your <info>waist</info>."
  },
  {
    "id": "WATCH",
    "type": "json_flag",
    "//": "Acts as a watch and allows the player to see actual time.",
    "info": "This gear allows to see <info>actual time</info>."
  },
  {
    "id": "WATERPROOF",
    "type": "json_flag",
    "//": "Prevents the covered body-part(s) from getting wet in any circumstance.",
    "info": "This clothing <info>won't let water through</info>.  Even if you jump into a river."
  },
  {
    "id": "WATER_FRIENDLY",
    "type": "json_flag",
    "//": "Prevents the item from making the body part count as unfriendly to water and thus causing negative morale from being wet.",
    "info": "This clothing <good>performs well</good> even when <info>soaking wet</info>.  This can feel good."
  },
  {
    "id": "ITEM_BROKEN",
    "type": "json_flag",
    "info": "This item was broken and <bad>won't activate anymore</bad>."
  },
  {
    "id": "WATER_BREAK",
    "type": "json_flag",
    "info": "This item <bad>will get broken</bad> by water."
  },
  {
    "id": "WATER_BREAK_ACTIVE",
    "type": "json_flag",
    "info": "This item <bad>will get broken</bad> by water if it gets <info>submerged while active</info>."
  },
  {
    "id": "WATER_DISSOLVE",
    "type": "json_flag",
    "info": "This item <bad>will get dissolved</bad> in water."
  },
  {
    "id": "WET",
    "type": "json_flag"
  },
  {
    "id": "POWERARMOR_COMPATIBLE",
    "type": "json_flag",
    "//": "Allows power armor to be worn with compatible armors like ear plugs and mouthpieces.",
    "info": "This item can be worn simultaneously with power armor."
  },
  {
    "id": "ZERO_WEIGHT",
    "type": "json_flag"
  },
  {
    "id": "ZOOM",
    "type": "json_flag",
    "info": "This item can be used to <good>better</good> see <info>things far away</info>."
  },
  {
    "id": "furred",
    "type": "json_flag",
    "info": "This clothing has a fur lining sewn into it to <good>increase</good> its overall <info>warmth</info>."
  },
  {
    "id": "kevlar_padded",
    "type": "json_flag",
    "info": "This gear has Kevlar inserted into strategic locations to <good>increase protection</good> with some <bad>increase to encumbrance</bad>."
  },
  {
    "id": "leather_padded",
    "type": "json_flag",
    "info": "This gear has certain parts padded with leather to <good>increase protection</good> with moderate <bad>increase to encumbrance</bad>."
  },
  {
    "id": "steel_padded",
    "type": "json_flag",
    "info": "This gear has certain parts padded with steel to <good>increase protection</good> with moderate <bad>increase to encumbrance</bad>."
  },
  {
    "id": "wooled",
    "type": "json_flag",
    "info": "This clothing has a wool lining sewn into it to <good>increase</good> its overall <info>warmth</info>."
  },
  {
    "id": "WONT_TRAIN_MARKSMANSHIP",
    "type": "json_flag",
    "//": "This gun wont train marksmanship when fired.  Used in Aftershock smart guns."
  },
  {
    "id": "NANOFAB_REPAIR",
    "type": "json_flag",
    "info": "This item has a holographic patch that reflects the light oddly.  It was constructed in a nanofabricator and can be <info>repaired in one</info>."
  },
  {
    "id": "NANOFAB_TEMPLATE",
    "type": "json_flag",
    "info": "This item contains a nanofabricator recipe."
  },
  {
    "id": "NANOFAB_TEMPLATE_SINGLE_USE",
    "type": "json_flag",
    "info": "This template is copy protected and will be <bad>destroyed</bad> after a single use."
  },
  {
    "id": "BIONIC_FAULTY",
    "type": "json_flag",
    "info": "This bionic is <bad>faulty</bad>."
  },
  {
    "id": "BIONIC_POWER_SOURCE",
    "type": "json_flag",
    "info": "This bionic provides power."
  },
  {
    "id": "BIONIC_TOGGLED",
    "type": "json_flag",
    "//": "This bionic only has a function when activated, else it causes its effect every turn."
  },
  {
    "id": "BIONIC_GUN",
    "type": "json_flag",
    "//": "This bionic is a gun bionic and activating it will fire it.  Prevents all other activation effects."
  },
  {
    "id": "BIONIC_WEAPON",
    "type": "json_flag",
    "//": "This bionic is a weapon bionic and activating it will create (or destroy) bionic's fake_item in user's hands.  Prevents all other activation effects."
  },
  {
    "id": "BIONIC_ARMOR_INTERFACE",
    "type": "json_flag",
    "info": "This bionic can provide power to powered armor."
  },
  {
    "id": "PERMANENT",
    "type": "json_flag",
    "//": "This makes the spell's effects permanent."
  },
  {
    "id": "NO_FAIL",
    "type": "json_flag",
    "//": "Spellcasting never fails for this spell"
  },
  {
    "id": "IGNORE_WALLS",
    "type": "json_flag",
    "//": "This makes the spell's Area of Effect ignore walls."
  },
  {
    "id": "MAGIC_FOCUS",
    "type": "json_flag",
    "//": "You can cast spells with this item in your hand."
  },
  {
    "id": "HOSTILE_SUMMON",
    "type": "json_flag",
    "//": "This makes the spell's summoned monster always hostile.  Note that the spell needs to be a summon spell for this to do anything."
  },
  {
    "id": "HOSTILE_50",
    "type": "json_flag",
    "//": "This makes the spell's summoned monster hostile 50% of the time.  Note that the spell needs to be a summon spell for this to do anything."
  },
  {
    "id": "SILENT",
    "type": "json_flag",
    "//": "The spell makes no sound at its point of impact."
  },
  {
    "id": "LOUD",
    "type": "json_flag",
    "//": "This spell is much louder at its point of impact."
  },
  {
    "id": "VERBAL",
    "type": "json_flag",
    "//": "The caster must speak in order to cast the spell.  More mouth encumbrance increases failure percent, and the caster speaks when casting."
  },
  {
    "id": "SOMATIC",
    "type": "json_flag",
    "//": "The spell requires arm movement to cast.  Arm encumbrance affects failure percentage and casting time."
  },
  {
    "id": "NO_HANDS",
    "type": "json_flag",
    "//": "The spell does not require hands in order to cast it.  Encumbrance penalties on hands are nullified."
  },
  {
    "id": "NO_LEGS",
    "type": "json_flag",
    "//": "This spell does not require leg movement in order to be cast.  All encumbrance penalties for legs are nullified."
  },
  {
    "id": "CONCENTRATE",
    "type": "json_flag",
    "//": "This spell requires focus to cast.  The lower your focus, the higher failure rate to cast."
  },
  {
    "id": "WONDER",
    "type": "json_flag",
    "//": "Chooses a spell at random to cast from extra_effects.  See MAGIC.md for details"
  },
  {
    "id": "EXTRA_EFFECTS_FIRST",
    "type": "json_flag",
    "//": "A spell extra effects are cast before the main spell.  See MAGIC.md for details"
  },
  {
    "id": "PAIN_NORESIST",
    "type": "json_flag",
    "//": "pain altering spells can't be resisted (like with the deadened trait)"
  },
  {
    "id": "SPAWN_WITH_DEATH_DROPS",
    "type": "json_flag",
    "//": "Allows summoned monsters to drop their usual death drops.  Otherwise, summoned monsters drop nothing on death."
  },
  {
    "id": "TEMPORARY_SHAPESHIFT",
    "type": "json_flag",
    "//": "The character is in a form other than their natural one due to some preternatural effect."
  },
  {
    "id": "SHAPESHIFT_SIZE_TINY",
    "type": "json_flag",
    "//": "Due to shapeshifting, the character is size Tiny."
  },
  {
    "id": "SHAPESHIFT_SIZE_SMALL",
    "type": "json_flag",
    "//": "Due to shapeshifting, the character is size Small."
  },
  {
    "id": "SHAPESHIFT_SIZE_LARGE",
    "type": "json_flag",
    "//": "Due to shapeshifting, the character is size Large."
  },
  {
    "id": "SHAPESHIFT_SIZE_HUGE",
    "type": "json_flag",
    "//": "Due to shapeshifting, the character is size Huge."
  },
  {
    "id": "NON_THRESH",
    "type": "json_flag",
    "//": "This mutation does not count toward thresholds at all."
  },
  {
    "id": "ROBUST_GENETIC",
    "type": "json_flag",
    "//": "Applies robust genetic bonus - mutations give only 1 unit of instability for all traits instead of 1 unit for your current tree, and 2 for any outer tree."
  },
  {
    "id": "HIDDEN_HALLU",
    "type": "json_flag",
    "craft_inherit": true,
    "//": "Contains hallucinogenic compounds from foraged foods."
  },
  {
    "id": "HIDDEN_POISON",
    "type": "json_flag",
    "craft_inherit": true,
    "//": "Contains poisonous compounds from foraged foods."
  },
  {
    "id": "BAD_TASTE",
    "type": "json_flag",
    "craft_inherit": true,
    "taste_mod": -5,
    "//": "Has a bad taste or texture that can't be covered up through cooking.",
    "info": "This food is <bad>unappetizing</bad> in a way that <bad>can't be covered up by most cooking</bad>."
  },
  {
    "id": "RAW",
    "type": "json_flag",
    "//": "Decreases calories as they appear in JSON def by 25%.  This penalty is removed if the item is used in a recipe that requires heating.",
    "info": "This food is <info>raw</info>, and will be <good>more nutritious</good> if cooked."
  },
  {
    "id": "CANNIBALISM",
    "type": "json_flag",
    "//": "Obsoleted!"
  },
  {
    "id": "STRICT_HUMANITARIANISM",
    "type": "json_flag",
    "craft_inherit": true
  },
  {
    "id": "ALLERGEN_BREAD",
    "type": "json_flag"
  },
  {
    "id": "ALLERGEN_CHEESE",
    "type": "json_flag"
  },
  {
    "id": "ALLERGEN_DRIED_VEGETABLE",
    "type": "json_flag"
  },
  {
    "id": "ALLERGEN_EGG",
    "type": "json_flag"
  },
  {
    "id": "ALLERGEN_FRUIT",
    "type": "json_flag"
  },
  {
    "id": "ALLERGEN_JUNK",
    "type": "json_flag"
  },
  {
    "id": "ALLERGEN_MEAT",
    "type": "json_flag"
  },
  {
    "id": "ALLERGEN_MILK",
    "type": "json_flag"
  },
  {
    "id": "ALLERGEN_NUT",
    "type": "json_flag"
  },
  {
    "id": "ALLERGEN_VEGGY",
    "type": "json_flag"
  },
  {
    "id": "ALLERGEN_WHEAT",
    "type": "json_flag"
  },
  {
    "id": "ALLERGEN_WOOL",
    "type": "json_flag"
  },
  {
    "id": "ANIMAL_PRODUCT",
    "type": "json_flag"
  },
  {
    "id": "ALWAYS_TWOHAND",
    "info": "<bad>You must</bad> have two free hands to wield this item.",
    "type": "json_flag"
  },
  {
    "id": "APPLIANCE",
    "type": "json_flag"
  },
  {
    "id": "BIPOD",
    "type": "json_flag"
  },
  {
    "id": "BIRD",
    "type": "json_flag"
  },
  {
    "id": "BOMB",
    "type": "json_flag"
  },
  {
    "id": "BYPRODUCT",
    "type": "json_flag"
  },
  {
    "id": "CABLE_SPOOL",
    "type": "json_flag"
  },
  {
    "id": "CAMERA_PRO",
    "type": "json_flag"
  },
  {
    "id": "CANNIBAL",
    "type": "json_flag"
  },
  {
    "id": "CARNIVORE_OK",
    "type": "json_flag"
  },
  {
    "id": "CASING",
    "type": "json_flag"
  },
  {
    "id": "CATTLE",
    "type": "json_flag"
  },
  {
    "id": "CHALLENGE",
    "type": "json_flag"
  },
  {
    "id": "CHARGEDIM",
    "type": "json_flag"
  },
  {
    "id": "CITY_START",
    "type": "json_flag"
  },
  {
    "id": "COLD",
    "type": "json_flag"
  },
  {
    "id": "COLLAPSIBLE_STOCK",
    "//": "this is deprecated for the COLLAPSED_STOCK and FOLDED_STOCK, kept around for mod support",
    "type": "json_flag"
  },
  {
    "id": "REMOVED_STOCK",
    "//": "for weapons whose stock has been cut off.",
    "type": "json_flag",
    "info": "This item has had its stock removed, it will be hard to shoot with."
  },
  {
    "id": "FOLDED_STOCK",
    "//": "for weapons that stock folds to one side, no change in volume.",
    "type": "json_flag",
    "info": "This items stock is folded it will be hard to shoot with."
  },
  {
    "id": "COLLAPSED_STOCK",
    "//": "for weapons that stock collapses into the body reducing volume as well.",
    "type": "json_flag",
    "info": "This items stock is collapsed it will be hard to shoot with."
  },
  {
    "id": "CONDUCTIVE",
    "type": "json_flag"
  },
  {
    "id": "CONSUMABLE",
    "type": "json_flag"
  },
  {
    "id": "COOKED",
    "type": "json_flag"
  },
  {
    "id": "CORPSE",
    "type": "json_flag"
  },
  {
    "id": "CRUTCHES",
    "type": "json_flag"
  },
  {
    "id": "CUSTOM_EXPLOSION",
    "type": "json_flag"
  },
  {
    "id": "DANGEROUS",
    "type": "json_flag"
  },
  {
    "id": "DIMENSIONAL_ANCHOR",
    "type": "json_flag"
  },
  {
    "id": "PORTAL_PROOF",
    "type": "json_flag"
  },
  {
    "id": "TELEPORT_LOCK",
    "type": "json_flag"
  },
  {
    "id": "DISABLE_SIGHTS",
    "type": "json_flag"
  },
  {
    "id": "DROP_ACTION_ONLY_IF_LIQUID",
    "type": "json_flag"
  },
  {
    "id": "EDIBLE_FROZEN",
    "type": "json_flag"
  },
  {
    "id": "EFFECT_IMPEDING",
    "type": "json_flag"
  },
  {
    "id": "ENCUMBRANCE_UPDATE",
    "type": "json_flag"
  },
  {
    "id": "ETHEREAL_ITEM",
    "type": "json_flag"
  },
  {
    "id": "E_COMBUSTION",
    "type": "json_flag"
  },
  {
    "id": "FAKE_MILL",
    "type": "json_flag"
  },
  {
    "id": "FAKE_SMOKE",
    "type": "json_flag"
  },
  {
    "id": "FELINE",
    "type": "json_flag"
  },
  {
    "id": "FERTILIZER",
    "type": "json_flag"
  },
  {
    "id": "FIT",
    "type": "json_flag"
  },
  {
    "id": "FLAMING",
    "type": "json_flag"
  },
  {
    "id": "FORAGE_HALLU",
    "type": "json_flag"
  },
  {
    "id": "FORAGE_POISON",
    "type": "json_flag"
  },
  {
    "id": "FROZEN",
    "type": "json_flag"
  },
  {
    "id": "FUNGAL_VECTOR",
    "type": "json_flag"
  },
  {
    "id": "GAS_DISCOUNT",
    "type": "json_flag"
  },
  {
    "id": "GIBBED",
    "type": "json_flag"
  },
  {
    "id": "GNV_EFFECT",
    "type": "json_flag"
  },
  {
    "id": "HIDDEN_ITEM",
    "type": "json_flag"
  },
  {
    "id": "HOT",
    "type": "json_flag"
  },
  {
    "id": "HURT_WHEN_WIELDED",
    "type": "json_flag"
  },
  {
    "id": "INEDIBLE",
    "type": "json_flag"
  },
  {
    "id": "INITIAL_PART",
    "type": "json_flag"
  },
  {
    "id": "INSPIRATIONAL",
    "type": "json_flag"
  },
  {
    "id": "INSTALL_DIFFICULT",
    "type": "json_flag"
  },
  {
    "id": "INTEGRATED",
    "type": "json_flag",
    "info": "This is <info>integrated into the body</info>."
  },
  {
    "id": "MORPHIC",
    "type": "json_flag",
    "info": "This is <info>naturally sized to the body</info>."
  },
  {
    "id": "IS_ARMOR",
    "type": "json_flag"
  },
  {
    "id": "IS_PET_ARMOR",
    "type": "json_flag"
  },
  {
    "id": "IS_UPS",
    "type": "json_flag",
    "info": "This item provides power to <info>UPS compatible items</info>.",
    "inherit": false
  },
  {
    "id": "LEAK_DAM",
    "type": "json_flag"
  },
  {
    "id": "LITCIG",
    "type": "json_flag"
  },
  {
    "id": "LUPINE",
    "type": "json_flag"
  },
  {
    "id": "MAG_BELT",
    "type": "json_flag"
  },
  {
    "id": "MAG_BULKY",
    "type": "json_flag",
    "info": "This item is <bad>bulky</bad> and may not fit in all magazine pockets.",
    "restriction": "Item must be a bulky magazine"
  },
  {
    "id": "MAG_EJECT",
    "type": "json_flag"
  },
  {
    "id": "MANUAL_CBM_INSTALLATION",
    "type": "json_flag"
  },
  {
    "id": "MECH_BAT",
    "type": "json_flag"
  },
  {
    "id": "MESSY",
    "type": "json_flag"
  },
  {
    "id": "MISSION_ITEM",
    "type": "json_flag"
  },
  {
    "id": "MODULE_HOLDER",
    "//": "Allows enchantment check to get modules in pockets of this item (modules are items which have an enchantment effect and the HAS:WORN flag.",
    "type": "json_flag"
  },
  {
    "id": "MOUNTED_GUN",
    "info": "This weapon is <bad>too unwieldy</bad> to fire on its own and <info>must be mounted</info> on a vehicle or furniture (window, table, mound of dirt, etc.) before use.",
    "type": "json_flag"
  },
  {
    "id": "MUNDANE",
    "//": "For items that have relic data but aren't actually magic",
    "info": "This item is designed to have special effects",
    "type": "json_flag"
  },
  {
    "id": "RELIC_PINK",
    "//": "For items that do not have relic data, but intended to be magical; changes the color of item to pink",
    "type": "json_flag"
  },
  {
    "id": "MUTAGEN_SAMPLE",
    "type": "json_flag",
    "info": "Used in the <neutral>creation of mutagenic drugs</neutral>."
  },
  {
    "id": "MUTAGEN_CATALYST",
    "type": "json_flag",
    "info": "Injecting it will <neutral>jumpstart mutation</neutral>."
  },
  {
    "id": "MUTAGEN_PRIMER",
    "type": "json_flag",
    "info": "Injecting it will <neutral>prime your body for mutation</neutral>."
  },
  {
    "id": "MYCUS_OK",
    "type": "json_flag"
  },
  {
    "id": "NEEDS_NO_LUBE",
    "type": "json_flag"
  },
  {
    "id": "MAGICAL",
    "//": "Does not specifically cause magical effects, but used to know if an item can be considered magical by the code",
    "type": "json_flag"
  },
  {
    "id": "NEEDS_UNFOLD",
    "//": "should not be used for folding mods, use a transforming mod instead",
    "type": "json_flag"
  },
  {
    "id": "NEGATIVE_MONOTONY_OK",
    "type": "json_flag"
  },
  {
    "id": "NEVER_JAMS",
    "type": "json_flag"
  },
  {
    "id": "NONCONDUCTIVE",
    "type": "json_flag"
  },
  {
    "id": "NON_FOULING",
    "type": "json_flag"
  },
  {
    "id": "NO_DROP",
    "type": "json_flag"
  },
  {
    "id": "NO_INGEST",
    "type": "json_flag"
  },
  {
    "id": "NO_PACKED",
    "type": "json_flag"
  },
  {
    "id": "NO_RELOAD",
    "type": "json_flag"
  },
  {
    "id": "NO_SALVAGE",
    "type": "json_flag"
  },
  {
    "id": "NO_STERILE",
    "type": "json_flag"
  },
  {
    "id": "NO_TAKEOFF",
    "type": "json_flag"
  },
  {
    "id": "NO_TURRET",
    "type": "json_flag",
    "//": "This flag should only be applied to GUN definitions, it will prevent generation of a turret vehicle part for the gun.  This blocks fake guns, or player unobtainable ones from appearing in turret list."
  },
  {
    "id": "NO_UNLOAD",
    "type": "json_flag",
    "inherit": false
  },
  {
    "id": "NO_UNWIELD",
    "type": "json_flag"
  },
  {
    "id": "NPC_ACTIVATE",
    "type": "json_flag"
  },
  {
    "id": "NPC_ALT_ATTACK",
    "type": "json_flag"
  },
  {
    "id": "NPC_SAFE",
    "type": "json_flag"
  },
  {
    "id": "NPC_THROWN",
    "type": "json_flag"
  },
  {
    "id": "NPC_THROW_NOW",
    "type": "json_flag"
  },
  {
    "id": "NVG_GREEN",
    "type": "json_flag"
  },
  {
    "id": "ORGANIC",
    "type": "json_flag"
  },
  {
    "id": "PERPETUAL",
    "type": "json_flag"
  },
  {
    "id": "PLACE_RANDOMLY",
    "type": "json_flag"
  },
  {
    "id": "POWERED",
    "type": "json_flag"
  },
  {
    "id": "PROCESSING",
    "type": "json_flag"
  },
  {
    "id": "PROCESSING_RESULT",
    "type": "json_flag"
  },
  {
    "id": "PULPED",
    "type": "json_flag"
  },
  {
    "id": "PUMP_ACTION",
    "type": "json_flag"
  },
  {
    "id": "RADIOACTIVE",
    "type": "json_flag"
  },
  {
    "id": "RADIOCAR",
    "type": "json_flag"
  },
  {
    "id": "RADIO_CONTAINER",
    "type": "json_flag"
  },
  {
    "id": "RADIO_INVOKE_PROC",
    "type": "json_flag"
  },
  {
    "id": "RAIN_PROTECT",
    "type": "json_flag"
  },
  {
    "id": "REACH3",
    "type": "json_flag"
  },
  {
    "id": "REACH_ATTACK",
    "type": "json_flag"
  },
  {
    "id": "REBREATHER",
    "type": "json_flag"
  },
  {
    "id": "RECHARGE",
    "type": "json_flag"
  },
  {
    "id": "REDUCED_BASHING",
    "type": "json_flag"
  },
  {
    "id": "REDUCED_WEIGHT",
    "type": "json_flag"
  },
  {
    "id": "RELOAD_AND_SHOOT",
    "type": "json_flag"
  },
  {
    "id": "RELOAD_EJECT",
    "type": "json_flag"
  },
  {
    "id": "RELOAD_ONE",
    "type": "json_flag"
  },
  {
    "id": "REQUIRES_TINDER",
    "type": "json_flag"
  },
  {
    "id": "SAFECRACK",
    "type": "json_flag"
  },
  {
    "id": "SLEEP_IGNORE",
    "type": "json_flag"
  },
  {
    "id": "SLOW_WIELD",
    "type": "json_flag"
  },
  {
    "id": "SMOKABLE",
    "type": "json_flag"
  },
  {
    "id": "SMOKED",
    "type": "json_flag"
  },
  {
    "id": "SOLARPACK",
    "type": "json_flag"
  },
  {
    "id": "SPEEDLOADER",
    "info": "This item can quickly reload rounds into gun or magazine that <info>have enough space</info>.",
    "type": "json_flag",
    "conflicts": [ "SPEEDLOADER_CLIP" ]
  },
  {
    "id": "SPEEDLOADER_CLIP",
    "info": "This item can quickly reload rounds into gun or magazine that <info>don't have enough space</info>.",
    "type": "json_flag",
    "conflicts": [ "SPEEDLOADER" ]
  },
  {
    "id": "SPLINT",
    "type": "json_flag"
  },
  {
    "id": "STR_RELOAD",
    "type": "json_flag"
  },
  {
    "id": "TACK",
    "type": "json_flag"
  },
  {
    "id": "TANGLE",
    "type": "json_flag"
  },
  {
    "id": "TARDIS",
    "type": "json_flag"
  },
  {
    "id": "TIE_UP",
    "type": "json_flag"
  },
  {
    "id": "TINDER",
    "type": "json_flag"
  },
  {
    "id": "TOBACCO",
    "type": "json_flag"
  },
  {
    "id": "TOUGH_FEET",
    "type": "json_flag"
  },
  {
    "id": "PAIN_IMMUNE",
    "type": "json_flag"
  },
  {
    "id": "TOURNIQUET",
    "type": "json_flag"
  },
  {
    "id": "TOW_CABLE",
    "type": "json_flag"
  },
  {
    "id": "TRADER_AVOID",
    "type": "json_flag"
  },
  {
    "id": "TRADER_KEEP",
    "type": "json_flag"
  },
  {
    "id": "TRADER_KEEP_EQUIPPED",
    "type": "json_flag"
  },
  {
    "id": "UNDERWATER_GUN",
    "type": "json_flag"
  },
  {
    "id": "UNRECOVERABLE",
    "type": "json_flag"
  },
  {
    "id": "URSINE_HONEY",
    "type": "json_flag"
  },
  {
    "id": "USES_BIONIC_POWER",
    "type": "json_flag"
  },
  {
    "id": "USES_NEARBY_AMMO",
    "type": "json_flag"
  },
  {
    "id": "USE_EAT_VERB",
    "type": "json_flag"
  },
  {
    "id": "USE_PLAYER_ENERGY",
    "type": "json_flag"
  },
  {
    "id": "USE_UPS",
    "type": "json_flag"
  },
  {
    "id": "VEHICLE",
    "type": "json_flag"
  },
  {
    "id": "WATER_EXTINGUISH",
    "type": "json_flag"
  },
  {
    "id": "WHIP",
    "type": "json_flag"
  },
  {
    "id": "WIND_EXTINGUISH",
    "type": "json_flag"
  },
  {
    "id": "WRITE_MESSAGE",
    "type": "json_flag"
  },
  {
    "id": "MUTE",
    "type": "json_flag",
    "info": "This gear <bad>prevents</bad> you from <info>speaking</info>."
  },
  {
    "id": "IRREPLACEABLE_CONSUMABLE",
    "type": "json_flag"
  },
  {
    "id": "ACTIVATE_ON_PLACE",
    "type": "json_flag",
    "info": "This item will be activated when it is placed in mapgen."
  },
  {
    "id": "ACT_IN_FIRE",
    "type": "json_flag"
  },
  {
    "id": "ACT_ON_RANGED_HIT",
    "type": "json_flag"
  },
  {
    "id": "BACKBLAST",
    "type": "json_flag"
  },
  {
    "id": "CAN_HAVE_CHARGES",
    "type": "json_flag"
  },
  {
    "id": "DETERGENT",
    "type": "json_flag"
  },
  {
    "id": "FIRE_TWOHAND",
    "info": "<bad>You must</bad> have two free hands to fire this item.",
    "type": "json_flag"
  },
  {
    "id": "GRENADE",
    "type": "json_flag",
    "restriction": "Item must be a grenade"
  },
  {
    "id": "JAVELIN",
    "type": "json_flag"
  },
  {
    "id": "LEAK_ALWAYS",
    "type": "json_flag"
  },
  {
    "id": "MAG_COMPACT",
    "type": "json_flag",
    "info": "This item has a small profile consistent with a compact magazine.",
    "restriction": "Item must be a compact magazine"
  },
  {
    "id": "NOGIB",
    "type": "json_flag"
  },
  {
    "id": "PUMP_RAIL_COMPATIBLE",
    "type": "json_flag"
  },
  {
    "id": "RADIO_MODABLE",
    "type": "json_flag"
  },
  {
    "id": "STR_DRAW",
    "type": "json_flag"
  },
  {
    "id": "UNBREAKABLE",
    "type": "json_flag"
  },
  {
    "id": "UNBREAKABLE_MELEE",
    "type": "json_flag"
  },
  {
    "id": "WATERPROOF_GUN",
    "type": "json_flag"
  },
  {
    "id": "no_auto_equip",
    "type": "json_flag"
  },
  {
    "id": "auto_wield",
    "type": "json_flag"
  },
  {
    "id": "SOFT",
    "type": "json_flag"
  },
  {
    "id": "HARD",
    "type": "json_flag"
  },
  {
    "id": "SCIENCE_CARD_VISITOR",
    "type": "json_flag",
    "info": "You could probably use this to get into a science facility."
  },
  {
    "id": "SCIENCE_CARD_MAINTENANCE_GREEN",
    "type": "json_flag",
    "info": "You could probably use this to get into a science facility."
  },
  {
    "id": "SCIENCE_CARD_MAINTENANCE_YELLOW",
    "type": "json_flag",
    "info": "You could probably use this to get into a secured maintenance area."
  },
  {
    "id": "SCIENCE_CARD_MAINTENANCE_BLUE",
    "type": "json_flag",
    "info": "You could probably use this to get into a secured maintenance area."
  },
  {
    "id": "SCIENCE_CARD_TRANSPORT_1",
    "type": "json_flag",
    "info": "You could probably use this to get into a science facility."
  },
  {
    "id": "SCIENCE_CARD_SECURITY_YELLOW",
    "type": "json_flag",
    "info": "You could probably use this to get into a secured law enforcement area."
  },
  {
    "id": "SCIENCE_CARD_SECURITY_MAGENTA",
    "type": "json_flag",
    "info": "You could probably use this to get into a secured law enforcement area."
  },
  {
    "id": "SCIENCE_CARD_SECURITY_BLACK",
    "type": "json_flag",
    "info": "You could probably use this to get into a secured  area."
  },
  {
    "id": "SCIENCE_CARD_MUTAGEN_GREEN",
    "type": "json_flag",
    "info": "You could probably use this to access a secure zone of a facility."
  },
  {
    "id": "SCIENCE_CARD_MUTAGEN_PINK",
    "type": "json_flag",
    "info": "You could probably use this to access a secure zone of a facility."
  },
  {
    "id": "SCIENCE_CARD_MUTAGEN_CYAN",
    "type": "json_flag",
    "info": "You could probably use this to access a secure zone of a facility."
  },
  {
    "id": "SCIENCE_CARD_MEDICAL_RED",
    "type": "json_flag",
    "info": "You could probably use this to access a secure zone of a facility."
  },
  {
    "id": "SCIENCE_CARD_MU_UNIVERSAL",
    "type": "json_flag",
    "info": "You could probably use this to access a secure zone of a facility."
  },
  {
    "id": "BATTERY_ULTRA_LIGHT",
    "type": "json_flag",
    "info": "This item fits in items that use ultra-light batteries.",
    "name": "ultra-light battery"
  },
  {
    "id": "BATTERY_LIGHT",
    "type": "json_flag",
    "info": "This item fits in items that use light batteries.",
    "name": "light battery"
  },
  {
    "id": "BATTERY_MEDIUM",
    "type": "json_flag",
    "info": "This item fits in items that use medium batteries.",
    "name": "medium battery"
  },
  {
    "id": "BATTERY_HEAVY",
    "type": "json_flag",
    "info": "This item fits in items that use tool batteries.",
    "name": "tool battery"
  },
  {
    "id": "METHANOL_TANK",
    "type": "json_flag",
    "info": "This item fits in items that use methanol fuel cells.",
    "name": "methanol fuel cell"
  },
  {
    "id": "COMBAT_TOGGLEABLE",
    "type": "json_flag",
    "info": "This item is meant to be toggled during combat."
  },
  {
    "id": "CHOKE",
    "type": "json_flag"
  },
  {
    "id": "GAS_TANK",
    "type": "json_flag",
    "info": "Airtight tanks for propane, natural gas, etc.",
    "name": "gas tank"
  },
  {
    "id": "LASER_SIGHT",
    "type": "json_flag",
    "info": "Laser sights are invalid when the target position is <bad>too far</bad> or <bad>too bright</bad>.",
    "name": "laser sight"
  },
  {
    "id": "JETPACK",
    "type": "json_flag",
    "info": "This item is a jetpack."
  },
  {
    "id": "LEVITATION",
    "type": "json_flag",
    "info": "Allows movement in open air."
  },
  {
    "id": "ALL_TERRAIN_NAVIGATION",
    "type": "json_flag",
    "info": "Allows movement over rough and sharp terrain without penalty."
  },
  {
    "id": "EXO_SMALL",
    "type": "json_flag",
    "info": "This is meant for a small exosuit hardpoint.",
    "inherit": false
  },
  {
    "id": "EXO_LARGE",
    "type": "json_flag",
    "info": "This is meant for a large exosuit hardpoint.",
    "inherit": false
  },
  {
    "id": "EXO_PSU",
    "type": "json_flag",
    "info": "This is meant for an exosuit PSU hardpoint.",
    "inherit": false
  },
  {
    "id": "EXO_SMALL_GADGET",
    "type": "json_flag",
    "info": "This is meant for small exosuit gadgets, 1 L or less.",
    "inherit": false
  },
  {
    "id": "EXO_HELMET_GADGET",
    "type": "json_flag",
    "info": "This is meant for helmet-specific gadgets.",
    "inherit": false
  },
  {
    "id": "EXO_MEDIUM_GADGET",
    "type": "json_flag",
    "info": "This is meant for medium exosuit gadgets, between 1 L and 5 L.",
    "inherit": false
  },
  {
    "id": "EXO_LARGE_GADGET",
    "type": "json_flag",
    "info": "This is meant for large exosuit gadgets, larger than 5 L.",
    "inherit": false
  },
  {
    "id": "EXO_UNDERLAYER",
    "type": "json_flag",
    "info": "This is meant for exosuit underlayers.",
    "inherit": false
  },
  {
    "id": "EXO_HELMET_PLATE",
    "type": "json_flag",
    "info": "This is meant for exoskeleton helmet plating.",
    "inherit": false
  },
  {
    "id": "EXO_TORSO_PLATE",
    "type": "json_flag",
    "info": "This is meant for exoskeleton torso plating.",
    "inherit": false
  },
  {
    "id": "EXO_ARM_PLATE",
    "type": "json_flag",
    "info": "This is meant for exoskeleton arm plating.",
    "inherit": false
  },
  {
    "id": "EXO_GLOVE_PLATE",
    "type": "json_flag",
    "info": "This is meant for exoskeleton arm plating.",
    "inherit": false
  },
  {
    "id": "EXO_LEG_PLATE",
    "type": "json_flag",
    "info": "This is meant for exoskeleton leg plating.",
    "inherit": false
  },
  {
    "id": "EXO_BOOT_PLATE",
    "type": "json_flag",
    "info": "This is meant for exoskeleton foot plating.",
    "inherit": false
  },
  {
    "id": "ENERGY_SHIELD",
    "type": "json_flag",
    "info": "This piece of armor is an energy barrier and will break after absorbing a certain amount of damage."
  },
  {
    "id": "ROBOFAC_ROBOT_MEDIUM",
    "type": "json_flag",
    "info": "A medium drone sold by Hub 01."
  },
  {
    "id": "ROBOFAC_ROBOT_SMALL",
    "type": "json_flag",
    "info": "A small drone sold by Hub 01."
  },
  {
    "id": "VOLTMETER",
    "type": "json_flag",
    "info": "This tool can test for voltage."
  },
  {
    "id": "SHREDDED",
    "type": "json_flag",
    "info": "This is a small fragment."
  },
  {
    "id": "FROM_FROZEN_LIQUID",
    "type": "json_flag"
  },
  {
    "id": "SINGLE_USE",
    "type": "json_flag",
    "info": "This item is removed after use."
  },
  {
    "id": "BIONIC_FUEL_SOURCE",
    "type": "json_flag",
    "info": "Contents of this item are used for fueling bionics."
  },
  {
    "id": "BIONIC_WEAPON_MELEE",
    "type": "json_flag",
    "//": "This bionic weapon is meant to be used in melee."
  },
  {
    "id": "ELECTRONIC",
    "type": "json_flag"
  },
  {
    "id": "AFS_CS_LOCKER_CARD",
    "type": "json_flag",
    "info": "ID card granting access to the crashing ship's locker room."
  },
  {
    "id": "AFS_CS_ARMORY_CARD",
    "type": "json_flag",
    "info": "ID card granting access to the crashing ship's armory."
  },
  {
    "id": "AFS_CS_EXOBAY_CARD",
    "type": "json_flag",
    "info": "ID card granting access to the crashing ship's exobay."
  },
  {
    "id": "PAPER_SHAPED",
    "type": "json_flag",
    "restriction": "Item must be shaped like paper"
  },
  {
    "id": "CREDIT_CARD_SHAPED",
    "type": "json_flag",
    "restriction": "Item must be shaped like a credit card"
  },
  {
    "id": "BANK_NOTE_SHAPED",
    "type": "json_flag",
    "restriction": "Item must be shaped like a bank note"
  },
  {
    "id": "COIN_SHAPED",
    "type": "json_flag",
    "restriction": "Item must be shaped like a coin"
  },
  {
    "id": "BANK_NOTE_STRAP_SHAPED",
    "type": "json_flag",
    "restriction": "Item must be shaped like a bank note strap"
  },
  {
    "id": "FRESH_GRAIN",
    "type": "json_flag",
    "//": "This item is fresh-cut grain, and can be dried in a stook."
  },
  {
    "id": "CUT_HARVEST",
    "type": "json_flag",
    "//": "This seed will grow into a plant which needs a grass-cutting tool such as a sickle to harvest."
  },
  {
    "id": "GASFILTER_SM",
    "type": "json_flag",
    "info": "A small-sized gasmask filter.",
    "name": "filter mask cartridge"
  },
  {
    "id": "GASFILTER_MED",
    "type": "json_flag",
    "info": "A medium-sized gasmask filter.",
    "name": "gas mask cartridge"
  },
  {
    "id": "PANORAMIC_OUTSERT",
    "type": "json_flag",
    "info": "This item is meant to be externally attached to the eyepiece of a single-lens gas mask.",
    "restriction": "Item must be designed to clip onto the external Lenz brackets of a panoramic-view gas mask."
  },
  {
    "id": "PANORAMIC_INSERT",
    "type": "json_flag",
    "info": "This item is intended to be inserted behind the visor of a single-lens gas mask.",
    "restriction": "Item must be able to clip into place within a gas mask that has a single, panoramic eyepiece."
  },
  {
    "id": "REBREATHER_CART",
    "type": "json_flag",
    "info": "A filter for a rebreather.",
    "name": "rebreather cartridge"
  },
  {
    "id": "OLD_GUN",
    "type": "json_flag",
    "info": "An old gun, WWII or earlier."
  },
  {
    "id": "USE_POWER_WHEN_HIT",
    "type": "json_flag",
    "info": "This armor <info>expends energy when hit</info>."
  },
  {
    "id": "RAT",
    "type": "json_flag"
  },
  {
    "id": "MOUSE",
    "type": "json_flag"
  },
  {
    "id": "RABBIT",
    "type": "json_flag"
  },
  {
    "id": "ETHEREAL",
    "type": "json_flag",
    "info": "You feel like you would keep all your items if you somehow became incorporeal."
  },
  {
    "id": "CLIMB_FLYING",
    "type": "json_flag",
    "info": "You can ascend straight up even with no physical surface to climb on."
  },
  {
    "id": "TREE_COMMUNION_PLUS",
    "type": "json_flag",
    "info": "You gain greatly enhanced effects from the Mycorrhizal Communion mutation"
  },
  {
    "id": "ROOTS2",
    "type": "json_flag",
    "info": "The character has roots, which helps with the TREE_COMMUNION mutation."
  },
  {
    "id": "ROOTS3",
    "type": "json_flag",
    "info": "The character has extensive roots, which helps with the TREE_COMMUNION mutation."
  },
  {
    "id": "VINE_RAPPEL",
    "type": "json_flag",
    "info": "The character can use vines to safely rappel down sheer drops."
  },
  {
    "id": "ANIMALDISCORD",
    "type": "json_flag",
    "info": "The character is disliked by natural animals."
  },
  {
    "id": "ANIMALDISCORD2",
    "type": "json_flag",
    "info": "The character is intensely disliked by natural animals."
  },
  {
    "id": "ANIMALEMPATH",
    "type": "json_flag",
    "info": "The character is liked by natural animals."
  },
  {
    "id": "ANIMALEMPATH2",
    "type": "json_flag",
    "info": "The character is intensely liked by natural animals."
  },
  {
    "id": "UNDERFED",
    "type": "json_flag",
    "//": "This corpse is from a monster with the CRITTER_UNDERFED flag."
  },
  {
    "id": "UNRESTRICTED",
    "type": "json_flag",
    "//": "Ignores 'restricts' in mutation jsons.  Only for baggy, draped, adjustable, strapped etc items.",
    "info": "This clothing is able to <info>accommodate even mutated anatomy</info>."
  },
  {
    "id": "BLEEDSLOW",
    "type": "json_flag",
    "info": "The character bleeds slower than normal, losing blood at 2/3rds the normal rate."
  },
  {
    "id": "BLEEDSLOW2",
    "type": "json_flag",
    "info": "The character bleeds even slower than normal, losing blood at 1/3rd the normal rate."
  },
  {
    "id": "PSEUDOPOD_GRASP",
    "type": "json_flag",
    "//": "Removes some penalties for melee attacks made while prone or crouching."
  },
  {
    "id": "HEMOVORE",
    "type": "json_flag",
    "//": "You eat blood to survive."
  },
  {
    "id": "BLOODFEEDER",
    "type": "json_flag",
    "//": "You really like blood, and get less enjoyment out of other foods."
  },
  {
    "id": "HEMOVORE_FUN",
    "type": "json_flag",
    "//": "This item contains blood and satisfies a hemovore's requirements."
  },
  {
    "id": "QUADRUPED_CROUCH",
    "type": "json_flag",
    "//": "This character goes down on all fours when they crouch, if their hands are free.  Used for paw mutations."
  },
  {
    "id": "QUADRUPED_RUN",
    "type": "json_flag",
    "//": "This character can run or crouch on all fours if they have QUADRUPED_CROUCH, and gains the natural_stance effect.  Used for paw mutations."
  },
  {
    "id": "HEARING_PROTECTION",
    "type": "json_flag",
    "//": "This character treats received sounds as half as loud for the purposes of determing hearing damage."
  },
  {
    "id": "LIXA_SCIENCE_CARD",
    "type": "json_flag",
    "info": "This grants access to the LIXA facility."
  },
  {
    "id": "LIXA_SCIENCE_CARD_2",
    "type": "json_flag",
    "info": "This grants access to the experiment chamber of the LIXA facility."
  },
  {
    "id": "LIXA_SCIENCE_CARD_3",
    "type": "json_flag",
    "info": "This grants access to the experiment chamber and PPE lockup for the LIXA facility."
  },
  {
    "id": "LIXA_MILITARY_CARD",
    "type": "json_flag",
    "info": "This grants access to locked-down areas of the LIXA facility."
  },
  {
    "id": "DRACULIN_VENOM",
    "type": "json_flag"
  },
  {
    "id": "PREFIX_XL",
    "type": "json_flag",
    "item_prefix": "XL "
  },
  {
    "id": "PREFIX_XS",
    "type": "json_flag",
    "item_prefix": "XS "
  },
  {
    "id": "DECAYS_IN_AIR",
    "type": "json_flag",
    "info": "This will eventually <bad>go bad</bad> if left in the open air too long."
  },
  {
    "id": "IRRITANT_IMMUNE",
    "type": "json_flag",
    "info": "This gear <good>completely protects</good> you from <info>skin irritants</info>."
  },
  {
    "id": "ITEM_WATERPROOFING",
    "type": "json_flag",
    "info": "Something is preventing your worn and carried items from being effected by water."
  },
  {
    "id": "WATERWALKING",
    "type": "json_flag",
    "info": "You can walk across the surface of water."
  },
  {
    "id": "CRAFT_IN_DARKNESS",
    "type": "json_flag",
    "info": "You can craft at 100% speed in any level of light."
  },
  {
    "id": "CANNOT_ATTACK",
    "type": "json_flag",
    "//": "Creatures and players with this flag cannot attack (includes any spellcasting)."
  },
  {
    "id": "CANNOT_MOVE",
    "type": "json_flag",
    "//": "Creatures and players with this flag cannot naturally move."
  },
  {
    "id": "CANNOT_TAKE_DAMAGE",
    "type": "json_flag"
  },
  {
    "id": "CANNOT_CHANGE_TEMPERATURE",
    "type": "json_flag"
  },
  {
    "id": "FREEZE_EFFECTS",
    "type": "json_flag",
    "//": "Creatures with this flag will not have their effects change in duration except for the effects that contain this flag."
  }
]
