<?xml version="1.0" encoding="UTF-8" standalone="yes"?>
<assembly manifestVersion="1.0" xmlns="urn:schemas-microsoft-com:asm.v1" xmlns:asmv3="urn:schemas-microsoft-com:asm.v3">
    <assemblyIdentity type="win32" name="com.cleverraven.cataclysmdda" version="0.0.0.0"/>
    <dependency>
        <dependentAssembly>
            <assemblyIdentity
                type="win32"
                name="Microsoft.Windows.Common-Controls"
                version="6.0.0.0"
                processorArchitecture="*"
                publicKeyToken="6595b64144ccf1df"
                language="*"
                />
        </dependentAssembly>
    </dependency>
    <trustInfo xmlns="urn:schemas-microsoft-com:asm.v3">
        <security>
            <requestedPrivileges>
                <requestedExecutionLevel level='asInvoker' uiAccess='false' />
            </requestedPrivileges>
        </security>
    </trustInfo>
    <asmv3:application>
        <asmv3:windowsSettings xmlns="http://schemas.microsoft.com/SMI/2019/WindowsSettings">
            <activeCodePage>UTF-8</activeCodePage>
        </asmv3:windowsSettings>
    </asmv3:application>
</assembly>
