{
  "//1": "If more than one font is specified for a typeface the list is treated as a fallback order.",
  "//2": "unifont will always be used as a 'last resort' fallback even if not listed here.",
  "typeface": [
    "data/font/Terminus.ttf",
    "data/font/unifont.ttf"
  ],
  "gui_typeface": [
    "data/font/Roboto-Medium.ttf",
    "data/font/Terminus.ttf",
    "data/font/unifont.ttf"
  ],
  "map_typeface": [
    "data/font/Terminus.ttf",
    "data/font/unifont.ttf"
  ],
  "overmap_typeface": [
    "data/font/Terminus.ttf",
    "data/font/unifont.ttf"
  ]
}
