{
  "//1": "See docs/FONT_OPTIONS.md for how to configure your fonts.",
  "typeface": [
    { "path": "data/font/Terminus.ttf", "hinting": "Bitmap" },
    "data/font/unifont.ttf"
  ],
  "gui_typeface": [
    { "path": "data/font/Roboto-Medium.ttf", "hinting": "Light" },
    { "path": "data/font/Terminus.ttf", "hinting": "Bitmap" },
    "data/font/unifont.ttf"
  ],
  "map_typeface": [
    { "path": "data/font/Terminus.ttf", "hinting": "Bitmap" },
    "data/font/unifont.ttf"
  ],
  "overmap_typeface": [
    { "path": "data/font/Terminus.ttf", "hinting": "Bitmap" },
    "data/font/unifont.ttf"
  ]
}
