[
  {
    "type": "item_group",
    "id": "bionics",
    "items": [
      [ "bio_batteries", 10 ],
      [ "bio_metabolics", 10 ],
      [ "bio_ethanol", 10 ],
      [ "bio_torsionratchet", 10 ],
      [ "bio_fuel_cell_gasoline", 10 ],
      [ "bio_lampoil", 10 ],
      [ "bio_tools", 10 ],
      [ "bio_multimeter", 10 ],
      [ "bio_electrokit", 10 ],
      [ "bio_ups", 10 ],
      [ "bio_flashlight", 10 ],
      [ "bio_tattoo_led", 10 ],
      [ "bio_lighter", 10 ],
      [ "bio_magnet", 10 ],
      [ "bio_memory", 10 ],
      [ "bio_painkiller", 10 ],
      [ "bio_alarm", 10 ],
      [ "bio_ears", 10 ],
      [ "bio_voice_b", 10 ],
      [ "bio_sunglasses", 10 ],
      [ "bio_eye_optic", 10 ],
      [ "bio_eye_enhancer", 10 ],
      [ "bio_dex_enhancer", 10 ],
      [ "bio_str_enhancer", 10 ],
      [ "bio_int_enhancer", 10 ],
      [ "bio_night_vision", 10 ],
      [ "bio_infrared", 10 ],
      [ "bio_targeting", 10 ],
      [ "bio_ground_sonar", 10 ],
      [ "bio_membrane", 10 ],
      [ "bio_gills", 10 ],
      [ "bio_purifier", 10 ],
      [ "bio_climate", 10 ],
      [ "bio_heatsink", 10 ],
      [ "bio_blood_filter", 10 ],
      [ "bio_recycler", 10 ],
      [ "bio_digestion", 10 ],
      [ "bio_evap", 10 ],
      [ "bio_water_extractor", 10 ],
      [ "bio_face_mask", 10 ],
      [ "bio_scent_mask", 10 ],
      [ "bio_cloak", 10 ],
      [ "bio_fingerhack", 10 ],
      [ "bio_lockpick", 10 ],
      [ "bio_night", 10 ],
      [ "bio_carbon", 10 ],
      [ "bio_armor_head", 10 ],
      [ "bio_armor_torso", 10 ],
      [ "bio_armor_arms", 10 ],
      [ "bio_armor_legs", 10 ],
      [ "bio_armor_eyes", 10 ],
      [ "bio_shock", 10 ],
      [ "bio_heat_absorb", 10 ],
      [ "bio_claws", 10 ],
      [ "bio_blade", 5 ],
      [ "bio_surgical_razor", 10 ],
      [ "bio_razors", 10 ],
      [ "bio_shockwave", 10 ],
      [ "bio_nanobots", 10 ],
      [ "bio_blood_anal", 10 ],
      [ "bio_geiger", 10 ],
      [ "bio_radscrubber", 10 ],
      [ "bio_ads", 10 ],
      [ "bio_ods", 10 ],
      [ "bio_uncanny_dodge", 10 ],
      [ "bio_resonator", 10 ],
      [ "bio_hydraulics", 10 ],
      [ "bio_time_freeze", 10 ],
      [ "bio_teleport", 10 ],
      [ "bio_probability_travel", 10 ],
      [ "bio_laser", 10 ],
      [ "bio_emp", 10 ],
      [ "bio_pitch_perfect", 10 ],
      [ "bio_emp_armgun", 10 ],
      [ "bio_flashbang", 10 ],
      [ "bio_chain_lightning", 10 ],
      [ "bio_adrenaline", 10 ],
      [ "bio_watch", 10 ],
      [ "bio_leukocyte", 10 ],
      [ "bio_speed", 5 ],
      [ "bio_faraday", 10 ],
      [ "bio_remote", 10 ],
      [ "bio_cable", 10 ],
      [ "bio_syringe", 10 ],
      [ "bio_weight", 10 ],
      [ "bio_jointservo", 10 ],
      [ "bio_shotgun", 10 ],
      [ "bio_taste_blocker", 10 ],
      [ "bio_soporific", 10 ],
      [ "bio_recoil", 10 ],
      [ "bio_ar", 10 ],
      [ "bio_fitnessband", 10 ],
      [ "bio_radio", 10 ],
      [ "bio_sonar", 10 ],
      [ "bio_synlungs", 10 ],
      [ "bio_taser", 10 ]
    ]
  },
  {
    "type": "item_group",
    "id": "bionics_common",
    "subtype": "distribution",
    "items": [
      [ "bio_power_storage", 10 ],
      [ "bio_tools", 10 ],
      [ "bio_multimeter", 10 ],
      [ "bio_electrokit", 10 ],
      [ "bio_flashlight", 10 ],
      [ "bio_fuel_cell_gasoline", 10 ],
      [ "bio_lampoil", 10 ],
      [ "bio_mp3", 10 ],
      [ "bio_tattoo_led", 10 ],
      [ "bio_lighter", 10 ],
      [ "bio_magnet", 10 ],
      [ "bio_alarm", 10 ],
      [ "bio_batteries", 10 ],
      [ "bio_metabolics", 10 ],
      [ "bio_ethanol", 10 ],
      [ "bio_watch", 10 ],
      [ "bio_torsionratchet", 10 ],
      [ "bio_cable", 10 ],
      [ "bio_fitnessband", 10 ],
      [ "bio_taser", 5 ]
    ]
  },
  {
    "type": "item_group",
    "id": "bionics_mil",
    "items": [
      [ "bio_power_storage", 10 ],
      [ "bio_batteries", 10 ],
      [ "bio_metabolics", 10 ],
      [ "bio_ethanol", 10 ],
      [ "bio_ups", 10 ],
      [ "bio_torsionratchet", 10 ],
      [ "bio_ears", 10 ],
      [ "bio_sunglasses", 10 ],
      [ "bio_eye_optic", 10 ],
      [ "bio_eye_enhancer", 10 ],
      [ "bio_dex_enhancer", 10 ],
      [ "bio_str_enhancer", 10 ],
      [ "bio_night_vision", 10 ],
      [ "bio_infrared", 10 ],
      [ "bio_recycler", 10 ],
      [ "bio_digestion", 10 ],
      [ "bio_evap", 10 ],
      [ "bio_water_extractor", 10 ],
      [ "bio_carbon", 10 ],
      [ "bio_armor_head", 10 ],
      [ "bio_armor_torso", 10 ],
      [ "bio_armor_arms", 10 ],
      [ "bio_armor_legs", 10 ],
      [ "bio_armor_eyes", 10 ],
      [ "bio_targeting", 10 ],
      [ "bio_ground_sonar", 10 ],
      [ "bio_face_mask", 10 ],
      [ "bio_scent_mask", 10 ],
      [ "bio_cloak", 10 ],
      [ "bio_synaptic_regen", 12 ],
      [ "bio_fingerhack", 10 ],
      [ "bio_lockpick", 10 ],
      [ "bio_night", 10 ],
      [ "bio_nanobots", 10 ],
      [ "bio_blood_anal", 10 ],
      [ "bio_geiger", 10 ],
      [ "bio_radscrubber", 10 ],
      [ "bio_ads", 10 ],
      [ "bio_ods", 10 ],
      [ "bio_sonar", 10 ],
      [ "bio_uncanny_dodge", 10 ],
      [ "bio_laser", 10 ],
      [ "bio_emp", 10 ],
      [ "bio_emp_armgun", 10 ],
      [ "bio_flashbang", 10 ],
      [ "bio_chain_lightning", 10 ],
      [ "bio_time_freeze", 10 ],
      [ "bio_teleport", 10 ],
      [ "bio_probability_travel", 10 ],
      [ "bio_cqb", 5 ],
      [ "bio_blade", 2 ],
      [ "bio_speed", 2 ],
      [ "bio_adrenaline", 10 ],
      [ "bio_watch", 10 ],
      [ "bio_meteorologist", 10 ],
      [ "bio_cable", 10 ],
      [ "bio_weight", 10 ],
      [ "bio_jointservo", 10 ],
      [ "bio_shotgun", 10 ],
      [ "bio_recoil", 10 ],
      [ "bio_radio", 10 ],
      [ "bio_synlungs", 10 ],
      [ "bio_taser", 10 ]
    ]
  }
]
