[
  {
    "type": "item_group",
    "id": "hardware",
    "//": "A general hardware group for retail, workshops, etc.",
    "items": [
      { "group": "tools_general", "prob": 50 },
      { "group": "supplies_hardware", "prob": 50 },
      { "group": "hardware_clothing", "prob": 10 },
      [ "survnote", 1 ]
    ]
  },
  {
    "type": "item_group",
    "id": "mischw",
    "//": "A general hardware group for retail, workshops, etc., with an odd assortment of extra items.",
    "//2": "often spawns a box to hold everything, sometimes a plastic sheet to cover it, and then some stuff in the box.",
    "subtype": "collection",
    "items": [
      { "distribution": [ { "item": "box_medium", "prob": 75 }, { "item": "box_large", "prob": 25 } ], "prob": 25 },
      [ "plastic_sheet", 10 ],
      {
        "distribution": [
          { "group": "tools_general", "prob": 90 },
          { "group": "supplies_hardware", "prob": 50 },
          { "group": "hardware_clothing", "prob": 20 },
          { "group": "hardware_bulk", "prob": 10 },
          { "group": "hardware_books", "prob": 10 },
          { "item": "survnote", "prob": 1 },
          { "item": "machete", "prob": 5 },
          { "item": "boots_combat", "prob": 10 },
          { "item": "boots_hiking", "prob": 5 },
          { "item": "runner_bag", "prob": 3 },
          { "item": "polycarbonate_sheet", "prob": 39 },
          { "item": "bb", "prob": 8, "charges": [ 1, 500 ] },
          { "item": "bbgun", "prob": 10, "charges": [ 0, 150 ] },
          { "item": "beartrap", "prob": 3 },
          { "item": "radio", "prob": 20, "charges": [ 0, 100 ] },
          { "item": "hotplate", "prob": 10 },
          { "item": "extinguisher", "prob": 20, "charges": 100 },
          { "item": "cable", "prob": 60 },
          { "item": "sm_extinguisher", "prob": 10, "charges": 10 },
          { "item": "grapnel", "prob": 1 },
          { "item": "misc_repairkit", "prob": 5 },
          { "item": "knitting_needles", "prob": 1 },
          { "item": "medium_propane_tank", "prob": 20, "count": [ 1, 2 ], "charges": 15000 }
        ]
      }
    ]
  },
  {
    "type": "item_group",
    "id": "hardware_plumbing",
    "items": [
      { "group": "plumbing_clothing", "prob": 100 },
      { "group": "tools_plumbing", "prob": 100 },
      { "group": "supplies_plumbing", "prob": 50 },
      [ "survnote", 1 ],
      [ "pipe_fittings", 70 ]
    ]
  },
  {
    "type": "item_group",
    "id": "mechanics",
    "ammo": 100,
    "items": [
      { "group": "supplies_spares_vehicle", "prob": 100 },
      { "group": "tools_common", "prob": 100 },
      { "group": "tools_mechanic", "prob": 150 },
      { "group": "supplies_metal", "prob": 20 },
      { "group": "supplies_mechanics", "prob": 80 },
      [ "goggles_welding", 50 ],
      [ "welding_book", 10 ],
      [ "welding_mask", 30 ],
      [ "jerrycan", 10 ],
      [ "jerrycan_big", 10 ],
      { "item": "polycarbonate_sheet", "prob": 35 },
      [ "metal_tank", 8 ],
      { "item": "seatbelt", "prob": 8, "count": [ 1, 4 ] },
      { "item": "five-point_harness", "prob": 2, "count": [ 1, 2 ] },
      [ "metal_tank_little", 8 ],
      { "item": "55gal_drum_aluminum", "prob": 1 },
      { "item": "30gal_drum_aluminum", "prob": 2 },
      [ "cu_pipe", 5 ],
      [ "steroid_eyedrops", 10 ],
      [ "survnote", 1 ]
    ]
  }
]
