[
  {
    "type": "item_group",
    "id": "loaded_lbv",
    "subtype": "distribution",
    "entries": [
      { "item": "load_bearing_vest", "prob": 60, "contents-group": "custom_medium_lbv" },
      { "item": "light_load_bearing_vest", "prob": 20, "contents-group": "custom_light_lbv" },
      { "item": "heavy_load_bearing_vest", "prob": 20, "contents-group": "custom_heavy_lbv" }
    ]
  },
  {
    "type": "item_group",
    "id": "loaded_webbing_belt",
    "subtype": "collection",
    "entries": [ { "item": "webbing_belt", "contents-group": "molle_belt_contents" } ]
  },
  {
    "type": "item_group",
    "id": "molle_vest_bag_accessories",
    "subtype": "collection",
    "entries": [
      { "item": "tactical_holster", "prob": 5 },
      {
        "distribution": [ { "item": "canteen_pouch" }, { "item": "h2o_pouch" }, { "item": "gas_mask_pouch" } ],
        "prob": 10
      },
      { "group": "molle_accessories" }
    ]
  },
  {
    "type": "item_group",
    "id": "molle_accessories",
    "subtype": "collection",
    "entries": [
      {
        "distribution": [ { "item": "dump_pouch", "count": [ 1, 2 ] }, { "item": "gadget_pouch", "count": [ 1, 2 ] } ],
        "prob": 40
      },
      { "distribution": [ { "item": "tool_pouch" }, { "item": "radio_pouch" } ], "prob": 70 },
      {
        "collection": [
          {
            "distribution": [
              { "item": "grenade_pouch" },
              { "item": "tactical_shotshell_pouch" },
              { "item": "tactical_grenade_pouch", "count": [ 1, 3 ] }
            ],
            "prob": 70
          },
          { "item": "flashlight_pouch", "prob": 40 }
        ]
      }
    ]
  },
  {
    "type": "item_group",
    "id": "molle_belt_contents",
    "//": "stuff that might be attached to a molle belt",
    "subtype": "collection",
    "entries": [
      { "item": "tactical_holster", "prob": 60 },
      {
        "distribution": [ { "item": "canteen_pouch" }, { "item": "h2o_pouch" }, { "item": "gas_mask_pouch" } ],
        "prob": 70
      },
      { "group": "molle_accessories", "count": [ 1, 3 ] }
    ]
  },
  {
    "type": "item_group",
    "//": "generic spawns for a generic vest",
    "id": "custom_light_lbv",
    "subtype": "collection",
    "entries": [
      { "distribution": [ { "item": "chestpouch", "count": [ 1, 2 ] }, { "item": "triple_stacker_pouch" } ] },
      { "group": "molle_vest_bag_accessories", "count": [ 1, 2 ] }
    ]
  },
  {
    "type": "item_group",
    "id": "custom_medium_lbv",
    "//": "generic spawns for a generic vest",
    "subtype": "collection",
    "entries": [
      { "distribution": [ { "item": "chestpouch", "count": [ 1, 2 ] }, { "item": "triple_stacker_pouch" } ] },
      { "group": "molle_vest_bag_accessories", "count": [ 1, 3 ] }
    ]
  },
  {
    "type": "item_group",
    "id": "custom_heavy_lbv",
    "//": "generic spawns for a generic vest",
    "subtype": "collection",
    "entries": [
      {
        "distribution": [ { "item": "chestpouch", "count": [ 1, 2 ] }, { "item": "triple_stacker_pouch", "count": [ 1, 2 ] } ]
      },
      { "group": "molle_vest_bag_accessories", "count": [ 1, 4 ] }
    ]
  },
  {
    "type": "item_group",
    "id": "molle_backpacks_and_accessories",
    "subtype": "distribution",
    "entries": [
      { "item": "molle_pack", "prob": 70, "contents-group": "molle_backpacks_contents" },
      { "item": "molle_medium_rucksack", "prob": 15, "contents-group": "molle_backpacks_contents" },
      { "item": "molle_large_rucksack", "prob": 15, "contents-group": "molle_backpacks_contents" }
    ]
  },
  {
    "type": "item_group",
    "id": "molle_backpacks_contents",
    "//": "stuff that might be in a molle pack",
    "subtype": "collection",
    "entries": [
      { "item": "camelbak", "prob": 40 },
      { "group": "molle_vest_bag_accessories", "count": [ 1, 2 ] },
      { "item": "deployment_bag", "prob": 10 }
    ]
  }
]
