[
  {
    "type": "item_group",
    "id": "electronics",
    "items": [
      [ "breadboard", 60 ],
      { "item": "voltmeter", "prob": 30 },
      { "item": "multimeter", "prob": 30, "charges": [ 0, 100 ] },
      [ "jumper_cable_heavy", 10 ],
      { "group": "superglue", "prob": 30 },
      { "item": "electrohack", "prob": 3, "charges": [ 0, 100 ] },
      [ "processor", 15 ],
      [ "RAM", 22 ],
      [ "power_supply", 16 ],
      [ "amplifier", 8 ],
      [ "transponder", 5 ],
      [ "receiver", 10 ],
      [ "antenna", 18 ],
      [ "solar_cell", 5 ],
      [ "compressor", 5 ],
      [ "screwdriver", 40 ],
      [ "screwdriver_set", 40 ],
      [ "mask_dust", 65 ],
      [ "glasses_safety", 40 ],
      [ "goggles_welding", 70 ],
      { "group": "ammo_any_batteries_full", "prob": 50 },
      [ "manual_electronics", 20 ],
      [ "textbook_electronics", 6 ],
      [ "radio_book", 16 ],
      [ "advanced_electronics", 6 ],
      [ "ic_reference_electronics", 2 ],
      [ "small_lcd_screen", 20 ],
      { "item": "polycarbonate_sheet", "prob": 39 },
      [ "battery_ups", 15 ],
      { "item": "cell_phone", "prob": 5, "charges": [ 0, 150 ] },
      { "item": "smart_phone", "prob": 31, "charges": [ 0, -1 ] },
      { "item": "waterproof_smart_phone_case", "prob": 11 },
      { "item": "eink_tablet_pc", "prob": 8, "charges": [ 0, 100 ] },
      { "item": "laptop", "prob": 20, "charges": [ 0, 500 ] },
      { "item": "smart_lamp", "prob": 5, "charges": [ 0, 100 ] },
      [ "memory_card_unread", 20 ],
      { "item": "camera", "prob": 5, "charges": [ 0, 150 ] },
      { "item": "camera_pro", "prob": 2, "charges": [ 0, 150 ] },
      [ "cable", 30 ],
      { "item": "soldering_iron_portable", "prob": 70, "charges": [ 0, 50 ] },
      { "item": "soldering_iron", "prob": 70 },
      [ "solder_wire", 70 ],
      { "item": "hotplate", "prob": 10 },
      { "item": "hotplate_induction", "prob": 3 },
      { "item": "UPS_OFF", "prob": 5, "charges": [ 0, 1000 ] },
      [ "usb_drive", 5 ],
      [ "software_useless", 10 ],
      { "item": "vac_sealer", "prob": 10 },
      { "group": "toy_radio_car", "prob": 3 },
      { "group": "toy_makerspace_kit", "prob": 1 },
      { "group": "toy_robot_kit", "prob": 1 },
      { "group": "toy_engine_kit", "prob": 1 },
      { "item": "radiocontrol", "prob": 25, "charges": [ 0, 50 ] },
      [ "omnicamera", 7 ],
      [ "chem_nitric_acid", 1 ],
      [ "solarpack", 10 ]
    ]
  },
  {
    "type": "item_group",
    "ammo": 25,
    "magazine": 100,
    "id": "consumer_electronics",
    "items": [
      [ "extension_cable", 95 ],
      [ "long_extension_cable", 75 ],
      [ "amplifier", 8 ],
      [ "mag_electronics", 15 ],
      [ "antenna", 18 ],
      { "group": "ammo_any_batteries_full", "prob": 50 },
      [ "breadboard", 50 ],
      { "item": "voltmeter", "prob": 10 },
      { "item": "multimeter", "prob": 10, "charges": [ 0, 100 ] },
      { "item": "soldering_iron", "prob": 70 },
      { "item": "soldering_iron_portable", "prob": 70, "charges": [ 0, 50 ] },
      [ "solder_wire", 70 ],
      [ "solar_cell", 5 ],
      [ "screwdriver", 40 ],
      [ "screwdriver_set", 40 ],
      [ "processor", 15 ],
      [ "RAM", 22 ],
      { "item": "mp3", "prob": 6, "charges": [ 0, 100 ] },
      { "item": "portable_game", "prob": 12, "charges": [ 0, 100 ] },
      { "item": "game_watch", "prob": 3, "charges": [ 0, 50 ] },
      { "item": "vibrator", "prob": 10, "charges": [ 0, 100 ] },
      { "item": "flashlight", "prob": 40, "charges": [ 0, 300 ] },
      { "item": "heavy_flashlight", "prob": 10, "charges": [ 0, 300 ] },
      { "item": "radio", "prob": 20, "charges": [ 0, 100 ] },
      { "item": "mess_kit", "prob": 5 },
      { "item": "hotplate", "prob": 10 },
      { "item": "hotplate_induction", "prob": 4 },
      { "item": "coffeemaker", "prob": 10 },
      [ "receiver", 10 ],
      [ "transponder", 5 ],
      { "item": "tazer", "prob": 3, "charges": [ 0, 500 ] },
      [ "usb_drive", 5 ],
      [ "manual_electronics", 20 ],
      [ "recipe_augs", 4 ],
      [ "cable", 60 ],
      { "item": "vac_sealer", "prob": 10 },
      { "item": "smart_phone", "prob": 50, "charges": [ 0, -1 ] },
      { "item": "eink_tablet_pc", "prob": 15, "charges": [ 0, 100 ] },
      { "item": "laptop", "prob": 30, "charges": [ 0, 500 ] },
      { "item": "smart_lamp", "prob": 10, "charges": [ 0, 100 ] },
      [ "memory_card_unread", 40 ],
      { "item": "camera", "prob": 15, "charges": [ 0, 150 ] },
      { "item": "camera_pro", "prob": 5, "charges": [ 0, 150 ] },
      [ "wristwatch", 15 ],
      { "group": "toy_radio_car", "prob": 3 },
      { "group": "toy_makerspace_kit", "prob": 1 },
      { "group": "toy_robot_kit", "prob": 1 },
      { "group": "toy_engine_kit", "prob": 1 },
      { "item": "radiocontrol", "prob": 15, "charges": [ 0, 100 ] },
      [ "magnifying_glass", 4 ],
      [ "omnicamera", 2 ],
      { "item": "reading_light", "prob": 6, "charges": [ 0, 100 ] },
      { "item": "inflatable_dragon", "prob": 1, "charges": [ 0, 500 ] },
      { "item": "inflatable_ghost", "prob": 1, "charges": [ 0, 500 ] },
      { "item": "fog_machine", "prob": 1, "charges": [ 0, 500 ] }
    ]
  },
  {
    "type": "item_group",
    "subtype": "distribution",
    "id": "phones",
    "items": [ { "group": "phones_case", "prob": 10 }, { "group": "phones_no_case", "prob": 90 } ]
  },
  {
    "type": "item_group",
    "subtype": "distribution",
    "id": "phones_case",
    "container-item": "waterproof_smart_phone_case",
    "items": [ { "item": "smart_phone", "prob": 17, "charges": [ 0, 15 ] }, { "item": "smart_phone", "prob": 1, "charges": 130 } ]
  },
  {
    "type": "item_group",
    "subtype": "distribution",
    "id": "phones_no_case",
    "items": [
      { "item": "cell_phone", "prob": 2, "charges": [ 0, 15 ] },
      { "item": "cell_phone", "prob": 1, "charges": 150 },
      { "item": "smart_phone", "prob": 17, "charges": [ 0, 15 ] },
      { "item": "smart_phone", "prob": 1, "charges": 130 }
    ]
  },
  {
    "id": "batteries",
    "type": "item_group",
    "subtype": "distribution",
    "container-item": "box_paper_small",
    "items": [
      { "item": "light_minus_battery_cell", "charges": 1000, "prob": 3, "count": [ 2, 8 ] },
      { "item": "light_minus_disposable_cell", "charges": 1000, "prob": 30, "count": [ 2, 8 ] },
      { "item": "light_battery_cell", "charges": 1000, "prob": 160, "count": [ 0, 8 ] },
      { "item": "light_battery_cell", "charges": 1000, "prob": 16, "count": [ 0, 16 ] },
      { "item": "light_cell_rechargeable", "charges": 1000, "prob": 16, "count": [ 0, 8 ] },
      { "item": "light_cell_rechargeable", "charges": 1000, "prob": 1, "count": [ 0, 12 ] },
      { "item": "medium_battery_cell", "charges": 1000, "prob": 15, "count": [ 0, 4 ] }
    ]
  }
]
