[
  {
    "id": "misc_smoking",
    "type": "item_group",
    "subtype": "collection",
    "//": "Smokable item and something to light it with",
    "entries": [
      {
        "distribution": [
          { "item": "cig", "prob": 70, "count": [ 1, 10 ], "container-item": "null", "entry-wrapper": "box_cigarette" },
          {
            "collection": [
              { "item": "tobacco", "count": [ 1, 20 ], "container-item": "null", "entry-wrapper": "bag_plastic" },
              {
                "distribution": [ { "item": "rolling_paper", "prob": 70, "charges": [ 1, 30 ] }, { "item": "pipe_tobacco", "prob": 30 } ]
              }
            ],
            "prob": 20
          },
          { "item": "cigar", "prob": 5, "count": [ 1, 1 ] },
          { "item": "joint", "prob": 5 }
        ]
      },
      {
        "distribution": [
          { "item": "lighter", "charges": [ 0, 100 ] },
          { "item": "matches", "charges": [ 1, 20 ] },
          { "item": "ref_matches", "charges": [ 1, 32 ] }
        ]
      }
    ]
  },
  {
    "id": "stoner",
    "type": "item_group",
    "//": "Processed weed and weed accessories",
    "items": [ [ "joint", 100 ], [ "joint_roach", 20 ], [ "pipe_glass", 10 ], [ "pipe_water", 10 ] ]
  },
  {
    "id": "butane_lighter_and_fuel",
    "//": "Used for shop spawns where unused cans of butane are stocked",
    "type": "item_group",
    "items": [ { "collection": [ { "item": "ref_lighter_butane" }, { "item": "butane_can", "count": [ 1, 2 ], "charges": 400 } ] } ]
  },
  {
    "id": "butane_can_full",
    "//": "Used for shop spawns where unused cans of butane are stocked",
    "type": "item_group",
    "subtype": "distribution",
    "entries": [ { "item": "butane_can", "count": [ 1, 2 ], "charges": 400 } ]
  },
  {
    "id": "cannabis_extraction_equipment",
    "type": "item_group",
    "subtype": "collection",
    "entries": [
      {
        "distribution": [
          {
            "//": "Improvised butane extraction supplies for shatter.",
            "collection": [ { "item": "pipe" }, { "item": "vac_oven_small" }, { "group": "butane_can_full", "count": [ 0, 3 ] } ],
            "prob": 70
          },
          {
            "//": "Commercial ethanol extraction supplies for distillate.",
            "collection": [
              { "item": "closed_loop_extractor_small" },
              { "item": "pipe" },
              { "item": "flask_glass" },
              { "item": "microcentrifuge", "prob": 80 },
              { "item": "still_lab", "prob": 80 },
              { "item": "cotton_patchwork", "count": [ 3, 10 ] },
              { "distribution": [ { "item": "hotplate", "prob": 80 }, { "item": "chemistry_set", "prob": 20 } ] },
              { "item": "vac_pump" },
              { "item": "chem_ethanol", "charges": [ 150, -1 ], "prob": 80 }
            ],
            "prob": 30
          }
        ]
      },
      {
        "collection": [
          { "item": "filter_paper_qualitative", "charges": [ 30, -1 ] },
          { "item": "filter_paper_quantitative", "charges": [ 30, -1 ] },
          { "item": "gasket_plastic_set", "count": [ 1, 3 ] },
          { "item": "textbook_extraction", "prob": 75 }
        ]
      }
    ]
  },
  {
    "id": "silverware",
    "type": "item_group",
    "//": "Forks, spoons, knives, etc.",
    "items": [
      [ "knife_butter", 30 ],
      { "item": "knife_small", "variant": "knife_steak", "prob": 10 },
      [ "fork", 30 ],
      [ "spoon", 30 ]
    ]
  },
  {
    "id": "used_toy_box",
    "type": "item_group",
    "subtype": "collection",
    "container-item": "rc_car_box",
    "items": [ { "item": "bubblewrap", "count": [ 0, 2 ] }, { "item": "screwdriver", "prob": 10 } ]
  },
  {
    "id": "tinware",
    "type": "item_group",
    "subtype": "distribution",
    "items": [ [ "bowl_pewter", 100 ], [ "tin_plate", 100 ], [ "tin_cup", 100 ] ]
  },
  {
    "id": "dinnerware",
    "type": "item_group",
    "//": "Plates, bowls, cups, etc.",
    "items": [
      [ "glass", 20 ],
      [ "glass_plate", 20 ],
      [ "glass_bowl", 20 ],
      [ "ceramic_plate", 10 ],
      [ "wine_glass", 10 ],
      [ "ceramic_bowl", 10 ],
      [ "ceramic_cup", 10 ]
    ]
  },
  {
    "id": "digging_sand_50L",
    "type": "item_group",
    "subtype": "collection",
    "//": "Intended to comprise about 50L of material",
    "items": [
      { "item": "material_soil", "count": [ 0, 1 ] },
      { "item": "material_sand", "count": [ 6000, 7000 ] },
      { "item": "clay_lump", "count": [ 10, 16 ] },
      { "item": "rock", "count": [ 0, 4 ] },
      { "item": "pebble", "count": [ 10, 50 ] }
    ]
  },
  {
    "id": "digging_clay_50L",
    "type": "item_group",
    "subtype": "collection",
    "//": "Intended to comprise about 50L of material",
    "items": [
      { "item": "material_soil", "count": [ 2, 4 ] },
      { "item": "clay_lump", "count": [ 30, 80 ] },
      { "item": "rock", "count": [ 0, 4 ] },
      { "item": "pebble", "count": [ 5, 25 ] }
    ]
  },
  {
    "id": "digging_gravel_50L",
    "type": "item_group",
    "subtype": "collection",
    "//": "Intended to comprise about 50L of material. Artificial, man-made gravel of varying size.",
    "items": [
      { "item": "material_soil", "count": [ 0, 1 ] },
      { "item": "pebble", "count": [ 150, 200 ] },
      { "item": "material_gravel", "count": [ 4000, 4500 ] }
    ]
  },
  {
    "id": "digging_soil_loam_50L",
    "type": "item_group",
    "subtype": "collection",
    "//": "~50L of loamy soil, sand, clay, and rocks from digging in generic dirt",
    "items": [
      { "item": "material_soil", "count": [ 8, 12 ] },
      { "item": "material_sand", "charges": [ 1, 10 ], "prob": 5 },
      { "item": "clay_lump", "count": [ 1, 4 ], "prob": 5 },
      { "item": "rock", "count": [ 1, 4 ], "prob": 10 },
      { "item": "rock_flaking", "count": [ 1, 4 ], "prob": 2 },
      { "item": "flint", "prob": 1 },
      { "item": "material_limestone", "prob": 1 },
      { "item": "rock_large", "prob": 10 },
      { "item": "field_stone", "prob": 10, "count": [ 1, 4 ] },
      { "item": "pebble", "count": [ 1, 4 ], "prob": 15 }
    ]
  },
  {
    "id": "digging_topsoil_loam_50L",
    "type": "item_group",
    "subtype": "collection",
    "items": [
      { "group": "digging_soil_loam_50L", "count": 1 },
      { "item": "earthworm", "count": [ 0, 10 ], "prob": 75 },
      { "item": "earthworm_handful", "count": [ 0, 3 ], "prob": 60 },
      { "item": "earthworm_handful", "count": [ 1, 2 ], "prob": 20 }
    ]
  },
  {
    "id": "mining_rock",
    "type": "item_group",
    "subtype": "collection",
    "items": [
      { "item": "pebble", "count": [ 50, 100 ] },
      { "item": "rock", "count": [ 200, 250 ] },
      { "item": "rock_large", "count": [ 240, 260 ] },
      { "item": "coal_lump", "charges": [ 2500, 5000 ], "prob": 10 },
      { "item": "material_shrd_limestone", "count": [ 10, 25 ], "prob": 70 },
      { "item": "material_rocksalt", "count": [ 0, 1 ], "prob": 20 },
      { "item": "material_rhodonite", "count": [ 0, 1 ], "prob": 3 },
      { "item": "material_zincite", "count": [ 0, 5 ], "prob": 5 }
    ]
  },
  {
    "id": "office_paper",
    "type": "item_group",
    "subtype": "collection",
    "//": "Random paper/data items. for filing cabinets or other office locations",
    "items": [
      { "group": "oa_discarded_news", "count": [ 2, 12 ], "prob": 20 },
      { "group": "flask_liquor", "prob": 10 },
      { "group": "elecsto_pcs", "count": [ 1, 2 ], "prob": 10 },
      { "item": "file", "count": [ 1, 8 ], "prob": 50 },
      { "group": "elecsto_stor", "count": [ 1, 2 ], "prob": 30 },
      { "item": "office_holepunch", "prob": 30 },
      { "item": "money_strap_twenty", "count": [ 1, 10 ], "prob": 20 },
      { "item": "scorecard", "count": [ 1, 10 ], "prob": 10 },
      { "item": "survnote", "prob": 10 },
      { "item": "flyer", "count": [ 1, 10 ], "prob": 30 },
      { "item": "character_sheet", "count": [ 1, 2 ], "prob": 5 },
      { "item": "phonebook", "prob": 10 },
      { "item": "magic_8_ball", "prob": 5 },
      { "item": "family_photo", "prob": 5 },
      { "item": "coin_quarter", "prob": 5 },
      { "item": "RPG_die", "prob": 5 },
      { "item": "metal_RPG_die", "prob": 1 },
      { "item": "memory_card_unread", "count": [ 1, 5 ], "prob": 30 }
    ]
  },
  {
    "id": "bus_common",
    "type": "item_group",
    "subtype": "collection",
    "items": [
      { "group": "child_items", "prob": 15 },
      { "group": "jackets", "prob": 15 },
      { "group": "novels", "prob": 15 },
      { "group": "bags_trip", "prob": 20 }
    ]
  },
  {
    "id": "gobag_contents",
    "type": "item_group",
    "subtype": "collection",
    "//": "Items generated from a go bag",
    "items": [
      { "item": "duffelbag" },
      { "item": "backpack" },
      { "item": "helmet_army" },
      { "item": "jacket_army_modern" },
      { "item": "pants_army" },
      { "item": "tshirt", "count": 3 },
      { "item": "under_armor" },
      { "item": "tacvest" },
      { "item": "coat_rain" },
      { "item": "hood_rain" },
      { "item": "long_underpants" },
      { "item": "towel" },
      { "item": "boots_combat" },
      { "item": "socks", "count": 3 },
      { "item": "gloves_tactical" },
      { "group": "batteries" },
      { "item": "flashlight", "charges": 150 },
      { "item": "light_battery_cell", "charges": 150, "container-item": "radio" },
      { "item": "lighter", "charges": 100 },
      { "item": "pockknife" },
      { "item": "multitool" },
      { "group": "full_ifak" },
      { "item": "rollmat" },
      { "item": "sleeping_bag_roll" },
      { "item": "ear_plugs" },
      { "group": "MRE", "count": 3 },
      { "item": "water_clean", "count": 2, "charges": 2, "container-item": "bottle_plastic", "sealed": false }
    ]
  },
  {
    "id": "premium_contents",
    "type": "item_group",
    "subtype": "collection",
    "container-item": "large_survival_kit_box",
    "items": [
      { "item": "knife_folding" },
      { "item": "flint_steel" },
      { "item": "whistle_multitool" },
      { "item": "bottle_folding" },
      { "item": "flashlight", "charges": 150 },
      { "item": "picklocks" },
      { "item": "lifestraw" },
      { "item": "pocket_survival" },
      { "item": "solarpack" },
      { "item": "handflare", "count": 4, "charges": 300 }
    ]
  },
  {
    "id": "horse_gear",
    "type": "item_group",
    "//": "Horse vehicle items",
    "items": [ [ "horse_tack", 50 ], [ "yoke_harness", 50 ], [ "reins_tackle", 50 ], [ "saddlebag", 25 ] ]
  },
  {
    "id": "riding_gear",
    "type": "item_group",
    "items": [ [ "helmet_riding", 50 ], [ "helmet_riding_peakless", 20 ], [ "dressage_whip", 20 ], [ "riding_crop", 20 ] ]
  },
  {
    "type": "item_group",
    "id": "maps",
    "items": [ { "item": "roadmap", "prob": 33 }, { "item": "touristmap", "prob": 33 }, { "item": "survivormap", "prob": 33 } ]
  },
  {
    "type": "item_group",
    "id": "spiral",
    "items": [ [ "spiral_stone", 20 ], [ "vortex_stone", 2 ] ]
  },
  {
    "type": "item_group",
    "id": "makeshift_memorial",
    "subtype": "collection",
    "entries": [
      { "item": "candle", "prob": 100, "count": [ 1, 3 ], "charges": [ 0, 50 ] },
      { "item": "candle", "prob": 33, "count": [ 1, 2 ], "charges": [ 50, -1 ] },
      { "item": "family_photo", "prob": 20, "count": [ 1, 2 ] },
      { "item": "teddy_bear", "prob": 5 }
    ]
  },
  {
    "type": "item_group",
    "id": "cathedral_archives",
    "subtype": "collection",
    "entries": [
      { "item": "book_binder", "prob": 90, "charges": [ 0, 90 ], "count": [ 1, 5 ] },
      { "item": "file", "prob": 50, "count": [ 1, 15 ] },
      { "item": "paper", "prob": 60, "count": [ 10, 125 ] },
      { "item": "book_pieces", "prob": 20 },
      { "item": "candle", "prob": 3, "charges": 100 },
      { "item": "holybook_bible1", "prob": 3 },
      { "item": "candlestick", "prob": 2 },
      { "item": "chalice", "prob": 1 },
      { "item": "book_ruined", "prob": 1 }
    ]
  },
  {
    "id": "pencil_case_with_contents",
    "type": "item_group",
    "subtype": "collection",
    "container-item": "pencil_case",
    "on_overflow": "spill",
    "entries": [ { "group": "pencil_case_contents" } ]
  },
  {
    "id": "pencil_case_contents",
    "type": "item_group",
    "subtype": "collection",
    "entries": [
      { "group": "pens", "prob": 90 },
      { "group": "pens", "prob": 30 },
      { "item": "pencil", "prob": 30, "charges": [ 0, 100 ] },
      { "item": "scissors_child", "prob": 50 },
      { "item": "eraser", "prob": 50 },
      { "item": "sharpener", "prob": 50 },
      { "item": "ruler", "prob": 50 }
    ]
  },
  {
    "type": "item_group",
    "id": "pillbox_any_empty",
    "subtype": "distribution",
    "items": [ "pillbox", "pillbox_large" ]
  },
  {
    "type": "item_group",
    "id": "armor_riot",
    "items": [ [ "armor_riot", 100 ] ]
  },
  {
    "type": "item_group",
    "id": "helmet_riot",
    "items": [ [ "helmet_riot", 100 ] ]
  },
  {
    "type": "item_group",
    "id": "armor_riot_arm",
    "items": [ [ "armor_riot_arm", 100 ] ]
  },
  {
    "type": "item_group",
    "id": "armor_riot_leg",
    "items": [ [ "armor_riot_leg", 100 ] ]
  },
  {
    "type": "item_group",
    "id": "butterfly_net_any",
    "items": [ { "item": "butterfly_net_collapsible", "prob": 4 }, { "item": "butterfly_net_makeshift", "prob": 6 } ]
  },
  {
    "type": "item_group",
    "id": "egg_reptile_forest",
    "//": "Any reptile eggs that make sense to find in random underbrush, assuming that it's a fair distance away from water.",
    "items": [
      { "item": "egg_turtle_painted", "prob": 5 },
      { "item": "egg_wormsnake", "prob": 2 },
      { "item": "egg_skink_fivelined", "prob": 2 }
    ]
  }
]
