[
  {
    "type": "item_group",
    "id": "science",
    "ammo": 50,
    "magazine": 100,
    "items": [
      { "group": "tools_science", "prob": 50 },
      { "item": "ether", "prob": 5, "charges": [ 100, -1 ] },
      { "item": "water_clean", "prob": 90, "charges": [ 1, -1 ], "container-item": "bottle_plastic", "sealed": false },
      { "item": "bleach", "prob": 20, "charges": [ 1, -1 ] },
      { "item": "ammonia_liquid", "prob": 50, "charges": [ 6, -1 ] },
      { "item": "chem_washing_soda", "prob": 15, "charges": [ 1, -1 ] },
      { "item": "chem_baking_soda", "prob": 5, "charges": [ 1, -1 ] },
      [ "mutagen", 8 ],
      [ "mutagen_chelator", 7 ],
      [ "purifier", 5 ],
      { "prob": 5, "group": "iodine_bottle_plastic_pill_supplement_1_10" },
      { "prob": 5, "group": "prussian_blue_bottle_plastic_pill_supplement_1_10" },
      { "item": "chem_ethanol", "prob": 10, "charges": [ 250, -1 ] },
      [ "cleansuit", 5 ],
      { "item": "laptop", "prob": 10, "charges": [ 0, 500 ] },
      { "item": "eink_tablet_pc", "prob": 20, "charges": [ 0, 100 ] },
      [ "memory_card_unread", 50 ],
      [ "memory_card_science", 5 ],
      [ "standard_template_construct", 5 ],
      [ "standard_template_construct_combat_exoskeleton", 5 ],
      { "item": "camera", "prob": 2, "charges": [ 0, 150 ] },
      { "item": "camera", "container-item": "camera_bag", "prob": 1, "charges": [ 0, 150 ] },
      { "item": "camera_pro", "prob": 1, "charges": [ 0, 150 ] },
      { "item": "camera_pro", "container-item": "camera_bag", "prob": 1, "charges": [ 0, 150 ] },
      [ "thermometer", 3 ],
      [ "hygrometer", 3 ],
      [ "barometer", 3 ],
      { "item": "electrohack", "prob": 3, "charges": [ 0, 100 ] },
      [ "RAM", 22 ],
      [ "screwdriver", 40 ],
      [ "screwdriver_set", 30 ],
      [ "canister_empty", 5 ],
      [ "coat_lab", 20 ],
      [ "gloves_medical", 70 ],
      [ "pouch_autoclave", 10 ],
      [ "mask_dust", 65 ],
      { "item": "mask_filter", "prob": 30, "charges": [ 0, 100 ] },
      [ "file", 10 ],
      [ "textbook_computer", 8 ],
      [ "computer_science", 6 ],
      [ "textbook_electronics", 6 ],
      [ "radio_book", 16 ],
      [ "advanced_electronics", 6 ],
      [ "ic_reference_electronics", 4 ],
      [ "theater_props", 2 ],
      [ "vac_mold", 2 ],
      [ "textbook_chemistry", 11 ],
      [ "adv_chemistry", 4 ],
      [ "textbook_firstaid", 6 ],
      [ "pocket_firstaid", 4 ],
      [ "pocket_survival", 2 ],
      [ "pocket_firearms", 2 ],
      [ "SICP", 3 ],
      [ "textbook_robots", 1 ],
      [ "reference_cooking", 1 ],
      [ "reference_fabrication1", 1 ],
      [ "reference_firstaid1", 1 ],
      [ "reference_firstaid2", 1 ],
      [ "recipe_elfa", 1 ],
      [ "recipe_maiar", 1 ],
      [ "recipe_caseless", 1 ],
      [ "recipe_labchem", 2 ],
      { "item": "soldering_iron", "prob": 70 },
      { "item": "soldering_iron_portable", "prob": 70, "charges": [ 0, 50 ] },
      [ "solder_wire", 70 ],
      { "item": "geiger_off", "prob": 8, "charges": [ 0, 100 ] },
      { "item": "rad_monitor", "prob": 2, "charges": [ 0, 50 ] },
      [ "teleporter", 10 ],
      [ "RTG_coffee", 2 ],
      [ "canister_goo", 8 ],
      [ "EMPbomb", 2 ],
      [ "flux_comp_gen", 3 ],
      [ "portal", 2 ],
      [ "bot_manhack", 1 ],
      { "item": "UPS_OFF", "prob": 8, "charges": [ 0, 1000 ] },
      { "item": "tazer", "prob": 3, "charges": [ 0, 500 ] },
      { "item": "plasma", "prob": 8, "charges": [ 1, 25 ] },
      [ "usb_drive", 5 ],
      [ "wrapped_rad_badge", 15 ],
      [ "software_electronics_reference", 10 ],
      [ "software_useless", 10 ],
      [ "canteen", 15 ],
      [ "2lcanteen", 10 ],
      [ "camelbak", 5 ],
      { "item": "chemistry_set", "prob": 4 },
      { "item": "oxy_powder", "prob": 8, "charges": [ 100, 200 ] },
      [ "fungicide", 10 ],
      { "group": "insecticide_bag_plastic", "prob": 10 },
      { "prob": 10, "group": "pur_tablets_bottle_plastic_small_1_50" },
      [ "optical_cloak", 1 ],
      [ "holo_cloak", 1 ],
      [ "survnote", 1 ],
      { "group": "tools_toolbox", "prob": 1 },
      [ "magnifying_glass", 1 ],
      { "group": "quicklime_bag", "prob": 10 },
      [ "tin", 5 ],
      { "item": "chem_nitric_acid", "prob": 1, "charges": [ 1, -1 ] },
      { "item": "chem_sulphuric_acid", "prob": 1, "charges": [ 1, -1 ] },
      { "item": "chem_muriatic_acid", "prob": 2, "charges": [ 1, -1 ] },
      [ "chem_hexamine", 2 ],
      { "item": "denat_alcohol", "prob": 1, "charges": [ 250, -1 ] },
      { "item": "methed_alcohol", "prob": 1, "charges": [ 250, -1 ] },
      [ "remotevehcontrol", 5 ],
      { "item": "polycarbonate_sheet", "prob": 30 },
      { "item": "gasket_plastic", "prob": 10 },
      { "item": "butane_tank", "prob": 15, "charges": [ 15000, -1 ] },
      { "item": "butane_can", "prob": 2, "charges": [ 300, -1 ] },
      { "prob": 16, "group": "chem_citric_acid_bottle_glass_50" }
    ]
  },
  {
    "id": "schematics",
    "type": "item_group",
    "items": [
      [ "schematics_nursebot", 10 ],
      [ "schematics_grocerybot", 20 ],
      [ "schematics_secubot", 50 ],
      [ "schematics_skitterbot", 50 ],
      [ "schematics_hazmatbot", 50 ],
      [ "schematics_sciencebot", 10 ],
      [ "schematics_molebot", 20 ],
      [ "schematics_dispatch", 25 ],
      [ "schematics_dispatch_military", 20 ],
      [ "schematics_antimateriel", 20 ],
      [ "schematics_searchlight", 50 ]
    ]
  },
  {
    "type": "item_group",
    "id": "chem_lab",
    "ammo": 50,
    "magazine": 100,
    "items": [
      { "group": "supplies_reagents_lab", "prob": 60 },
      { "item": "ether", "prob": 5, "charges": [ 100, -1 ] },
      { "prob": 5, "group": "iodine_bottle_plastic_pill_supplement_1_10" },
      { "prob": 5, "group": "prussian_blue_bottle_plastic_pill_supplement_1_10" },
      [ "adv_chemistry", 4 ],
      [ "decoy_elfa", 6 ],
      [ "file", 10 ],
      [ "recipe_raptor", 1 ],
      [ "recipe_alpha", 1 ],
      [ "recipe_chimera", 2 ],
      [ "recipe_medicalmut", 2 ],
      [ "recipe_serum", 4 ],
      [ "recipe_creepy", 4 ],
      [ "recipe_animal", 4 ],
      [ "recipe_maiar", 4 ],
      [ "recipe_labchem", 6 ],
      { "item": "chem_benzene", "prob": 5, "charges": [ 1, -1 ] },
      { "item": "chem_toluene", "prob": 5, "charges": [ 1, -1 ] },
      { "item": "chem_ferric_chloride", "prob": 25, "charges": [ 1, -1 ] },
      { "item": "water_clean", "prob": 90, "charges": [ 1, -1 ], "container-item": "bottle_plastic", "sealed": false },
      { "item": "salt_water", "prob": 20, "charges": [ 1, -1 ] },
      { "item": "bleach", "prob": 20, "charges": [ 1, -1 ] },
      { "item": "ammonia_liquid", "prob": 50, "charges": [ 6, -1 ] },
      { "item": "chem_washing_soda", "prob": 20, "charges": [ 1, -1 ] },
      { "item": "chem_baking_soda", "prob": 5, "charges": [ 1, -1 ] },
      { "item": "chem_calcium_chloride", "prob": 5 },
      [ "panacea", 8 ],
      { "group": "superglue", "prob": 30 },
      [ "bottle_glass", 10 ],
      [ "syringe", 8 ],
      [ "adrenaline_injector", 4 ],
      { "item": "extinguisher", "prob": 20, "charges": 100 },
      { "item": "hotplate_induction", "prob": 10 },
      {
        "collection": [ { "item": "ref_lighter_butane" }, { "item": "butane_can", "charges": [ 200, 400 ] } ],
        "prob": 5
      },
      [ "software_medical", 10 ],
      [ "funnel", 50 ],
      [ "jar_glass_sealed", 20 ],
      [ "jar_3l_glass_sealed", 15 ],
      [ "apron_plastic", 20 ],
      [ "apron_cotton", 2 ],
      [ "apron_leather", 2 ],
      { "prob": 5, "group": "pur_tablets_bottle_plastic_small_1_50" },
      { "item": "lye_powder", "prob": 10, "charges": [ 100, 200 ] },
      { "item": "oxy_powder", "prob": 12, "charges": [ 100, 200 ] },
      { "item": "magnesium", "prob": 12, "charges": [ 50, 100 ] },
      { "item": "tin", "prob": 12, "charges": [ 50, 100 ] },
      { "item": "chemistry_set", "prob": 5 },
      { "item": "sm_extinguisher", "prob": 10, "charges": 10 },
      [ "charcoal", 10 ],
      [ "briefcase", 5 ],
      [ "thermometer", 3 ],
      [ "hygrometer", 3 ],
      [ "barometer", 3 ],
      { "prob": 10, "group": "chem_sulphur_bottle_plastic_small_100_inf" },
      [ "chem_aluminium_powder", 10 ],
      [ "chem_hexamine", 10 ],
      [ "chem_saltpetre", 15 ],
      { "item": "chem_nitric_acid", "prob": 15, "charges": [ 1, -1 ] },
      { "item": "chem_muriatic_acid", "prob": 20, "charges": [ 1, -1 ] },
      { "item": "chem_potassium_chloride", "prob": 5, "charges": [ 100, -1 ] },
      { "item": "chem_potassium_hydroxide", "prob": 10, "charges": [ 100, -1 ] },
      { "item": "chem_zinc_oxide", "prob": 10, "charges": [ 100, -1 ] },
      { "item": "chem_chromium_oxide", "prob": 10, "charges": [ 100, -1 ] },
      { "item": "chem_zinc_powder", "prob": 10, "charges": [ 100, -1 ] },
      { "item": "chem_manganese_dioxide", "prob": 5, "charges": [ 100, -1 ] },
      { "prob": 16, "group": "chem_citric_acid_bottle_glass_100_inf" },
      { "item": "denat_alcohol", "prob": 6, "charges": [ 250, -1 ] },
      { "item": "methed_alcohol", "prob": 4, "charges": [ 250, -1 ] },
      { "item": "red_phosphorous", "prob": 10, "charges": [ 100, 1200 ] },
      { "item": "white_phosphorous", "prob": 10, "charges": [ 100, 1200 ] },
      { "item": "acetic_anhydride", "prob": 8 },
      { "item": "iodine_crystal", "prob": 12 }
    ]
  },
  {
    "type": "item_group",
    "id": "mut_lab",
    "//": "If we ever get themed labs defined by what types of mutagens they worked on this itemgroup may need to be re-evaluated.",
    "ammo": 50,
    "magazine": 100,
    "items": [
      { "group": "supplies_reagents_lab", "prob": 20 },
      [ "gelbox", 3 ],
      [ "microcentrifuge", 3 ],
      [ "beaker", 5 ],
      [ "gradcylinder", 5 ],
      { "item": "petri_dish", "prob": 5 },
      [ "flask_glass", 2 ],
      [ "rack_test_tube", 7 ],
      [ "rack_test_tube_micro", 7 ],
      [ "burette", 4 ],
      [ "stopcock", 3 ],
      [ "rotovap", 2 ],
      [ "stand_ring", 5 ],
      [ "stand_ring_clamps", 3 ],
      [ "spectrophotometer", 5 ],
      [ "balance_small", 5 ],
      [ "cuvettes", 5 ],
      [ "ph_meter", 5 ],
      [ "recipe_elfa", 1 ],
      [ "recipe_raptor", 1 ],
      [ "recipe_alpha", 1 ],
      [ "recipe_chimera", 2 ],
      [ "recipe_medicalmut", 2 ],
      [ "recipe_serum", 4 ],
      [ "recipe_creepy", 4 ],
      [ "recipe_animal", 4 ],
      [ "recipe_maiar", 4 ],
      [ "recipe_labchem", 6 ],
      { "group": "mutagen_or_serum_kit", "prob": 1 },
      [ "syringe", 8 ],
      { "item": "bleach", "prob": 20, "charges": [ 1, -1 ] },
      { "item": "ammonia_liquid", "prob": 50, "charges": [ 6, -1 ] },
      { "item": "lye_powder", "prob": 10, "charges": [ 100, 200 ] },
      { "item": "oxy_powder", "prob": 12, "charges": [ 100, 200 ] },
      { "item": "chemistry_set", "prob": 5 },
      [ "meat_tainted", 8 ],
      [ "veggy_tainted", 4 ],
      [ "slime_scrap", 8 ],
      { "item": "chem_nitric_acid", "prob": 5, "charges": [ 1, -1 ] }
    ]
  },
  {
    "type": "item_group",
    "id": "mutagen_or_serum_kit",
    "//": "odds of serum kit is so low for there is only one at this moment, would be very reperative.  TODO increase odds to get serum once there would be more of them.",
    "items": [ { "group": "mutagen_kits", "prob": 100 }, { "group": "serum_kits", "prob": 15 } ]
  },
  {
    "type": "item_group",
    "id": "mutagen_kits",
    "items": [
      { "group": "mutagenic_field_kit", "prob": 15 },
      { "group": "mutagen_catalyst_kit", "prob": 35 },
      { "group": "mutagen_primer_kit", "prob": 55 },
      { "group": "mutagen_kit", "prob": 55 },
      { "group": "mutagen_slurry_kit", "prob": 75 }
    ]
  },
  {
    "type": "item_group",
    "id": "mutagenic_field_kit",
    "container-item": "box_small_plastic",
    "subtype": "collection",
    "items": [
      {
        "distribution": [
          { "item": "iv_mutagen_elfa", "prob": 2 },
          { "item": "iv_mutagen_alpha", "prob": 2 },
          { "item": "iv_mutagen_raptor", "prob": 2 },
          { "item": "iv_mutagen_medical", "prob": 2 },
          { "item": "iv_mutagen_chimera", "prob": 2 },
          { "item": "iv_mutagen_plant", "prob": 2 },
          { "item": "iv_mutagen_insect", "prob": 2 },
          { "item": "iv_mutagen_spider", "prob": 2 },
          { "item": "iv_mutagen_snail", "prob": 2 },
          { "item": "iv_mutagen_batrachian", "prob": 2 },
          { "item": "iv_mutagen_fish", "prob": 2 },
          { "item": "iv_mutagen_slime", "prob": 2 },
          { "item": "iv_mutagen_rat", "prob": 2 },
          { "item": "iv_mutagen_chiropteran", "prob": 2 },
          { "item": "iv_mutagen_beast", "prob": 2 },
          { "item": "iv_mutagen_cattle", "prob": 2 },
          { "item": "iv_mutagen_cephalopod", "prob": 2 },
          { "item": "iv_mutagen_bird", "prob": 2 },
          { "item": "iv_mutagen_lizard", "prob": 2 },
          { "item": "iv_mutagen_troglobite", "prob": 2 },
          { "item": "iv_mutagen_ursine", "prob": 2 },
          { "item": "iv_mutagen_feline", "prob": 2 },
          { "item": "iv_mutagen_lupine", "prob": 2 },
          { "item": "iv_mutagen_mouse", "prob": 2 },
          { "item": "iv_mutagen_rabbit", "prob": 2 },
          { "item": "iv_mutagen_crustacean", "prob": 2 },
          { "item": "iv_purifier", "prob": 2 }
        ]
      },
      { "item": "iv_mutagen", "prob": 100, "count": 1 },
      { "item": "syringe", "prob": 100, "count": 2 },
      { "item": "bubblewrap", "prob": 100, "count": [ 2, 5 ] },
      { "item": "lab_file_mutagen_guide", "prob": 100 },
      { "item": "lab_file_mutation_testing", "prob": 100 }
    ]
  },
  {
    "type": "item_group",
    "id": "mutagen_catalyst_kit",
    "container-item": "box_small_plastic",
    "subtype": "collection",
    "items": [
      { "item": "iv_mutagen", "prob": 100, "count": 5 },
      { "item": "bubblewrap", "prob": 100, "count": [ 2, 5 ] },
      { "item": "lab_file_mutagen_guide", "prob": 100 },
      { "item": "lab_file_mutation_testing", "prob": 100 }
    ]
  },
  {
    "type": "item_group",
    "id": "mutagen_primer_kit",
    "container-item": "box_small_plastic",
    "subtype": "collection",
    "items": [
      {
        "distribution": [
          { "item": "iv_mutagen_elfa", "prob": 2, "count": [ 4, 5 ] },
          { "item": "iv_mutagen_alpha", "prob": 2, "count": [ 4, 5 ] },
          { "item": "iv_mutagen_raptor", "prob": 2, "count": [ 4, 5 ] },
          { "item": "iv_mutagen_medical", "prob": 2, "count": [ 4, 5 ] },
          { "item": "iv_mutagen_chimera", "prob": 2, "count": [ 4, 5 ] },
          { "item": "iv_mutagen_plant", "prob": 2, "count": [ 4, 5 ] },
          { "item": "iv_mutagen_insect", "prob": 2, "count": [ 4, 5 ] },
          { "item": "iv_mutagen_spider", "prob": 2, "count": [ 4, 5 ] },
          { "item": "iv_mutagen_snail", "prob": 2, "count": [ 4, 5 ] },
          { "item": "iv_mutagen_batrachian", "prob": 2, "count": [ 4, 5 ] },
          { "item": "iv_mutagen_fish", "prob": 2, "count": [ 4, 5 ] },
          { "item": "iv_mutagen_slime", "prob": 2, "count": [ 4, 5 ] },
          { "item": "iv_mutagen_rat", "prob": 2, "count": [ 4, 5 ] },
          { "item": "iv_mutagen_chiropteran", "prob": 2, "count": [ 4, 5 ] },
          { "item": "iv_mutagen_beast", "prob": 2, "count": [ 4, 5 ] },
          { "item": "iv_mutagen_cattle", "prob": 2, "count": [ 4, 5 ] },
          { "item": "iv_mutagen_cephalopod", "prob": 2, "count": [ 4, 5 ] },
          { "item": "iv_mutagen_bird", "prob": 2, "count": [ 4, 5 ] },
          { "item": "iv_mutagen_lizard", "prob": 2, "count": [ 4, 5 ] },
          { "item": "iv_mutagen_troglobite", "prob": 2, "count": [ 4, 5 ] },
          { "item": "iv_mutagen_ursine", "prob": 2, "count": [ 4, 5 ] },
          { "item": "iv_mutagen_feline", "prob": 2, "count": [ 4, 5 ] },
          { "item": "iv_mutagen_lupine", "prob": 2, "count": [ 4, 5 ] },
          { "item": "iv_mutagen_mouse", "prob": 2, "count": [ 4, 5 ] },
          { "item": "iv_mutagen_rabbit", "prob": 2, "count": [ 4, 5 ] },
          { "item": "iv_mutagen_crustacean", "prob": 2, "count": [ 4, 5 ] },
          { "item": "iv_purifier", "prob": 2, "count": [ 4, 5 ] }
        ]
      },
      { "item": "bubblewrap", "prob": 100, "count": [ 2, 5 ] },
      { "item": "lab_file_mutagen_guide", "prob": 100 },
      { "item": "lab_file_mutation_testing", "prob": 100 }
    ]
  },
  {
    "type": "item_group",
    "id": "mutagen_kit",
    "container-item": "box_small_plastic",
    "subtype": "collection",
    "items": [
      {
        "distribution": [
          { "item": "mutagen_elfa", "count": [ 7, 11 ], "prob": 2 },
          { "item": "mutagen_alpha", "count": [ 7, 11 ], "prob": 2 },
          { "item": "mutagen_raptor", "count": [ 7, 11 ], "prob": 2 },
          { "item": "mutagen_medical", "count": [ 7, 11 ], "prob": 2 },
          { "item": "mutagen_chimera", "count": [ 7, 11 ], "prob": 2 },
          { "item": "mutagen_plant", "count": [ 7, 11 ], "prob": 2 },
          { "item": "mutagen_insect", "count": [ 7, 11 ], "prob": 2 },
          { "item": "mutagen_spider", "count": [ 7, 11 ], "prob": 2 },
          { "item": "mutagen_snail", "count": [ 7, 11 ], "prob": 2 },
          { "item": "mutagen_batrachian", "count": [ 7, 11 ], "prob": 2 },
          { "item": "mutagen_fish", "count": [ 7, 11 ], "prob": 2 },
          { "item": "mutagen_slime", "count": [ 7, 11 ], "prob": 2 },
          { "item": "mutagen_rat", "count": [ 7, 11 ], "prob": 2 },
          { "item": "mutagen_chiropteran", "count": [ 7, 11 ], "prob": 2 },
          { "item": "mutagen_beast", "count": [ 7, 11 ], "prob": 2 },
          { "item": "mutagen_cattle", "count": [ 7, 11 ], "prob": 2 },
          { "item": "mutagen_cephalopod", "count": [ 7, 11 ], "prob": 2 },
          { "item": "mutagen_bird", "count": [ 7, 11 ], "prob": 2 },
          { "item": "mutagen_lizard", "count": [ 7, 11 ], "prob": 2 },
          { "item": "mutagen_troglobite", "count": [ 7, 11 ], "prob": 2 },
          { "item": "mutagen_ursine", "count": [ 7, 11 ], "prob": 2 },
          { "item": "mutagen_feline", "count": [ 7, 11 ], "prob": 2 },
          { "item": "mutagen_lupine", "count": [ 7, 11 ], "prob": 2 },
          { "item": "mutagen_rabbit", "count": [ 7, 11 ], "prob": 2 },
          { "item": "mutagen_crustacean", "count": [ 7, 11 ], "prob": 2 }
        ]
      },
      { "item": "bubblewrap", "prob": 100, "count": [ 2, 5 ] },
      { "item": "lab_file_mutagen_guide", "prob": 100 },
      { "item": "lab_file_mutation_testing", "prob": 100 }
    ]
  },
  {
    "type": "item_group",
    "id": "mutagen_slurry_kit",
    "subtype": "collection",
    "items": [
      { "item": "mutagen", "prob": 100, "container-item": "30gal_barrel_mutagen", "charges": [ 30, 50 ] },
      { "item": "lab_file_mutagen_guide", "prob": 100 },
      { "item": "lab_file_mutation_testing", "prob": 100 }
    ]
  },
  {
    "type": "item_group",
    "id": "serum_kits",
    "items": [ { "group": "regen_serum_kit", "prob": 100 } ]
  },
  {
    "type": "item_group",
    "id": "regen_serum_kit",
    "container-item": "box_small_plastic",
    "subtype": "collection",
    "items": [
      { "item": "syringe", "prob": 100, "count": 1 },
      { "item": "serum_regen", "prob": 100, "count": 1 },
      { "item": "bubblewrap", "prob": 100, "count": [ 2, 5 ] },
      { "item": "lab_file_serum_testing", "prob": 100 }
    ]
  },
  {
    "type": "item_group",
    "id": "teleport",
    "items": [
      [ "screwdriver", 40 ],
      [ "screwdriver_set", 40 ],
      [ "wrench", 30 ],
      [ "pliers", 20 ],
      [ "jumpsuit", 20 ],
      [ "mask_dust", 65 ],
      [ "wrapped_rad_badge", 15 ],
      [ "glasses_safety", 40 ],
      [ "goggles_welding", 70 ],
      [ "textbook_atomic_lab", 7 ],
      [ "recipe_lab_elec", 15 ],
      [ "software_electronics_reference", 2 ],
      [ "recipe_lab_cvd", 8 ],
      [ "teleporter", 10 ],
      { "prob": 5, "group": "antiparasitic_bottle_plastic_pill_prescription_1_10" },
      [ "usb_drive", 5 ]
    ]
  },
  {
    "type": "item_group",
    "id": "goo",
    "items": [
      { "group": "supplies_reagents_lab", "prob": 20 },
      [ "jumpsuit", 20 ],
      [ "subsuit_xl", 1 ],
      [ "gloves_rubber", 20 ],
      [ "apron_plastic", 20 ],
      { "item": "mask_filter", "prob": 30, "charges": [ 0, 100 ] },
      [ "glasses_safety", 40 ],
      { "item": "lighter", "prob": 60, "charges": [ 0, 100 ] },
      [ "boots_rubber", 20 ],
      [ "recipe_medicalmut", 2 ],
      [ "canister_goo", 8 ],
      [ "canister_goo", 8 ],
      [ "recipe_labchem", 2 ],
      [ "recipe_creepy", 2 ],
      [ "recipe_animal", 1 ],
      [ "recipe_chimera", 1 ]
    ]
  },
  {
    "type": "item_group",
    "id": "cloning_vat",
    "items": [ [ "fetus", 1 ], [ "arm", 4 ], [ "leg", 4 ] ]
  },
  {
    "type": "item_group",
    "id": "surgery",
    "items": [
      [ "blood", 20 ],
      { "group": "saline_bottle_random", "prob": 20 },
      { "prob": 5, "group": "iodine_bottle_plastic_pill_supplement_1_10" },
      { "prob": 5, "group": "prussian_blue_bottle_plastic_pill_supplement_1_10" },
      [ "autoclave", 5 ],
      { "item": "bandages", "prob": 50, "count": [ 1, 3 ] },
      { "group": "adhesive_bandages_box_used", "prob": 20 },
      { "group": "cotton_ball_bag_used", "prob": 50 },
      { "group": "cotton_ball_bag_full", "prob": 50 },
      [ "scalpel", 48 ],
      [ "syringe", 8 ],
      [ "pouch_autoclave", 15 ],
      [ "adrenaline_injector", 2 ],
      [ "gloves_medical", 70 ],
      [ "stethoscope", 30 ],
      [ "mask_dust", 65 ],
      [ "towel", 40 ],
      [ "vacutainer", 10 ],
      { "item": "cotton_patchwork", "prob": 1, "custom-flags": [ "FILTHY" ] },
      { "item": "disinfectant", "prob": 35, "charges": [ 1, 10 ] },
      [ "medical_gauze", 10 ],
      [ "medical_tape", 45 ],
      [ "jar_glass_sealed", 20 ],
      [ "jar_3l_glass_sealed", 15 ],
      { "item": "oxygen_tank", "prob": 50, "charges": [ 0, 24 ] },
      { "item": "smoxygen_tank", "prob": 25, "charges": [ 0, 12 ] },
      { "group": "bfipowder_bottle_plastic_5_60", "prob": 15 },
      { "prob": 10, "group": "quikclot_bag_plastic_1_6" },
      [ "anesthetic", 20 ],
      { "item": "rocuronium", "prob": 10, "count": [ 2, 8 ] },
      { "item": "anesthetic_kit", "prob": 10, "charges": [ 0, -1 ] }
    ]
  },
  {
    "type": "item_group",
    "id": "yrax_scrap",
    "items": [
      [ "yrax_sensor", 5 ],
      [ "yrax_robotics", 20 ],
      [ "yrax_computer", 5 ],
      [ "yrax_scrap", 40 ],
      [ "yrax_metal", 40 ],
      [ "yrax_electronics", 20 ]
    ]
  },
  {
    "type": "item_group",
    "id": "dissection",
    "items": [
      { "group": "supplies_reagents_lab", "prob": 20 },
      { "prob": 5, "group": "iodine_bottle_plastic_pill_supplement_1_10" },
      { "prob": 5, "group": "prussian_blue_bottle_plastic_pill_supplement_1_10" },
      [ "textbook_firstaid", 2 ],
      [ "emergency_book", 1 ],
      [ "recipe_creepy", 2 ],
      [ "recipe_labchem", 1 ],
      { "item": "bleach", "prob": 20, "charges": [ 6, -1 ] },
      { "item": "bandages", "prob": 50, "count": [ 1, 3 ] },
      { "group": "cotton_ball_bag_used", "prob": 50 },
      { "group": "cotton_ball_bag_full", "prob": 50 },
      [ "string_6", 2 ],
      [ "hacksaw", 17 ],
      [ "xacto", 10 ],
      { "item": "knife_huge", "variant": "knife_butcher", "prob": 10 },
      [ "machete", 5 ],
      [ "gloves_rubber", 20 ],
      [ "apron_plastic", 20 ],
      [ "bag_plastic", 10 ],
      [ "pouch_autoclave", 10 ],
      [ "autoclave", 20 ],
      [ "syringe", 8 ],
      [ "cotton_patchwork", 1 ],
      [ "scissors_medical", 50 ],
      [ "boots_rubber", 20 ],
      [ "subsuit_xl", 4 ],
      { "item": "cotton_patchwork", "prob": 1, "custom-flags": [ "FILTHY" ] },
      { "item": "chem_nitric_acid", "prob": 10, "charges": [ 1, -1 ] },
      { "item": "chem_hydrogen_peroxide_conc", "prob": 10, "charges": [ 1, -1 ] },
      { "item": "denat_alcohol", "prob": 6, "charges": [ 250, -1 ] },
      { "item": "methed_alcohol", "prob": 4, "charges": [ 250, -1 ] },
      [ "bag_body_bag", 10 ],
      [ "microscope", 10 ],
      [ "microscope_dissecting", 15 ],
      [ "beaker", 5 ],
      [ "gradcylinder", 5 ],
      [ "rack_test_tube", 5 ],
      [ "flask_glass", 10 ],
      [ "beaker", 10 ],
      [ "test_tube", 10 ]
    ]
  },
  {
    "type": "item_group",
    "id": "adderall_bottle_plastic_pill_prescription_1_10",
    "subtype": "collection",
    "//": "This group was created automatically and may contain errors.",
    "container-item": "bottle_plastic_pill_prescription",
    "entries": [ { "item": "adderall", "container-item": "null", "count": [ 1, 10 ] } ]
  },
  {
    "type": "item_group",
    "id": "bfipowder_bottle_plastic_5_60",
    "subtype": "collection",
    "container-item": "bottle_plastic",
    "entries": [ { "item": "bfipowder", "container-item": "null", "count": [ 5, 60 ] } ]
  },
  {
    "type": "item_group",
    "id": "antiparasitic_bottle_plastic_pill_prescription_1_10",
    "subtype": "collection",
    "//": "This group was created automatically and may contain errors.",
    "container-item": "bottle_plastic_pill_prescription",
    "entries": [ { "item": "antiparasitic", "container-item": "null", "count": [ 1, 10 ] } ]
  },
  {
    "type": "item_group",
    "id": "diazepam_bottle_plastic_pill_prescription_1_10",
    "subtype": "collection",
    "//": "This group was created automatically and may contain errors.",
    "container-item": "bottle_plastic_pill_prescription",
    "entries": [ { "item": "diazepam", "container-item": "null", "count": [ 1, 10 ] } ]
  },
  {
    "type": "item_group",
    "id": "chem_sulphur_bottle_plastic_small_100_inf",
    "subtype": "collection",
    "//": "This group was created automatically and may contain errors.",
    "container-item": "bottle_plastic_small",
    "entries": [ { "item": "chem_sulphur", "container-item": "null", "charges": [ 100, 1500 ] } ]
  },
  {
    "type": "item_group",
    "id": "chem_citric_acid_bottle_glass_100_inf",
    "subtype": "collection",
    "//": "This group was created automatically and may contain errors.",
    "container-item": "bottle_glass",
    "entries": [ { "item": "chem_citric_acid", "container-item": "null", "count": [ 100, -1 ] } ]
  }
]
