[
  { "current_layout_id": "legacy_labels_narrow_sidebar", "layouts": [ { "layout_id": "custom_sidebar", "panels": [ { "name": "Hit Points", "toggle": true }, { "name": "Hit Points (num)", "toggle": false }, { "name": "Stats", "toggle": true }, { "name": "Movement", "toggle": true }, { "name": "Stamina/Weariness", "toggle": true }, { "name": "Needs", "toggle": true }, { "name": "Needs", "toggle": false }, { "name": "Safe/Sound", "toggle": true }, { "name": "Bionic Power", "toggle": true }, { "name": "Radiation", "toggle": true }, { "name": "Compass", "toggle": false }, { "name": "Compass (Dynamic)", "toggle": true }, { "name": "Weapon/Style", "toggle": true }, { "name": "Place/Date/Time", "toggle": true }, { "name": "Overmap", "toggle": true }, { "name": "Location", "toggle": true }, { "name": "Environment", "toggle": true }, { "name": "Vehicle", "toggle": true }, { "name": "Vital Numbers", "toggle": false }, { "name": "Armor", "toggle": true }, { "name": "Body Part Status", "toggle": true }, { "name": "Body Part Status Alt", "toggle": true }, { "name": "Body Status", "toggle": false }, { "name": "Mana", "toggle": false }, { "name": "Mana Numbers", "toggle": false }, { "name": "Mana Graph", "toggle": false }, { "name": "Log", "toggle": true }, { "name": "Map", "toggle": true } ] }, { "layout_id": "legacy_classic_sidebar", "panels": [ { "name": "Health", "toggle": true }, { "name": "Health (self-aware)", "toggle": false }, { "name": "Movement", "toggle": true }, { "name": "Vehicle", "toggle": true }, { "name": "Weariness", "toggle": true }, { "name": "Place", "toggle": true }, { "name": "Date/Time", "toggle": true }, { "name": "Weather", "toggle": true }, { "name": "Lighting", "toggle": true }, { "name": "Weapon/Style", "toggle": true }, { "name": "Wind", "toggle": true }, { "name": "Armor", "toggle": true }, { "name": "Compass", "toggle": true }, { "name": "Body Status", "toggle": false }, { "name": "Sundial", "toggle": false }, { "name": "Log", "toggle": true }, { "name": "Map", "toggle": true } ] }, { "layout_id": "legacy_classic_sidebar_one_padding", "panels": [ { "name": "Health", "toggle": true }, { "name": "Health (self-aware)", "toggle": false }, { "name": "Movement", "toggle": true }, { "name": "Vehicle", "toggle": true }, { "name": "Weariness", "toggle": true }, { "name": "Place", "toggle": true }, { "name": "Date/Time", "toggle": true }, { "name": "Weather", "toggle": true }, { "name": "Lighting", "toggle": true }, { "name": "Weapon/Style", "toggle": true }, { "name": "Wind", "toggle": true }, { "name": "Armor", "toggle": true }, { "name": "Compass", "toggle": true }, { "name": "Body Status", "toggle": false }, { "name": "Log", "toggle": true }, { "name": "Map", "toggle": true } ] }, { "layout_id": "legacy_compact_sidebar", "panels": [ { "name": "Limbs", "toggle": true }, { "name": "Limbs (self-aware)", "toggle": false }, { "name": "Sound", "toggle": true }, { "name": "Stats", "toggle": true }, { "name": "Weariness", "toggle": true }, { "name": "Time", "toggle": true }, { "name": "Needs", "toggle": true }, { "name": "Needs (self-aware)", "toggle": false }, { "name": "Env", "toggle": true }, { "name": "Env Alt", "toggle": true }, { "name": "Vehicle", "toggle": true }, { "name": "Compass", "toggle": true }, { "name": "Armor", "toggle": true }, { "name": "Body Status", "toggle": false }, { "name": "Sundial", "toggle": false }, { "name": "Log", "toggle": true }, { "name": "Map", "toggle": true } ] }, { "layout_id": "legacy_labels_narrow_sidebar", "panels": [ { "name": "Limbs", "toggle": true }, { "name": "Limbs (self-aware)", "toggle": false }, { "name": "Movement", "toggle": true }, { "name": "Stats", "toggle": false }, { "name": "Weariness", "toggle": true }, { "name": "Needs", "toggle": true }, { "name": "Needs (self-aware)", "toggle": false }, { "name": "Location", "toggle": true }, { "name": "Wind/Temp", "toggle": true }, { "name": "Weapon/Style", "toggle": true }, { "name": "Vehicle", "toggle": true }, { "name": "Compass", "toggle": false }, { "name": "Radiation", "toggle": true }, { "name": "Sundial", "toggle": false }, { "name": "Map", "toggle": true }, { "name": "Log", "toggle": true } ] }, { "layout_id": "legacy_labels_sidebar", "panels": [ { "name": "Limbs", "toggle": true }, { "name": "Limbs (self-aware)", "toggle": false }, { "name": "Movement", "toggle": true }, { "name": "Stats", "toggle": true }, { "name": "Weariness", "toggle": true }, { "name": "Needs", "toggle": true }, { "name": "Needs (self-aware)", "toggle": false }, { "name": "Place", "toggle": true }, { "name": "Wind/Temp", "toggle": true }, { "name": "Weapon/Style", "toggle": true }, { "name": "Vehicle", "toggle": true }, { "name": "Compass", "toggle": true }, { "name": "Radiation", "toggle": true }, { "name": "Sundial", "toggle": false }, { "name": "Log", "toggle": true }, { "name": "Map", "toggle": true }, { "name": "Weight Carried", "toggle": true } ] }, { "layout_id": "my_labels_sidebar", "panels": [ { "name": "Body + Details", "toggle": true }, { "name": "Body + Details (num)", "toggle": false }, { "name": "Location Info", "toggle": true }, { "name": "Vehicle", "toggle": true }, { "name": "Sundial", "toggle": false }, { "name": "Compass", "toggle": false }, { "name": "Log", "toggle": true }, { "name": "Map", "toggle": true } ] }, { "layout_id": "my_labels_sidebar_cleaner", "panels": [ { "name": "Body + Details", "toggle": false }, { "name": "Extra body graphs", "toggle": false }, { "name": "Body + More Graphs", "toggle": true }, { "name": "Status displays", "toggle": true }, { "name": "Separator", "toggle": true }, { "name": "Location Info", "toggle": true }, { "name": "Weapon/Style", "toggle": true }, { "name": "Martial arts buffs", "toggle": false }, { "name": "Separator", "toggle": false }, { "name": "Mana", "toggle": false }, { "name": "Vehicle", "toggle": true }, { "name": "Sundial", "toggle": false }, { "name": "Separator", "toggle": false }, { "name": "Compass", "toggle": false }, { "name": "Log", "toggle": true }, { "name": "Map", "toggle": true } ] }, { "layout_id": "sidebar-mobile", "panels": [ { "name": "! Location info", "toggle": true }, { "name": "separator-space", "toggle": true }, { "name": "! Player status", "toggle": true }, { "name": "separator-space", "toggle": true }, { "name": "! MA, buffs, compass", "toggle": true }, { "name": "Log", "toggle": true }, { "name": "Map", "toggle": true } ] }, { "layout_id": "spacebar", "panels": [ { "name": "separator", "toggle": true }, { "name": "1_enviroment block", "toggle": true }, { "name": "separator", "toggle": true }, { "name": "2_player_block", "toggle": true }, { "name": "2_player_block (self-aware)", "toggle": false }, { "name": "separator", "toggle": true }, { "name": "3_weari_mood_block", "toggle": true }, { "name": "separator", "toggle": true }, { "name": "4_movement block", "toggle": true }, { "name": "separator", "toggle": true }, { "name": "5_Weapon/Sound block", "toggle": true }, { "name": "separator", "toggle": true }, { "name": "6_compass danger", "toggle": true }, { "name": "separator", "toggle": true }, { "name": "Sundial", "toggle": false }, { "name": "Radiation", "toggle": true }, { "name": "Wind", "toggle": true }, { "name": "Log", "toggle": true }, { "name": "Map", "toggle": true } ] }, { "layout_id": "structured_sidebar", "panels": [ { "name": "Date/Time/Moon", "toggle": true }, { "name": "Weather", "toggle": true }, { "name": "Place/Sound", "toggle": true }, { "name": "Separator", "toggle": true }, { "name": "Health + All Graphs", "toggle": true }, { "name": "Health + All (side)", "toggle": false }, { "name": "Health + Encumb Graph", "toggle": false }, { "name": "Health + HP Graph", "toggle": false }, { "name": "Health + Status Graph", "toggle": false }, { "name": "Health + Temp Graph", "toggle": false }, { "name": "Health + Overmap", "toggle": false }, { "name": "Health (self-aware)", "toggle": false }, { "name": "Health (self-a side)", "toggle": false }, { "name": "All Bodygraphs", "toggle": false }, { "name": "Separator", "toggle": true }, { "name": "Speed + Weight %", "toggle": true }, { "name": "Speed + Weight Graph", "toggle": false }, { "name": "Mana", "toggle": false }, { "name": "Separator", "toggle": true }, { "name": "Martial arts buffs", "toggle": false }, { "name": "Compass/Overmap 9x9", "toggle": false }, { "name": "Compass/Overmap 7x7", "toggle": true }, { "name": "Compass/Overmap 5x5", "toggle": false }, { "name": "Compass", "toggle": false }, { "name": "Separator", "toggle": false }, { "name": "Separator", "toggle": false }, { "name": "Log", "toggle": true }, { "name": "Map", "toggle": true } ] }, { "layout_id": "zenfs_numbar", "panels": [ { "name": "Graphs & numbers", "toggle": true }, { "name": "Numbers; slim", "toggle": false }, { "name": "(Spacer)", "toggle": true }, { "name": "Armor; top layer", "toggle": true }, { "name": "Weapon", "toggle": true }, { "name": "Martial art & buffs", "toggle": true }, { "name": "(Spacer)", "toggle": true }, { "name": "L.Overmap/Environment", "toggle": true }, { "name": "R.Overmap/Environment", "toggle": false }, { "name": "Environment; slim", "toggle": false }, { "name": "(Spacer)", "toggle": false }, { "name": "Vehicle", "toggle": true }, { "name": "Compass (Dynamic)", "toggle": true }, { "name": "Compass", "toggle": false }, { "name": "(Spacer)", "toggle": false }, { "name": "(Spacer)", "toggle": false }, { "name": "Log", "toggle": true }, { "name": "Map", "toggle": true } ] }, { "layout_id": "zenfs_thick_sidebar", "panels": [ { "name": "Graphs & meters", "toggle": false }, { "name": "Meters; slim", "toggle": true }, { "name": "(Spacer)", "toggle": true }, { "name": "Armor; top layer", "toggle": true }, { "name": "Weapon", "toggle": true }, { "name": "Martial art & buffs", "toggle": true }, { "name": "(Spacer)", "toggle": true }, { "name": "L.Overmap/Environment", "toggle": true }, { "name": "R.Overmap/Environment", "toggle": false }, { "name": "Environment; slim", "toggle": false }, { "name": "(Spacer)", "toggle": false }, { "name": "Vehicle", "toggle": true }, { "name": "Compass (Dynamic)", "toggle": true }, { "name": "Compass", "toggle": false }, { "name": "(Spacer)", "toggle": false }, { "name": "(Spacer)", "toggle": false }, { "name": "Log", "toggle": true }, { "name": "Map", "toggle": true } ] } ] }
]