[
  {
    "id": "12mm",
    "type": "AMMO",
    "name": { "str_sp": "H&K 12mm" },
    "description": "A Heckler & Koch 12mm projectile, to be used in H&K railguns.  It's made of ferromagnetic metal, probably cobalt.",
    "ascii_picture": "12mm",
    "weight": "11 g",
    "volume": "250 ml",
    "price": "60 USD",
    "price_postapoc": "80 USD",
    "flags": [ "IRREPLACEABLE_CONSUMABLE" ],
    "material": [ "steel" ],
    "symbol": "=",
    "color": "blue",
    "count": 20,
    "stack_size": 40,
    "ammo_type": "12mm",
    "damage": { "damage_type": "bullet", "amount": 50, "armor_penetration": 40 },
    "dispersion": 45,
    "recoil": 100
  }
]
