[
  {
    "id": "223",
    "type": "AMMO",
    "name": { "str_sp": ".223 Remington" },
    "description": ".223 Remington ammunition with a 55gr FMJ-BT bullet, patterned after the M193 loading.  The .223 round has been very popular with civilian shooters for almost a century, finding use in a wide variety of weapons.  The combination of high velocity with a thinly-jacketed, cannelured projectile led to unexpected yaw and fragmentation in soft tissue, increasing this round's performance.",
    "ascii_picture": "223",
    "weight": "12 g",
    "volume": "194 ml",
    "longest_side": "57 mm",
    "price": "2 USD 80 cent",
    "price_postapoc": "9 USD",
    "flags": [ "IRREPLACEABLE_CONSUMABLE" ],
    "material": [ "brass", "lead", "powder" ],
    "symbol": "=",
    "color": "yellow",
    "count": 30,
    "stack_size": 47,
    "ammo_type": "223",
    "casing": "223_casing",
    "range": 36,
    "damage": {
      "damage_type": "bullet",
      "amount": 39,
      "armor_penetration": 2,
      "barrels": [
        { "barrel_length": "28 mm", "amount": 13 },
        { "barrel_length": "30 mm", "amount": 14 },
        { "barrel_length": "35 mm", "amount": 15 },
        { "barrel_length": "39 mm", "amount": 16 },
        { "barrel_length": "43 mm", "amount": 17 },
        { "barrel_length": "47 mm", "amount": 18 },
        { "barrel_length": "52 mm", "amount": 19 },
        { "barrel_length": "57 mm", "amount": 20 },
        { "barrel_length": "65 mm", "amount": 21 },
        { "barrel_length": "71 mm", "amount": 22 },
        { "barrel_length": "77 mm", "amount": 23 },
        { "barrel_length": "84 mm", "amount": 24 },
        { "barrel_length": "92 mm", "amount": 25 },
        { "barrel_length": "101 mm", "amount": 26 },
        { "barrel_length": "110 mm", "amount": 27 },
        { "barrel_length": "120 mm", "amount": 28 },
        { "barrel_length": "131 mm", "amount": 29 },
        { "barrel_length": "144 mm", "amount": 30 },
        { "barrel_length": "157 mm", "amount": 31 },
        { "barrel_length": "172 mm", "amount": 32 },
        { "barrel_length": "189 mm", "amount": 33 },
        { "barrel_length": "208 mm", "amount": 34 },
        { "barrel_length": "229 mm", "amount": 35 },
        { "barrel_length": "252 mm", "amount": 36 },
        { "barrel_length": "288 mm", "amount": 37 },
        { "barrel_length": "319 mm", "amount": 38 },
        { "barrel_length": "354 mm", "amount": 39 },
        { "barrel_length": "395 mm", "amount": 40 },
        { "barrel_length": "441 mm", "amount": 41 },
        { "barrel_length": "494 mm", "amount": 42 },
        { "barrel_length": "557 mm", "amount": 43 },
        { "barrel_length": "629 mm", "amount": 44 },
        { "barrel_length": "715 mm", "amount": 45 },
        { "barrel_length": "816 mm", "amount": 46 },
        { "barrel_length": "937 mm", "amount": 47 },
        { "barrel_length": "1105 mm", "amount": 48 },
        { "barrel_length": "1232 mm", "amount": 49 }
      ]
    },
    "dispersion": 30,
    "dispersion_modifier": [ { "barrel_length": "337 mm", "dispersion": 30 }, { "barrel_length": "533 mm", "dispersion": 0 } ],
    "recoil": 1500,
    "effects": [ "COOKOFF" ]
  },
  {
    "id": "556_mk262",
    "copy-from": "223",
    "type": "AMMO",
    "name": { "str_sp": "5.56 NATO Mk 262" },
    "description": "5.56x45mm ammunition, loaded for precision from the Mk 12 SPR rifles, and later used by other SF units looking for more effective loadings for their M4A1 and Mk 18 carbines.  The Mk 262 Mod 1 is loaded with a 77 grain Open Tip Match bullet, enhancing lethality even at longer ranges when compared to older M855 loadings.",
    "price": "6 USD",
    "price_postapoc": "20 USD",
    "relative": { "damage": { "damage_type": "bullet", "amount": 8 } },
    "proportional": { "recoil": 1.1 }
  },
  {
    "id": "556_mk318",
    "copy-from": "223",
    "type": "AMMO",
    "name": { "str_sp": "5.56 NATO Mk318" },
    "description": "5.56x45mm ammunition, developed due to SOF dissatisfaction with the M855 cartridge.  The Mk318 Mod 1 is loaded with a 62 grain Open Tip Match Rear Penetrator bullet, a copper slug enclosed inside an open-tipped brass projectile, providing for consistent loading, enhanced lethality and increased penetration.  When compared to M855, the Mk318 fragments consistently, even out of short-barreled carbines.",
    "price": "7 USD",
    "price_postapoc": "23 USD",
    "relative": { "damage": { "damage_type": "bullet", "amount": 1, "armor_penetration": 8 } },
    "proportional": { "recoil": 1.1 }
  },
  {
    "id": "556",
    "copy-from": "223",
    "type": "AMMO",
    "name": { "str_sp": "5.56 NATO M855" },
    "material": [ "steel", "brass", "lead", "powder" ],
    "description": "5.56x45mm ammunition with a 62gr FMJ bullet containing a steel penetrator.  Originally designed for the M249 FN Minimi, M855 was designed to penetrate steel helmets and light cover at range, sacrificing terminal performance and accuracy in the process.  The limited yaw and fragmentation is worsened with shorter-barreled carbines shooting this round, and optimization of barrel twist for stabilization of the tracer variant of M855 has resulted in lackluster accuracy overall.",
    "ascii_picture": "556",
    "price": "2 USD 90 cent",
    "price_postapoc": "9 USD",
    "flags": [ "IRREPLACEABLE_CONSUMABLE" ],
    "relative": { "damage": { "damage_type": "bullet", "amount": -3, "armor_penetration": 10 }, "dispersion": 20 },
    "dispersion_modifier": [ { "barrel_length": "337 mm", "dispersion": 120 }, { "barrel_length": "533 mm", "dispersion": 0 } ],
    "proportional": { "recoil": 1.1 },
    "extend": { "effects": [ "NEVER_MISFIRES" ] }
  },
  {
    "id": "556_m855a1",
    "copy-from": "223",
    "type": "AMMO",
    "name": { "str_sp": "5.56 NATO M855A1" },
    "description": "An updated loading of M855 5.56x45mm ammunition, featuring a 62 grain projectile containing an exposed steel penetrator and copper slug.  Designed as a mostly lead-free projectile, the opportunity was further taken to improve upon M855's penetration and lethality characteristics through penetrator design and increased pressure.  Its improved accuracy, penetration and lethality over M855 are appreciated by users of shorter-barreled AR variants.",
    "ascii_picture": "556_m855a1",
    "price": "3 USD",
    "price_postapoc": "10 USD",
    "flags": [ "IRREPLACEABLE_CONSUMABLE" ],
    "relative": { "damage": { "damage_type": "bullet", "amount": -2, "armor_penetration": 11 }, "dispersion": 10 },
    "proportional": { "recoil": 1.1 },
    "extend": { "effects": [ "NEVER_MISFIRES" ] }
  },
  {
    "id": "556_incendiary",
    "copy-from": "556",
    "type": "AMMO",
    "name": { "str_sp": "5.56 NATO tracer" },
    "description": "An M856 tracer round.  Traditional practice is to load one tracer per every four normal rounds to help keep the weapon they are fired from on target.  They have the potential to ignite flammable surfaces at their point of impact.",
    "ascii_picture": "556_incendiary",
    "extend": { "effects": [ "INCENDIARY" ] }
  },
  {
    "id": "556_m995",
    "copy-from": "556",
    "type": "AMMO",
    "name": { "str_sp": "5.56 NATO M995" },
    "description": "An armor piercing 5.56x45mm M995 round using a 52gr projectile, featuring a black-tipped, tungsten carbide penetrator over an aluminum slug.  Increased penetration over standard ball rounds at the cost of worse wounding potential in soft tissue.",
    "ascii_picture": "556_m995",
    "relative": { "damage": { "damage_type": "bullet", "amount": -3, "armor_penetration": 8 } }
  },
  {
    "id": "bp_223",
    "copy-from": "223",
    "type": "AMMO",
    "name": { "str_sp": ".223 Remington, black powder" },
    "proportional": {
      "price": 0.3,
      "damage": { "damage_type": "bullet", "amount": 0.57, "armor_penetration": 0.5 },
      "recoil": 0.57,
      "dispersion": 1.2
    },
    "extend": { "effects": [ "RECYCLED", "BLACKPOWDER", "MUZZLE_SMOKE" ] },
    "delete": { "effects": [ "NEVER_MISFIRES" ], "flags": [ "IRREPLACEABLE_CONSUMABLE" ] }
  },
  {
    "id": "bp_556",
    "copy-from": "556",
    "type": "AMMO",
    "name": { "str_sp": "5.56 NATO, black powder" },
    "proportional": {
      "price": 0.3,
      "damage": { "damage_type": "bullet", "amount": 0.57, "armor_penetration": 0.5 },
      "recoil": 0.57,
      "dispersion": 1.2
    },
    "extend": { "effects": [ "RECYCLED", "BLACKPOWDER", "MUZZLE_SMOKE" ] },
    "delete": { "effects": [ "NEVER_MISFIRES" ], "flags": [ "IRREPLACEABLE_CONSUMABLE" ] }
  },
  {
    "id": "bp_556_incendiary",
    "copy-from": "556_incendiary",
    "type": "AMMO",
    "name": { "str_sp": "5.56 NATO tracer, black powder" },
    "proportional": {
      "price": 0.3,
      "damage": { "damage_type": "bullet", "amount": 0.57, "armor_penetration": 0.5 },
      "recoil": 0.57,
      "dispersion": 1.2
    },
    "extend": { "effects": [ "RECYCLED", "BLACKPOWDER", "MUZZLE_SMOKE" ] },
    "delete": { "effects": [ "NEVER_MISFIRES" ], "flags": [ "IRREPLACEABLE_CONSUMABLE" ] }
  },
  {
    "id": "reloaded_223",
    "copy-from": "223",
    "type": "AMMO",
    "name": { "str_sp": ".223 Remington, reloaded" },
    "proportional": { "price": 0.7, "damage": { "damage_type": "bullet", "amount": 0.9 }, "dispersion": 1.1 },
    "extend": { "effects": [ "RECYCLED" ] },
    "delete": { "effects": [ "NEVER_MISFIRES" ], "flags": [ "IRREPLACEABLE_CONSUMABLE" ] }
  },
  {
    "id": "reloaded_556",
    "copy-from": "556",
    "type": "AMMO",
    "name": { "str_sp": "5.56 NATO, reloaded" },
    "proportional": { "price": 0.7, "damage": { "damage_type": "bullet", "amount": 0.9 }, "dispersion": 1.1 },
    "extend": { "effects": [ "RECYCLED" ] },
    "delete": { "effects": [ "NEVER_MISFIRES" ], "flags": [ "IRREPLACEABLE_CONSUMABLE" ] }
  },
  {
    "id": "reloaded_556_incendiary",
    "copy-from": "556_incendiary",
    "type": "AMMO",
    "name": { "str_sp": "5.56 NATO tracer, reloaded" },
    "proportional": { "price": 0.7, "damage": { "damage_type": "bullet", "amount": 0.9 }, "dispersion": 1.1 },
    "extend": { "effects": [ "RECYCLED" ] },
    "delete": { "effects": [ "NEVER_MISFIRES" ], "flags": [ "IRREPLACEABLE_CONSUMABLE" ] }
  }
]
