[
  {
    "id": "32_acp",
    "type": "AMMO",
    "name": { "str_sp": ".32 ACP FMJ" },
    "description": "A jacketed .32 ACP cartridge loaded with a 71 grain bullet.  .32 ACP was once a popular handgun cartridge in the 20th century.  It lacks power compared to .380 Auto and 9x19mm.",
    "ascii_picture": "32_acp",
    "weight": "8 g",
    "volume": "116 ml",
    "longest_side": "25 mm",
    "price": "27 USD 50 cent",
    "price_postapoc": "9 USD",
    "flags": [ "IRREPLACEABLE_CONSUMABLE" ],
    "material": [ "brass", "lead", "powder" ],
    "symbol": "=",
    "color": "yellow",
    "count": 80,
    "stack_size": 80,
    "ammo_type": "32",
    "casing": "32_casing",
    "range": 12,
    "//": ".311in 71gr PrviPartizan JHP-RN B-075, 3.1gr Nitrochemie P2636 Ws",
    "damage": {
      "damage_type": "bullet",
      "amount": 16,
      "barrels": [
        { "barrel_length": "28 mm", "amount": 11 },
        { "barrel_length": "37 mm", "amount": 12 },
        { "barrel_length": "49 mm", "amount": 13 },
        { "barrel_length": "64 mm", "amount": 14 },
        { "barrel_length": "86 mm", "amount": 15 },
        { "barrel_length": "123 mm", "amount": 16 },
        { "barrel_length": "171 mm", "amount": 17 },
        { "barrel_length": "246 mm", "amount": 18 },
        { "barrel_length": "366 mm", "amount": 19 },
        { "barrel_length": "570 mm", "amount": 20 },
        { "barrel_length": "1019 mm", "amount": 21 },
        { "barrel_length": "1259 mm", "amount": 22 }
      ]
    },
    "dispersion": 70,
    "recoil": 150,
    "effects": [ "COOKOFF" ]
  },
  {
    "id": "bp_32_acp",
    "copy-from": "32_acp",
    "type": "AMMO",
    "name": { "str_sp": ".32 ACP, black powder" },
    "proportional": {
      "price": 0.3,
      "damage": { "damage_type": "bullet", "amount": 0.76, "armor_penetration": 0.5 },
      "recoil": 0.76,
      "dispersion": 1.2
    },
    "extend": { "effects": [ "RECYCLED", "BLACKPOWDER", "MUZZLE_SMOKE" ] },
    "delete": { "effects": [ "NEVER_MISFIRES" ], "flags": [ "IRREPLACEABLE_CONSUMABLE" ] }
  },
  {
    "id": "reloaded_32_acp",
    "copy-from": "32_acp",
    "type": "AMMO",
    "name": { "str_sp": ".32 ACP, reloaded" },
    "proportional": { "price": 0.7, "damage": { "damage_type": "bullet", "amount": 0.9 }, "dispersion": 1.1 },
    "extend": { "effects": [ "RECYCLED" ] },
    "delete": { "effects": [ "NEVER_MISFIRES" ], "flags": [ "IRREPLACEABLE_CONSUMABLE" ] }
  },
  {
    "id": "matchhead_32_acp",
    "copy-from": "bp_32_acp",
    "type": "AMMO",
    "//": "matchhead bullets assumed to have about 75% of the muzzle energy of black powder",
    "name": { "str_sp": ".32 ACP, matchhead powder" },
    "proportional": { "price": 0.5, "damage": { "damage_type": "bullet", "amount": 0.85 }, "dispersion": 1.1 },
    "looks_like": "bp_32_acp",
    "extend": { "effects": [ "MATCHHEAD" ] }
  },
  {
    "id": "32_acp_jhp",
    "copy-from": "32_acp",
    "type": "AMMO",
    "name": { "str_sp": ".32 ACP JHP" },
    "description": "Jacketed .32 ACP ammunition with a 71gr hollow point bullet, intended for use in self-defense.  This caliber was once a popular handgun cartridge in the 20th century, though it lacks power compared to .380 Auto and 9x19mm.",
    "price": "36 USD 80 cent",
    "price_postapoc": "10 USD",
    "relative": { "damage": { "damage_type": "bullet", "amount": 1 } }
  },
  {
    "id": "bp_32_acp_jhp",
    "copy-from": "32_acp_jhp",
    "type": "AMMO",
    "name": { "str_sp": ".32 ACP JHP, black powder" },
    "proportional": {
      "price": 0.3,
      "damage": { "damage_type": "bullet", "amount": 0.76, "armor_penetration": 0.5 },
      "recoil": 0.76,
      "dispersion": 1.2
    },
    "extend": { "effects": [ "RECYCLED", "BLACKPOWDER", "MUZZLE_SMOKE" ] },
    "delete": { "effects": [ "NEVER_MISFIRES" ], "flags": [ "IRREPLACEABLE_CONSUMABLE" ] }
  },
  {
    "id": "reloaded_32_acp_jhp",
    "copy-from": "32_acp_jhp",
    "type": "AMMO",
    "name": { "str_sp": ".32 ACP JHP, reloaded" },
    "proportional": { "price": 0.7, "damage": { "damage_type": "bullet", "amount": 0.9 }, "dispersion": 1.1 },
    "extend": { "effects": [ "RECYCLED" ] },
    "delete": { "effects": [ "NEVER_MISFIRES" ], "flags": [ "IRREPLACEABLE_CONSUMABLE" ] }
  },
  {
    "id": "matchhead_32_acp_jhp",
    "copy-from": "bp_32_acp_jhp",
    "type": "AMMO",
    "//": "matchhead bullets assumed to have about 75% of the muzzle energy of black powder",
    "name": { "str_sp": ".32 ACP JHP, matchhead powder" },
    "proportional": { "price": 0.5, "damage": { "damage_type": "bullet", "amount": 0.85 }, "dispersion": 1.1 },
    "looks_like": "bp_32_acp_jhp",
    "extend": { "effects": [ "MATCHHEAD" ] }
  }
]
