[
  {
    "id": "357sig_fmj",
    "type": "AMMO",
    "name": { "str_sp": ".357 SIG FMJ" },
    "description": "Jacketed .357 SIG ammunition.  Based on a 10mm Auto case necked down to a .355 inch bullet, the .357 SIG round is a high velocity pistol cartridge, giving it a flatter trajectory than many handgun rounds.",
    "ascii_picture": "357sig_fmj",
    "weight": "15 g",
    "volume": "132 ml",
    "longest_side": "29 mm",
    "price": "3 USD 70 cent",
    "price_postapoc": "10 USD",
    "flags": [ "IRREPLACEABLE_CONSUMABLE" ],
    "material": [ "brass", "lead", "powder" ],
    "symbol": "=",
    "color": "light_gray",
    "count": 50,
    "stack_size": 50,
    "ammo_type": "357sig",
    "casing": "357sig_casing",
    "range": 16,
    "//": ".355in, 124gr, Speer HP GD 3998, 7.3gr Alliant UNIQUE",
    "damage": {
      "damage_type": "bullet",
      "amount": 29,
      "armor_penetration": 8,
      "barrels": [
        { "barrel_length": "26 mm", "amount": 18 },
        { "barrel_length": "29 mm", "amount": 19 },
        { "barrel_length": "34 mm", "amount": 20 },
        { "barrel_length": "39 mm", "amount": 21 },
        { "barrel_length": "46 mm", "amount": 22 },
        { "barrel_length": "53 mm", "amount": 23 },
        { "barrel_length": "63 mm", "amount": 24 },
        { "barrel_length": "71 mm", "amount": 25 },
        { "barrel_length": "96 mm", "amount": 27 },
        { "barrel_length": "121 mm", "amount": 28 },
        { "barrel_length": "146 mm", "amount": 29 },
        { "barrel_length": "196 mm", "amount": 30 },
        { "barrel_length": "272 mm", "amount": 31 },
        { "barrel_length": "347 mm", "amount": 32 },
        { "barrel_length": "473 mm", "amount": 33 },
        { "barrel_length": "674 mm", "amount": 34 },
        { "barrel_length": "975 mm", "amount": 35 },
        { "barrel_length": "1256 mm", "amount": 36 }
      ]
    },
    "dispersion": 30,
    "recoil": 600,
    "effects": [ "COOKOFF" ]
  },
  {
    "id": "357sig_jhp",
    "copy-from": "357sig_fmj",
    "type": "AMMO",
    "name": { "str_sp": ".357 SIG JHP" },
    "description": "Jacketed hollow point .357 SIG ammunition.  Based on a 10mm Auto case necked down to a .355 inch bullet, the .357 SIG round is a high velocity pistol cartridge, giving it a flatter trajectory than many handgun rounds.",
    "relative": { "damage": { "damage_type": "bullet", "amount": 4, "armor_penetration": -4 } }
  },
  {
    "id": "reloaded_357sig_fmj",
    "copy-from": "357sig_fmj",
    "type": "AMMO",
    "name": { "str_sp": ".357 SIG FMJ, reloaded" },
    "proportional": { "price": 0.7, "damage": { "damage_type": "bullet", "amount": 0.9 }, "dispersion": 1.1 },
    "extend": { "effects": [ "RECYCLED" ] },
    "delete": { "effects": [ "NEVER_MISFIRES" ], "flags": [ "IRREPLACEABLE_CONSUMABLE" ] }
  },
  {
    "id": "reloaded_357sig_jhp",
    "copy-from": "357sig_jhp",
    "type": "AMMO",
    "name": { "str_sp": ".357 SIG JHP, reloaded" },
    "proportional": { "price": 0.7, "damage": { "damage_type": "bullet", "amount": 0.9 }, "dispersion": 1.1 },
    "extend": { "effects": [ "RECYCLED" ] },
    "delete": { "effects": [ "NEVER_MISFIRES" ], "flags": [ "IRREPLACEABLE_CONSUMABLE" ] }
  },
  {
    "id": "bp_357sig_fmj",
    "copy-from": "357sig_fmj",
    "type": "AMMO",
    "name": { "str_sp": ".357 SIG FMJ, black powder" },
    "proportional": {
      "price": 0.3,
      "damage": { "damage_type": "bullet", "amount": 0.76, "armor_penetration": 0.5 },
      "recoil": 0.76,
      "dispersion": 1.2
    },
    "extend": { "effects": [ "RECYCLED", "BLACKPOWDER", "MUZZLE_SMOKE" ] },
    "delete": { "effects": [ "NEVER_MISFIRES" ], "flags": [ "IRREPLACEABLE_CONSUMABLE" ] }
  },
  {
    "id": "bp_357sig_jhp",
    "copy-from": "357sig_jhp",
    "type": "AMMO",
    "name": { "str_sp": ".357 SIG JHP, black powder" },
    "proportional": {
      "price": 0.3,
      "damage": { "damage_type": "bullet", "amount": 0.76, "armor_penetration": 0.5 },
      "recoil": 0.76,
      "dispersion": 1.2
    },
    "extend": { "effects": [ "RECYCLED", "BLACKPOWDER", "MUZZLE_SMOKE" ] },
    "delete": { "effects": [ "NEVER_MISFIRES" ], "flags": [ "IRREPLACEABLE_CONSUMABLE" ] }
  },
  {
    "id": "matchhead_357sig_fmj",
    "copy-from": "bp_357sig_fmj",
    "type": "AMMO",
    "//": "matchhead bullets assumed to have about 75% of the muzzle energy of black powder",
    "name": { "str_sp": ".357 SIG FMJ, matchhead powder" },
    "proportional": { "price": 0.5, "damage": { "damage_type": "bullet", "amount": 0.85 }, "dispersion": 1.1 },
    "looks_like": "bp_357sig_fmj",
    "extend": { "effects": [ "MATCHHEAD" ] }
  },
  {
    "id": "matchhead_357sig_jhp",
    "copy-from": "bp_357sig_jhp",
    "type": "AMMO",
    "//": "matchhead bullets assumed to have about 75% of the muzzle energy of black powder",
    "name": { "str_sp": ".357 SIG JHP, matchhead powder" },
    "proportional": { "price": 0.5, "damage": { "damage_type": "bullet", "amount": 0.85 }, "dispersion": 1.1 },
    "looks_like": "bp_357sig_jhp",
    "extend": { "effects": [ "MATCHHEAD" ] }
  }
]
