[
  {
    "id": "380_FMJ",
    "type": "AMMO",
    "name": { "str_sp": ".380 ACP FMJ" },
    "description": ".380 ACP ammunition with a brass jacketed 95gr bullet.  Popular in pocket pistols for over a century, it is often considered the weakest caliber to consider for self-defense.  One should be careful not to chamber it in 9x18mm Makarov or 9x19mm firearms.",
    "ascii_picture": "380_FMJ",
    "weight": "10 g",
    "volume": "89 ml",
    "longest_side": "25 mm",
    "price": "1 USD 40 cent",
    "price_postapoc": "10 USD",
    "flags": [ "IRREPLACEABLE_CONSUMABLE" ],
    "material": [ "brass", "lead", "powder" ],
    "symbol": "=",
    "color": "yellow",
    "count": 50,
    "stack_size": 50,
    "ammo_type": "380",
    "casing": "380_casing",
    "range": 13,
    "//": " .355in, 95gr, Sierra FMJ FN TM 8105, 4.0gr Alliant UNIQUE",
    "damage": {
      "damage_type": "bullet",
      "amount": 16,
      "armor_penetration": 2,
      "barrels": [
        { "barrel_length": "28 mm", "amount": 11 },
        { "barrel_length": "36 mm", "amount": 12 },
        { "barrel_length": "45 mm", "amount": 13 },
        { "barrel_length": "57 mm", "amount": 14 },
        { "barrel_length": "68 mm", "amount": 15 },
        { "barrel_length": "87 mm", "amount": 16 },
        { "barrel_length": "113 mm", "amount": 17 },
        { "barrel_length": "149 mm", "amount": 18 },
        { "barrel_length": "198 mm", "amount": 19 },
        { "barrel_length": "269 mm", "amount": 20 },
        { "barrel_length": "373 mm", "amount": 21 },
        { "barrel_length": "531 mm", "amount": 22 },
        { "barrel_length": "707 mm", "amount": 23 },
        { "barrel_length": "1073 mm", "amount": 24 },
        { "barrel_length": "1256 mm", "amount": 25 }
      ]
    },
    "dispersion": 60,
    "recoil": 300,
    "effects": [ "COOKOFF" ]
  },
  {
    "id": "380_JHP",
    "copy-from": "380_FMJ",
    "type": "AMMO",
    "name": { "str_sp": ".380 ACP JHP" },
    "description": ".380 ACP ammunition with a 95gr jacketed hollow point bullet.  It is a popular round for small concealable backup pistols, and often the weakest recommended defensive caliber.  One should be careful not to chamber it in 9x18mm Makarov or 9x19mm firearms.",
    "relative": { "damage": { "damage_type": "bullet", "amount": 2, "armor_penetration": -2 } }
  },
  {
    "id": "380_p",
    "copy-from": "380_FMJ",
    "type": "AMMO",
    "name": { "str_sp": ".380 ACP +P" },
    "description": "Overpressure .380 ACP ammunition with a 90gr jacketed hollow point bullet.  This defensive loading is designed to maximize performance and tends to be more accurate than practice ammo.  One should be careful not to chamber it in 9x18mm Makarov or 9x19mm firearms.",
    "price": "1 USD 90 cent",
    "price_postapoc": "15 USD",
    "flags": [ "IRREPLACEABLE_CONSUMABLE" ],
    "count": 25,
    "relative": { "damage": { "damage_type": "bullet", "amount": 4, "armor_penetration": 2 }, "dispersion": -15 },
    "proportional": { "recoil": 1.1 }
  },
  {
    "id": "bp_380_FMJ",
    "copy-from": "380_FMJ",
    "type": "AMMO",
    "name": { "str_sp": ".380 ACP FMJ, black powder" },
    "proportional": {
      "price": 0.3,
      "damage": { "damage_type": "bullet", "amount": 0.76, "armor_penetration": 0.5 },
      "recoil": 0.76,
      "dispersion": 1.2
    },
    "extend": { "effects": [ "RECYCLED", "BLACKPOWDER", "MUZZLE_SMOKE" ] },
    "delete": { "effects": [ "NEVER_MISFIRES" ], "flags": [ "IRREPLACEABLE_CONSUMABLE" ] }
  },
  {
    "id": "bp_380_JHP",
    "copy-from": "380_JHP",
    "type": "AMMO",
    "name": { "str_sp": ".380 ACP JHP, black powder" },
    "proportional": {
      "price": 0.3,
      "damage": { "damage_type": "bullet", "amount": 0.76, "armor_penetration": 0.5 },
      "recoil": 0.76,
      "dispersion": 1.2
    },
    "extend": { "effects": [ "RECYCLED", "BLACKPOWDER", "MUZZLE_SMOKE" ] },
    "delete": { "effects": [ "NEVER_MISFIRES" ], "flags": [ "IRREPLACEABLE_CONSUMABLE" ] }
  },
  {
    "id": "reloaded_380_FMJ",
    "copy-from": "380_FMJ",
    "type": "AMMO",
    "name": { "str_sp": ".380 ACP FMJ, reloaded" },
    "proportional": { "price": 0.7, "damage": { "damage_type": "bullet", "amount": 0.9 }, "dispersion": 1.1 },
    "extend": { "effects": [ "RECYCLED" ] },
    "delete": { "effects": [ "NEVER_MISFIRES" ], "flags": [ "IRREPLACEABLE_CONSUMABLE" ] }
  },
  {
    "id": "reloaded_380_JHP",
    "copy-from": "380_JHP",
    "type": "AMMO",
    "name": { "str_sp": ".380 ACP JHP, reloaded" },
    "proportional": { "price": 0.7, "damage": { "damage_type": "bullet", "amount": 0.9 }, "dispersion": 1.1 },
    "extend": { "effects": [ "RECYCLED" ] },
    "delete": { "effects": [ "NEVER_MISFIRES" ], "flags": [ "IRREPLACEABLE_CONSUMABLE" ] }
  },
  {
    "id": "reloaded_380_p",
    "copy-from": "380_p",
    "type": "AMMO",
    "name": { "str_sp": ".380 ACP +P, reloaded" },
    "proportional": { "price": 0.7, "damage": { "damage_type": "bullet", "amount": 0.9 }, "dispersion": 1.1 },
    "extend": { "effects": [ "RECYCLED" ] },
    "delete": { "effects": [ "NEVER_MISFIRES" ], "flags": [ "IRREPLACEABLE_CONSUMABLE" ] }
  },
  {
    "id": "matchhead_380_FMJ",
    "copy-from": "bp_380_FMJ",
    "type": "AMMO",
    "//": "matchhead bullets assumed to have about 75% of the muzzle energy of black powder",
    "name": { "str_sp": ".380 ACP FMJ, matchhead powder" },
    "proportional": { "price": 0.5, "damage": { "damage_type": "bullet", "amount": 0.85 }, "dispersion": 1.1 },
    "looks_like": "bp_380_FMJ",
    "extend": { "effects": [ "MATCHHEAD" ] }
  },
  {
    "id": "matchhead_380_JHP",
    "copy-from": "bp_380_JHP",
    "type": "AMMO",
    "//": "matchhead bullets assumed to have about 75% of the muzzle energy of black powder",
    "name": { "str_sp": ".380 ACP JHP, matchhead powder" },
    "proportional": { "price": 0.5, "damage": { "damage_type": "bullet", "amount": 0.85 }, "dispersion": 1.1 },
    "looks_like": "bp_380_JHP",
    "extend": { "effects": [ "MATCHHEAD" ] }
  }
]
