[
  {
    "id": "460_fmj",
    "copy-from": "460_rowland",
    "type": "AMMO",
    "name": { "str_sp": ".460 Rowland HCFN" },
    "description": "A plated, hard cast flat nosed variant of the .460 Rowland round.  This increases penetration slightly at the cost of reduced damage from expansion.",
    "relative": { "damage": { "damage_type": "bullet", "amount": -4, "armor_penetration": 8 } }
  },
  {
    "id": "460_rowland",
    "copy-from": "44magnum",
    "type": "AMMO",
    "name": { "str_sp": ".460 Rowland" },
    "description": ".460 Rowland ammunition with a 185gr JHP bullet.  The .460 Rowland round is designed to emulate hard-hitting .44 Magnum in common autoloading pistols.  Like the .44, .460 Rowland has exceptional power - and recoil.  It is almost dimensionally identical to .45ACP, save for having a longer case and deeper-seated bullets to prevent ammunition mix-ups.",
    "ascii_picture": "460_rowland",
    "ammo_type": "460",
    "casing": "460_casing",
    "proportional": { "range": 0.95, "damage": { "damage_type": "bullet", "amount": 0.95, "armor_penetration": 0.95 }, "recoil": 0.95 }
  },
  {
    "id": "bp_460_fmj",
    "copy-from": "460_fmj",
    "type": "AMMO",
    "name": { "str_sp": ".460 Rowland FMJ, black powder" },
    "proportional": {
      "price": 0.3,
      "damage": { "damage_type": "bullet", "amount": 0.76, "armor_penetration": 0.5 },
      "recoil": 0.76,
      "dispersion": 1.2
    },
    "extend": { "effects": [ "RECYCLED", "BLACKPOWDER", "MUZZLE_SMOKE" ] },
    "delete": { "effects": [ "NEVER_MISFIRES" ], "flags": [ "IRREPLACEABLE_CONSUMABLE" ] }
  },
  {
    "id": "bp_460_rowland",
    "copy-from": "460_rowland",
    "type": "AMMO",
    "name": { "str_sp": ".460 Rowland, black powder" },
    "proportional": {
      "price": 0.3,
      "damage": { "damage_type": "bullet", "amount": 0.76, "armor_penetration": 0.5 },
      "recoil": 0.76,
      "dispersion": 1.2
    },
    "extend": { "effects": [ "RECYCLED", "BLACKPOWDER", "MUZZLE_SMOKE" ] },
    "delete": { "effects": [ "NEVER_MISFIRES" ], "flags": [ "IRREPLACEABLE_CONSUMABLE" ] }
  },
  {
    "id": "reloaded_460_fmj",
    "copy-from": "460_fmj",
    "type": "AMMO",
    "name": { "str_sp": ".460 Rowland FMJ, reloaded" },
    "proportional": { "price": 0.7, "damage": { "damage_type": "bullet", "amount": 0.9 }, "dispersion": 1.1 },
    "extend": { "effects": [ "RECYCLED" ] },
    "delete": { "effects": [ "NEVER_MISFIRES" ], "flags": [ "IRREPLACEABLE_CONSUMABLE" ] }
  },
  {
    "id": "reloaded_460_rowland",
    "copy-from": "460_rowland",
    "type": "AMMO",
    "name": { "str_sp": ".460 Rowland, reloaded" },
    "proportional": { "price": 0.7, "damage": { "damage_type": "bullet", "amount": 0.9 }, "dispersion": 1.1 },
    "extend": { "effects": [ "RECYCLED" ] },
    "delete": { "effects": [ "NEVER_MISFIRES" ], "flags": [ "IRREPLACEABLE_CONSUMABLE" ] }
  }
]
