[
  {
    "id": "50_incendiary",
    "copy-from": "50bmg",
    "type": "AMMO",
    "name": { "str_sp": ".50 BMG M17 tracer" },
    "description": "A tracer variant of the powerful .50 BMG round.  Tracer rounds help to keep the weapon they are fired from on target at the risk of igniting flammable substances.",
    "ascii_picture": "50_incendiary",
    "count": 10,
    "effects": [ "INCENDIARY" ],
    "dispersion": 310
  },
  {
    "id": "50bmg",
    "type": "AMMO",
    "name": { "str_sp": ".50 BMG M33 Ball" },
    "description": ".50 BMG ammunition with a mild steel cored 661gr FMJ bullet.  The .50 BMG is a very powerful rifle round designed for anti-aircraft use, later adapted to anti-vehicular and anti-personnel roles.  Its stupendous energy and armor piercing capabilities make it one of the most deadly rounds available, offset only by its drastic recoil and noise.",
    "ascii_picture": "50bmg",
    "weight": "114 g",
    "volume": "451 ml",
    "longest_side": "138 mm",
    "price": "22 USD",
    "price_postapoc": "25 USD",
    "flags": [ "IRREPLACEABLE_CONSUMABLE" ],
    "material": [ "steel", "brass", "lead", "powder" ],
    "symbol": "=",
    "color": "dark_gray",
    "count": 25,
    "stack_size": 10,
    "ammo_type": "50",
    "casing": "50_casing",
    "range": 110,
    "damage": { "damage_type": "bullet", "amount": 131, "armor_penetration": 28 },
    "dispersion": 150,
    "recoil": 26250,
    "effects": [ "COOKOFF", "NEVER_MISFIRES" ]
  },
  {
    "id": "50match",
    "copy-from": "50bmg",
    "type": "AMMO",
    "name": { "str_sp": ".50 BMG Match" },
    "description": ".50 BMG ammunition with a lead-cored FMJ bullet.  The .50 BMG is a very powerful rifle round designed for anti-aircraft use, later adapted to anti-vehicular and anti-personnel roles.  Its stupendous energy and armor piercing capabilities make it one of the most deadly rounds available, offset only by its drastic recoil and noise.",
    "ascii_picture": "50match",
    "count": 10,
    "relative": { "damage": { "damage_type": "bullet", "amount": 2, "armor_penetration": -4 } },
    "dispersion": 100
  },
  {
    "id": "50ss",
    "copy-from": "50bmg",
    "type": "AMMO",
    "name": { "str_sp": ".50 BMG M2 AP" },
    "description": "A variant of the .50 BMG round that uses a core of very dense, hardened tungsten steel.  Penetration is increased, but damage is reduced.",
    "ascii_picture": "50ss",
    "count": 10,
    "relative": { "damage": { "damage_type": "bullet", "amount": -10, "armor_penetration": 20 } },
    "dispersion": 600
  },
  {
    "id": "50_mk211",
    "copy-from": "50bmg",
    "type": "AMMO",
    "name": { "str_sp": ".50 BMG Raufoss Mk 211" },
    "price": "600 USD",
    "price_postapoc": "75 USD",
    "flags": [ "IRREPLACEABLE_CONSUMABLE" ],
    "description": "This variant of the .50 BMG round makes the most of the caliber's potential payload delivery: The tip is loaded with an incendiary mix, which ignites on impact, detonating the RDX or PETN charge.  This also ignites a secondary zirconium powder incendiary charge that surrounds a tungsten carbide penetrator, both encased by a mild steel cup.  Fragments from the cup and burning metallic powder follow the penetrator through armored targets, increasing lethality.  This rare, complicated, and expensive round is not likely to be manufactured again; use it wisely.",
    "ascii_picture": "50_mk211",
    "effects": [ "INCENDIARY", "EXPLOSIVE_RAUFOSS" ],
    "//": "mk 211 is estimated to be as effective as 20mm, which would have 65kJ energy, or 255 damage. ~181 damage is fair.",
    "relative": { "damage": { "damage_type": "bullet", "amount": 50, "armor_penetration": 20 } },
    "dispersion": 100
  },
  {
    "id": "reloaded_50_incendiary",
    "copy-from": "50_incendiary",
    "type": "AMMO",
    "name": { "str_sp": ".50 BMG tracer, reloaded" },
    "proportional": { "price": 0.7, "damage": { "damage_type": "bullet", "amount": 0.9 }, "dispersion": 1.1 },
    "extend": { "effects": [ "RECYCLED" ] },
    "delete": { "effects": [ "NEVER_MISFIRES" ], "flags": [ "IRREPLACEABLE_CONSUMABLE" ] }
  },
  {
    "id": "reloaded_50bmg",
    "copy-from": "50match",
    "type": "AMMO",
    "name": { "str_sp": ".50 BMG Match, reloaded" },
    "proportional": { "price": 0.7, "damage": { "damage_type": "bullet", "amount": 0.9 }, "dispersion": 1.1 },
    "extend": { "effects": [ "RECYCLED" ] },
    "delete": { "effects": [ "NEVER_MISFIRES" ], "flags": [ "IRREPLACEABLE_CONSUMABLE" ] }
  },
  {
    "id": "reloaded_50ss",
    "copy-from": "50ss",
    "type": "AMMO",
    "name": { "str_sp": ".50 BMG AP, reloaded" },
    "proportional": { "price": 0.7, "damage": { "damage_type": "bullet", "amount": 0.9 }, "dispersion": 1.1 },
    "extend": { "effects": [ "RECYCLED" ] },
    "delete": { "effects": [ "NEVER_MISFIRES" ], "flags": [ "IRREPLACEABLE_CONSUMABLE" ] }
  },
  {
    "id": "bp_50_incendiary",
    "copy-from": "50_incendiary",
    "type": "AMMO",
    "name": { "str_sp": ".50 BMG tracer, black powder" },
    "proportional": {
      "price": 0.3,
      "damage": { "damage_type": "bullet", "amount": 0.76, "armor_penetration": 0.5 },
      "recoil": 0.76,
      "dispersion": 1.2
    },
    "extend": { "effects": [ "RECYCLED", "BLACKPOWDER", "MUZZLE_SMOKE" ] },
    "delete": { "effects": [ "NEVER_MISFIRES" ], "flags": [ "IRREPLACEABLE_CONSUMABLE" ] }
  },
  {
    "id": "bp_50match",
    "copy-from": "50match",
    "type": "AMMO",
    "name": { "str_sp": ".50 BMG Match, black powder" },
    "proportional": {
      "price": 0.3,
      "damage": { "damage_type": "bullet", "amount": 0.76, "armor_penetration": 0.5 },
      "recoil": 0.76,
      "dispersion": 1.2
    },
    "extend": { "effects": [ "RECYCLED", "BLACKPOWDER", "MUZZLE_SMOKE" ] },
    "delete": { "effects": [ "NEVER_MISFIRES" ], "flags": [ "IRREPLACEABLE_CONSUMABLE" ] }
  },
  {
    "id": "bp_50ss",
    "copy-from": "50ss",
    "type": "AMMO",
    "name": { "str_sp": ".50 BMG AP, black powder" },
    "proportional": {
      "price": 0.3,
      "damage": { "damage_type": "bullet", "amount": 0.76, "armor_penetration": 0.5 },
      "recoil": 0.76,
      "dispersion": 1.2
    },
    "extend": { "effects": [ "RECYCLED", "BLACKPOWDER", "MUZZLE_SMOKE" ] },
    "delete": { "effects": [ "NEVER_MISFIRES" ], "flags": [ "IRREPLACEABLE_CONSUMABLE" ] }
  }
]
