[
  {
    "id": "57mm",
    "type": "AMMO",
    "name": { "str_sp": "5.7x28mm SS190" },
    "description": "5.7x28mm ammunition with a 31gr AP FMJ bullet.  The 5.7x28mm cartridge was designed by FN Herstal to replace the 9x19mm round in NATO use.  Although the project to replace 9x19mm Parabellum was effectively canceled, the 5.7x28mm round has seen action in many conflicts and has proven to be reliable.  It has very low recoil and its armor penetration is a defining feature.",
    "ascii_picture": "57mm",
    "weight": "6 g",
    "volume": "121 ml",
    "longest_side": "41 mm",
    "price": "3 USD 50 cent",
    "price_postapoc": "16 USD",
    "flags": [ "IRREPLACEABLE_CONSUMABLE" ],
    "material": [ "steel", "brass", "lead", "powder" ],
    "symbol": "=",
    "color": "dark_gray",
    "count": 40,
    "stack_size": 60,
    "ammo_type": "57",
    "casing": "57mm_casing",
    "range": 14,
    "damage": { "damage_type": "bullet", "amount": 20, "armor_penetration": 18 },
    "dispersion": 40,
    "recoil": 515,
    "effects": [ "COOKOFF" ]
  },
  {
    "id": "57mm_ss",
    "copy-from": "57mm",
    "type": "AMMO",
    "name": { "str_sp": "5.7x28mm SB193" },
    "description": "A subsonic cartridge derived from the 5.7x28mm, designed for silenced firearms.  It offers good armor penetration at the cost of slightly less damage.",
    "ascii_picture": "57mm_ss",
    "relative": {
      "price": "1 USD",
      "range": -1,
      "damage": { "damage_type": "bullet", "amount": -10, "armor_penetration": -6 },
      "recoil": -40
    }
  },
  {
    "id": "bp_57mm",
    "copy-from": "57mm",
    "type": "AMMO",
    "name": { "str_sp": "5.7x28mm, black powder" },
    "description": "5.7x28mm ammunition with a 31gr AP FMJ bullet.  The 5.7x28mm cartridge was designed by FN Herstal to replace the 9x19mm round in NATO use.  Although the project to replace 9x19mm Parabellum was effectively canceled, the 5.7x28mm round has seen action in many conflicts and has proven to be reliable.  It has very low recoil but lacks its usual armor penetration due to using a simple lead bullet rather than a proper factory-made penetrator projectile.",
    "proportional": {
      "price": 0.3,
      "damage": { "damage_type": "bullet", "amount": 0.56, "armor_penetration": 0.1 },
      "recoil": 0.56,
      "dispersion": 1.2
    },
    "extend": { "effects": [ "RECYCLED", "BLACKPOWDER", "MUZZLE_SMOKE" ] },
    "delete": { "effects": [ "NEVER_MISFIRES" ], "flags": [ "IRREPLACEABLE_CONSUMABLE" ] }
  },
  {
    "id": "reloaded_57mm",
    "copy-from": "57mm",
    "type": "AMMO",
    "name": { "str_sp": "5.7x28mm, reloaded" },
    "description": "5.7x28mm ammunition with a 31gr AP FMJ bullet.  The 5.7x28mm cartridge was designed by FN Herstal to replace the 9x19mm round in NATO use.  Although the project to replace 9x19mm Parabellum was effectively canceled, the 5.7x28mm round has seen action in many conflicts and has proven to be reliable.  It has very low recoil but lacks its usual armor penetration due to using a simple lead bullet rather than a proper factory-made penetrator projectile.",
    "proportional": { "price": 0.7, "damage": { "damage_type": "bullet", "amount": 0.9, "armor_penetration": 0.7 }, "dispersion": 1.1 },
    "extend": { "effects": [ "RECYCLED" ] },
    "delete": { "effects": [ "NEVER_MISFIRES" ], "flags": [ "IRREPLACEABLE_CONSUMABLE" ] }
  }
]
