[
  {
    "id": "762_m87",
    "type": "AMMO",
    "ascii_picture": "762_m87",
    "description": "Imported 7.62x39mm M67-style ammunition with a 124gr jacketed, lead core bullet.  Thankfully this loading has non-corrosive primers, and also features a reloadable brass case.",
    "name": { "str_sp": "7.62x39mm FMJ" },
    "weight": "16 g",
    "volume": "113 ml",
    "longest_side": "56 mm",
    "price": "1 USD 20 cent",
    "price_postapoc": "8 USD",
    "flags": [ "IRREPLACEABLE_CONSUMABLE" ],
    "material": [ "brass", "lead", "powder" ],
    "symbol": "=",
    "color": "dark_gray",
    "count": 30,
    "stack_size": 20,
    "ammo_type": "762",
    "casing": "762_casing",
    "range": 30,
    "damage": {
      "damage_type": "bullet",
      "amount": 44,
      "armor_penetration": 8,
      "barrels": [
        { "barrel_length": "29 mm", "amount": 16 },
        { "barrel_length": "34 mm", "amount": 18 },
        { "barrel_length": "39 mm", "amount": 19 },
        { "barrel_length": "46 mm", "amount": 21 },
        { "barrel_length": "52 mm", "amount": 22 },
        { "barrel_length": "57 mm", "amount": 23 },
        { "barrel_length": "64 mm", "amount": 25 },
        { "barrel_length": "71 mm", "amount": 26 },
        { "barrel_length": "79 mm", "amount": 27 },
        { "barrel_length": "87 mm", "amount": 28 },
        { "barrel_length": "97 mm", "amount": 29 },
        { "barrel_length": "107 mm", "amount": 30 },
        { "barrel_length": "119 mm", "amount": 31 },
        { "barrel_length": "132 mm", "amount": 32 },
        { "barrel_length": "146 mm", "amount": 34 },
        { "barrel_length": "162 mm", "amount": 35 },
        { "barrel_length": "181 mm", "amount": 36 },
        { "barrel_length": "201 mm", "amount": 37 },
        { "barrel_length": "224 mm", "amount": 38 },
        { "barrel_length": "250 mm", "amount": 39 },
        { "barrel_length": "280 mm", "amount": 40 },
        { "barrel_length": "313 mm", "amount": 42 },
        { "barrel_length": "352 mm", "amount": 43 },
        { "barrel_length": "396 mm", "amount": 44 },
        { "barrel_length": "474 mm", "amount": 45 }
      ]
    },
    "dispersion": 35,
    "recoil": 2036,
    "effects": [ "COOKOFF", "NEVER_MISFIRES" ]
  },
  {
    "id": "762_jhp",
    "copy-from": "762_m87",
    "type": "AMMO",
    "name": { "str_sp": "7.62x39mm JHP" },
    "description": "7.62x39mm ammunition with a 123gr jacketed, hollowpoint bullet.  Made for hunting medium game, cartridges such as these were once popular for those using cheap military surplus rifles, as 7.62x39's ballistics are somewhat similar to that of 30-30 Winchester.  The combination of sanctions against exporting nations and drying up of formerly plentiful surplus has made these loadings of 7.62x39 less popular.",
    "ascii_picture": "762_jhp",
    "price": "1 USD",
    "price_postapoc": "7 USD 50 cent",
    "relative": { "damage": { "damage_type": "bullet", "amount": 4, "armor_penetration": -8 } }
  },
  {
    "id": "reloaded_762_jhp",
    "copy-from": "762_jhp",
    "type": "AMMO",
    "name": { "str_sp": "7.62x39mm JHP, reloaded" },
    "proportional": { "price": 0.7, "damage": { "damage_type": "bullet", "amount": 0.9 }, "dispersion": 1.1 },
    "extend": { "effects": [ "RECYCLED" ] },
    "delete": { "effects": [ "NEVER_MISFIRES" ], "flags": [ "IRREPLACEABLE_CONSUMABLE" ] }
  },
  {
    "id": "bp_762_jhp",
    "copy-from": "762_jhp",
    "type": "AMMO",
    "name": { "str_sp": "7.62x39mm JHP, black powder" },
    "proportional": {
      "price": 0.3,
      "damage": { "damage_type": "bullet", "amount": 0.76, "armor_penetration": 0.5 },
      "recoil": 0.76,
      "dispersion": 1.2
    },
    "extend": { "effects": [ "RECYCLED", "BLACKPOWDER", "MUZZLE_SMOKE" ] },
    "delete": { "effects": [ "NEVER_MISFIRES" ], "flags": [ "IRREPLACEABLE_CONSUMABLE" ] }
  },
  {
    "id": "reloaded_762_m87",
    "copy-from": "762_m87",
    "type": "AMMO",
    "name": { "str_sp": "7.62x39mm FMJ, reloaded" },
    "proportional": { "price": 0.7, "damage": { "damage_type": "bullet", "amount": 0.9 }, "dispersion": 1.1 },
    "extend": { "effects": [ "RECYCLED" ] },
    "delete": { "effects": [ "NEVER_MISFIRES" ], "flags": [ "IRREPLACEABLE_CONSUMABLE" ] }
  },
  {
    "id": "bp_762_m87",
    "copy-from": "762_m87",
    "type": "AMMO",
    "name": { "str_sp": "7.62x39mm FMJ, black powder" },
    "proportional": {
      "price": 0.3,
      "damage": { "damage_type": "bullet", "amount": 0.76, "armor_penetration": 0.5 },
      "recoil": 0.76,
      "dispersion": 1.2
    },
    "extend": { "effects": [ "RECYCLED", "BLACKPOWDER", "MUZZLE_SMOKE" ] },
    "delete": { "effects": [ "NEVER_MISFIRES" ], "flags": [ "IRREPLACEABLE_CONSUMABLE" ] }
  }
]
