[
  {
    "id": "762_54R",
    "type": "AMMO",
    "name": { "str_sp": "7.62x54mmR" },
    "description": "7.62x54mmR ammunition with a 150gr FMJ bullet.  The 7.62x54mmR round is one of the oldest still in common use, primarily due to the popularity of the Mosin-Nagant rifle.  It is a powerful cartridge capable of killing most targets with one shot.",
    "ascii_picture": "762_54R",
    "weight": "18 g",
    "volume": "185 ml",
    "longest_side": "77 mm",
    "price": "2 USD",
    "price_postapoc": "6 USD",
    "flags": [ "IRREPLACEABLE_CONSUMABLE" ],
    "material": [ "brass", "lead", "powder" ],
    "symbol": "=",
    "color": "yellow",
    "count": 20,
    "stack_size": 20,
    "ammo_type": "762R",
    "casing": "762R_casing",
    "range": 75,
    "damage": { "damage_type": "bullet", "amount": 54, "armor_penetration": 10 },
    "dispersion": 15,
    "recoil": 2650,
    "effects": [ "COOKOFF" ]
  },
  {
    "id": "reloaded_762_54R",
    "copy-from": "762_54R",
    "type": "AMMO",
    "name": { "str_sp": "7.62x54mmR, reloaded" },
    "proportional": { "price": 0.7, "damage": { "damage_type": "bullet", "amount": 0.9 }, "dispersion": 1.1 },
    "extend": { "effects": [ "RECYCLED" ] },
    "delete": { "effects": [ "NEVER_MISFIRES" ], "flags": [ "IRREPLACEABLE_CONSUMABLE" ] }
  },
  {
    "id": "bp_762_54R",
    "copy-from": "762_54R",
    "type": "AMMO",
    "name": { "str_sp": "7.62x54mmR, black powder" },
    "proportional": {
      "price": 0.3,
      "damage": { "damage_type": "bullet", "amount": 0.76, "armor_penetration": 0.5 },
      "recoil": 0.76,
      "dispersion": 1.2
    },
    "extend": { "effects": [ "RECYCLED", "BLACKPOWDER", "MUZZLE_SMOKE" ] },
    "delete": { "effects": [ "NEVER_MISFIRES" ], "flags": [ "IRREPLACEABLE_CONSUMABLE" ] }
  }
]
