[
  {
    "id": "9mm",
    "type": "AMMO",
    "name": { "str_sp": "9x19mm JHP" },
    "description": "9x19mm ammunition with a 116gr jacketed hollow point bullet.  JHP rounds have inferior penetration to FMJ rounds, but their expansion slightly increases stopping power against unarmored targets and reduces overpenetration.",
    "ascii_picture": "9mm",
    "weight": "12 g",
    "volume": "115 ml",
    "longest_side": "30 mm",
    "price": "1 USD 50 cent",
    "price_postapoc": "10 USD",
    "flags": [ "IRREPLACEABLE_CONSUMABLE" ],
    "material": [ "brass", "lead", "powder" ],
    "symbol": "=",
    "color": "yellow",
    "count": 50,
    "stack_size": 50,
    "ammo_type": "9mm",
    "casing": "9mm_casing",
    "range": 14,
    "damage": { "damage_type": "bullet", "amount": 26 },
    "dispersion": 60,
    "recoil": 500,
    "effects": [ "COOKOFF" ]
  },
  {
    "id": "9mmfmj",
    "copy-from": "9mm",
    "type": "AMMO",
    "name": { "str_sp": "9x19mm FMJ" },
    "description": "9x19mm ammunition with a brass jacketed 115gr bullet.  It has been a popular round for military, law enforcement, and civilian use for over a century.",
    "relative": { "damage": { "damage_type": "bullet", "amount": -2, "armor_penetration": 4 } }
  },
  {
    "id": "9mmP",
    "copy-from": "9mm",
    "type": "AMMO",
    "name": { "str_sp": "9x19mm +P" },
    "description": "Overpressure 9x19mm ammunition.  The round's increased velocity results in superior accuracy and stopping power at the cost of higher recoil.",
    "price": "3 USD",
    "price_postapoc": "8 USD",
    "flags": [ "IRREPLACEABLE_CONSUMABLE" ],
    "count": 25,
    "relative": { "damage": { "damage_type": "bullet", "amount": 2, "armor_penetration": 2 }, "dispersion": -15 },
    "proportional": { "recoil": 1.1 }
  },
  {
    "id": "9mmP2",
    "copy-from": "9mm",
    "type": "AMMO",
    "name": { "str_sp": "9x19mm +P+" },
    "description": "A step beyond the high-pressure 9x19mm +P round, the +P+ has even higher internal pressure offering superior damage, accuracy, and penetration.",
    "price": "3 USD 50 cent",
    "price_postapoc": "4 USD",
    "flags": [ "IRREPLACEABLE_CONSUMABLE" ],
    "count": 10,
    "relative": { "damage": { "damage_type": "bullet", "amount": 4, "armor_penetration": 4 }, "dispersion": -30 },
    "proportional": { "recoil": 1.2 }
  },
  {
    "id": "bp_9mm",
    "copy-from": "9mm",
    "type": "AMMO",
    "name": { "str_sp": "9x19mm JHP, black powder" },
    "proportional": {
      "price": 0.3,
      "damage": { "damage_type": "bullet", "amount": 0.76, "armor_penetration": 0.5 },
      "recoil": 0.76,
      "dispersion": 1.2
    },
    "extend": { "effects": [ "RECYCLED", "BLACKPOWDER", "MUZZLE_SMOKE" ] },
    "delete": { "effects": [ "NEVER_MISFIRES" ], "flags": [ "IRREPLACEABLE_CONSUMABLE" ] }
  },
  {
    "id": "bp_9mmfmj",
    "copy-from": "9mmfmj",
    "type": "AMMO",
    "name": { "str_sp": "9x19mm FMJ, black powder" },
    "proportional": {
      "price": 0.3,
      "damage": { "damage_type": "bullet", "amount": 0.76, "armor_penetration": 0.5 },
      "recoil": 0.76,
      "dispersion": 1.2
    },
    "extend": { "effects": [ "RECYCLED", "BLACKPOWDER", "MUZZLE_SMOKE" ] },
    "delete": { "effects": [ "NEVER_MISFIRES" ], "flags": [ "IRREPLACEABLE_CONSUMABLE" ] }
  },
  {
    "id": "reloaded_9mm",
    "copy-from": "9mm",
    "type": "AMMO",
    "name": { "str_sp": "9x19mm JHP, reloaded" },
    "proportional": { "price": 0.7, "damage": { "damage_type": "bullet", "amount": 0.9 }, "dispersion": 1.1 },
    "extend": { "effects": [ "RECYCLED" ] },
    "delete": { "effects": [ "NEVER_MISFIRES" ], "flags": [ "IRREPLACEABLE_CONSUMABLE" ] }
  },
  {
    "id": "reloaded_9mmfmj",
    "copy-from": "9mmfmj",
    "type": "AMMO",
    "name": { "str_sp": "9x19mm FMJ, reloaded" },
    "proportional": { "price": 0.7, "damage": { "damage_type": "bullet", "amount": 0.9 }, "dispersion": 1.1 },
    "extend": { "effects": [ "RECYCLED" ] },
    "delete": { "effects": [ "NEVER_MISFIRES" ], "flags": [ "IRREPLACEABLE_CONSUMABLE" ] }
  },
  {
    "id": "reloaded_9mmP",
    "copy-from": "9mmP",
    "type": "AMMO",
    "name": { "str_sp": "9x19mm +P, reloaded" },
    "proportional": { "price": 0.7, "damage": { "damage_type": "bullet", "amount": 0.9 }, "dispersion": 1.1 },
    "extend": { "effects": [ "RECYCLED" ] },
    "delete": { "effects": [ "NEVER_MISFIRES" ], "flags": [ "IRREPLACEABLE_CONSUMABLE" ] }
  },
  {
    "id": "reloaded_9mmP2",
    "copy-from": "9mmP2",
    "type": "AMMO",
    "name": { "str_sp": "9x19mm +P+, reloaded" },
    "proportional": { "price": 0.7, "damage": { "damage_type": "bullet", "amount": 0.9 }, "dispersion": 1.1 },
    "extend": { "effects": [ "RECYCLED" ] },
    "delete": { "effects": [ "NEVER_MISFIRES" ], "flags": [ "IRREPLACEABLE_CONSUMABLE" ] }
  },
  {
    "id": "matchhead_9mmfmj",
    "copy-from": "bp_9mmfmj",
    "type": "AMMO",
    "//": "matchhead bullets assumed to have about 75% of the muzzle energy of black powder",
    "name": { "str_sp": "9x19mm FMJ, matchhead powder" },
    "proportional": { "price": 0.5, "damage": { "damage_type": "bullet", "amount": 0.85 }, "dispersion": 1.1 },
    "looks_like": "bp_9mmfmj",
    "extend": { "effects": [ "MATCHHEAD" ] }
  },
  {
    "id": "matchhead_9mm",
    "copy-from": "bp_9mm",
    "type": "AMMO",
    "//": "matchhead bullets assumed to have about 75% of the muzzle energy of black powder",
    "name": { "str_sp": "9x19mm JHP, matchhead powder" },
    "proportional": { "price": 0.5, "damage": { "damage_type": "bullet", "amount": 0.85 }, "dispersion": 1.1 },
    "looks_like": "bp_9mm",
    "extend": { "effects": [ "MATCHHEAD" ] }
  }
]
