[
  {
    "id": "9x18mm",
    "type": "AMMO",
    "name": { "str_sp": "9x18mm 57-N-181S" },
    "description": "9x18mm Makarov ammunition with a 93gr steel core FMJ bullet.  The 9x18mm round was very common in the Eastern Bloc during the 20th century and remained in Russian military service into the 21st.",
    "ascii_picture": "9x18mm",
    "weight": "10 g",
    "volume": "97 ml",
    "longest_side": "25 mm",
    "price": "1 USD",
    "price_postapoc": "10 USD",
    "flags": [ "IRREPLACEABLE_CONSUMABLE" ],
    "material": [ "brass", "steel", "powder" ],
    "symbol": "=",
    "color": "yellow",
    "count": 50,
    "stack_size": 50,
    "ammo_type": "9x18",
    "casing": "9x18mm_casing",
    "range": 13,
    "damage": { "damage_type": "bullet", "amount": 16, "armor_penetration": 2 },
    "dispersion": 60,
    "recoil": 300,
    "effects": [ "COOKOFF" ]
  },
  {
    "id": "9x18mmP2",
    "copy-from": "9x18mm",
    "type": "AMMO",
    "name": { "str_sp": "9x18mm SP-7" },
    "description": "9x18mm Makarov SP-7 ammunition.  The 9x18mm round was very common in the Eastern Bloc during the 20th century and remained in Russian military service into the 21st.",
    "price": "1 USD 50 cent",
    "price_postapoc": "10 USD",
    "flags": [ "IRREPLACEABLE_CONSUMABLE" ],
    "count": 25,
    "relative": { "range": 2, "damage": { "damage_type": "bullet", "amount": 4 }, "dispersion": -10 },
    "proportional": { "recoil": 1.1 }
  },
  {
    "id": "9x18mmfmj",
    "copy-from": "9x18mm",
    "type": "AMMO",
    "name": { "str_sp": "9x18mm RG028" },
    "description": "9x18mm Makarov RG028 ammunition.  The RG028 round uses a bullet with a hardened steel core to improve armor penetration.",
    "price": "2 USD",
    "price_postapoc": "31 USD",
    "relative": { "damage": { "damage_type": "bullet", "amount": -2, "armor_penetration": 8 } }
  },
  {
    "id": "bp_9x18mm",
    "copy-from": "9x18mm",
    "type": "AMMO",
    "name": { "str_sp": "9x18mm, black powder" },
    "proportional": {
      "price": 0.3,
      "damage": { "damage_type": "bullet", "amount": 0.76, "armor_penetration": 0.5 },
      "recoil": 0.76,
      "dispersion": 1.2
    },
    "extend": { "effects": [ "RECYCLED", "BLACKPOWDER", "MUZZLE_SMOKE" ] },
    "delete": { "effects": [ "NEVER_MISFIRES" ], "flags": [ "IRREPLACEABLE_CONSUMABLE" ] }
  },
  {
    "id": "bp_9x18mmfmj",
    "copy-from": "9x18mmfmj",
    "type": "AMMO",
    "name": { "str_sp": "9x18mm FMJ, black powder" },
    "proportional": {
      "price": 0.3,
      "damage": { "damage_type": "bullet", "amount": 0.76, "armor_penetration": 0.5 },
      "recoil": 0.76,
      "dispersion": 1.2
    },
    "extend": { "effects": [ "RECYCLED", "BLACKPOWDER", "MUZZLE_SMOKE" ] },
    "delete": { "effects": [ "NEVER_MISFIRES" ], "flags": [ "IRREPLACEABLE_CONSUMABLE" ] }
  },
  {
    "id": "reloaded_9x18mm",
    "copy-from": "9x18mm",
    "type": "AMMO",
    "name": { "str_sp": "9x18mm, reloaded" },
    "proportional": { "price": 0.7, "damage": { "damage_type": "bullet", "amount": 0.9 }, "dispersion": 1.1 },
    "extend": { "effects": [ "RECYCLED" ] },
    "delete": { "effects": [ "NEVER_MISFIRES" ], "flags": [ "IRREPLACEABLE_CONSUMABLE" ] }
  },
  {
    "id": "reloaded_9x18mmP2",
    "copy-from": "9x18mmP2",
    "type": "AMMO",
    "name": { "str_sp": "9x18mm +P+, reloaded" },
    "//": "Rather than give it a military designation, this is simply handmade overpressure ammo.",
    "description": "9x18 millimeter Makarov, an old Soviet pistol cartridge used mainly by the Makarov PM.  This one has been hand-reloaded to generate higher internal pressure, boosting flight stability and damage.",
    "proportional": { "price": 0.7, "damage": { "damage_type": "bullet", "amount": 0.9 }, "dispersion": 1.1 },
    "extend": { "effects": [ "RECYCLED" ] },
    "delete": { "effects": [ "NEVER_MISFIRES" ], "flags": [ "IRREPLACEABLE_CONSUMABLE" ] }
  },
  {
    "id": "reloaded_9x18mmfmj",
    "copy-from": "9x18mmfmj",
    "type": "AMMO",
    "name": { "str_sp": "9x18mm FMJ, reloaded" },
    "proportional": { "price": 0.7, "damage": { "damage_type": "bullet", "amount": 0.9 }, "dispersion": 1.1 },
    "extend": { "effects": [ "RECYCLED" ] },
    "delete": { "effects": [ "NEVER_MISFIRES" ], "flags": [ "IRREPLACEABLE_CONSUMABLE" ] }
  },
  {
    "id": "matchhead_9x18mmfmj",
    "copy-from": "bp_9x18mmfmj",
    "type": "AMMO",
    "//": "matchhead bullets assumed to have about 75% of the muzzle energy of black powder",
    "name": { "str_sp": "9x18mm FMJ, matchhead powder" },
    "proportional": { "price": 0.5, "damage": { "damage_type": "bullet", "amount": 0.85 }, "dispersion": 1.1 },
    "looks_like": "bp_9x18mmfmj",
    "extend": { "effects": [ "MATCHHEAD" ] }
  },
  {
    "id": "matchhead_9x18mm",
    "copy-from": "bp_9x18mm",
    "type": "AMMO",
    "//": "matchhead bullets assumed to have about 75% of the muzzle energy of black powder",
    "name": { "str_sp": "9x18mm, matchhead powder" },
    "proportional": { "price": 0.5, "damage": { "damage_type": "bullet", "amount": 0.85 }, "dispersion": 1.1 },
    "looks_like": "bp_9x18mm",
    "extend": { "effects": [ "MATCHHEAD" ] }
  }
]
