[
  {
    "type": "AMMO",
    "id": "atgm_heat",
    "price": "700 USD",
    "price_postapoc": "50 USD",
    "flags": [ "IRREPLACEABLE_CONSUMABLE" ],
    "name": { "str_sp": "152mm ATGM HEAT" },
    "symbol": "=",
    "color": "dark_gray",
    "description": "A tube-launched, optically tracked, wire-guided missile contained in a steel tube.  Designed to be highly effective against vehicles and structures.",
    "ascii_picture": "atgm_heat",
    "material": [ "steel", "powder" ],
    "volume": "15 L",
    "longest_side": "116 cm",
    "weight": "22600 g",
    "ammo_type": "atgm",
    "casing": "atgm_spent",
    "damage": { "damage_type": "bullet", "amount": 2400, "armor_penetration": 600 },
    "range": 100,
    "recoil": 6000,
    "effects": [ "EXPLOSIVE_ATGMHEAT", "NEVER_MISFIRES" ],
    "melee_damage": { "bash": 1 }
  }
]
