[
  {
    "id": "22_blank",
    "copy-from": "22_lr",
    "type": "AMMO",
    "name": { "str_sp": ".22 blank" },
    "description": "A powder load .22 blank used for powder-actuated tools.",
    "ascii_picture": "22_blank",
    "price": "1 USD",
    "price_postapoc": "10 USD",
    "flags": [ "IRREPLACEABLE_CONSUMABLE" ],
    "count": 100,
    "stack_size": 150,
    "recoil": 39,
    "range": 0,
    "casing": "22_casing",
    "damage": { "damage_type": "bash", "amount": 1 },
    "extend": { "effects": [ "NOGIB" ] },
    "ammo_type": "powder_blank"
  }
]
