[
  {
    "id": "gas_chloramine",
    "type": "AMMO",
    "name": { "str_sp": "sprayable toxic gas" },
    "description": "A hazardous mixture made from household cleaning chemicals, improvised for use in a chemical thrower.  Best used with some kind of mask or mouth protection.",
    "weight": "3 g",
    "volume": "250 ml",
    "price": "35 USD",
    "price_postapoc": "5 USD",
    "material": [ "water" ],
    "symbol": "=",
    "color": "green",
    "container": "bottle_plastic",
    "sealed": false,
    "phase": "liquid",
    "ammo_type": "chemical_spray",
    "range": 4,
    "count": 100,
    "effects": [ "TOXICGAS", "NEVER_MISFIRES", "JET", "SPECIAL_COOKOFF" ]
  },
  {
    "id": "gas_fungicidal",
    "type": "AMMO",
    "name": { "str_sp": "sprayable fungicide" },
    "description": "Fungicide enhanced with sulfur to create sprayable anti-fungal ammo for the chemical thrower.  Best used with some kind of mask or mouth protection.",
    "weight": "3 g",
    "volume": "250 ml",
    "price": "6 USD",
    "price_postapoc": "5 USD",
    "material": [ "water" ],
    "symbol": "=",
    "color": "yellow",
    "container": "bottle_plastic",
    "sealed": false,
    "phase": "liquid",
    "ammo_type": "chemical_spray",
    "range": 4,
    "count": 100,
    "effects": [ "GAS_FUNGICIDAL", "STREAM_GAS_FUNGICIDAL", "NEVER_MISFIRES", "JET" ]
  },
  {
    "id": "gas_insecticidal",
    "type": "AMMO",
    "name": { "str_sp": "sprayable insecticide" },
    "description": "Strong sprayable insecticide ammo for the chemical thrower.  Best used with some kind of mask or mouth protection.",
    "weight": "3 g",
    "volume": "250 ml",
    "price": "5 USD",
    "price_postapoc": "5 USD",
    "material": [ "water" ],
    "symbol": "=",
    "color": "yellow",
    "container": "bottle_plastic",
    "sealed": false,
    "phase": "liquid",
    "ammo_type": "chemical_spray",
    "range": 4,
    "count": 100,
    "effects": [ "GAS_INSECTICIDAL", "STREAM_GAS_INSECTICIDAL", "NEVER_MISFIRES", "JET" ]
  }
]
