[
  {
    "id": "combatnail",
    "type": "AMMO",
    "name": { "str": "flechette" },
    "copy-from": "nail",
    "description": "A tiny steel dart.  Can be fired from a nail gun or similar weapon, or used for crafting ammunition.",
    "ascii_picture": "combatnail",
    "material": [ "steel" ],
    "symbol": "=",
    "color": "dark_gray",
    "loudness": 0,
    "range": 6,
    "damage": { "damage_type": "bullet", "amount": 6, "armor_penetration": 3 },
    "dispersion": 90,
    "proportional": { "price": 3.0 }
  },
  {
    "id": "bronze_nail",
    "type": "AMMO",
    "name": { "str": "bronze nail" },
    "copy-from": "nail",
    "description": "A pin-shaped piece of bronze.  It can be used to construct various things with a hammer.",
    "material": [ "bronze" ]
  },
  {
    "id": "nail",
    "type": "AMMO",
    "category": "spare_parts",
    "name": { "str": "nail" },
    "description": "A pin-shaped piece of steel.  It can be used to construct various things with a hammer.",
    "ascii_picture": "nail",
    "weight": "4 g",
    "volume": "250 ml",
    "price": "10 USD",
    "price_postapoc": "2 USD 50 cent",
    "material": [ "steel" ],
    "symbol": "=",
    "color": "cyan",
    "count": 100,
    "stack_size": 100,
    "ammo_type": "nail",
    "loudness": 0,
    "range": 3,
    "damage": { "damage_type": "bullet", "amount": 3, "armor_penetration": 1 },
    "dispersion": 180,
    "effects": [ "NON_FOULING", "HURT_WHEN_WIELDED" ]
  },
  {
    "id": "nuts_bolts",
    "type": "AMMO",
    "category": "spare_parts",
    "name": { "str": "nut and bolt", "str_pl": "nuts and bolts" },
    "description": "A matching nut and bolt.  Useful for securing objects together.",
    "ascii_picture": "nuts_bolts",
    "weight": "4 g",
    "volume": "250 ml",
    "price": "10 USD",
    "price_postapoc": "2 USD 50 cent",
    "material": [ "steel" ],
    "symbol": "=",
    "color": "cyan",
    "count": 100,
    "stack_size": 100,
    "ammo_type": "nuts_bolts",
    "loudness": 0,
    "range": 3,
    "damage": { "damage_type": "bullet", "amount": 3, "armor_penetration": 1 },
    "dispersion": 180,
    "effects": [ "NON_FOULING" ]
  }
]
