[
  {
    "id": "reloaded_shot_bird",
    "copy-from": "shot_bird",
    "type": "AMMO",
    "name": { "str_sp": "birdshot, reloaded" },
    "proportional": { "price": 0.7, "damage": { "damage_type": "bullet", "amount": 0.9 }, "dispersion": 1.1 },
    "extend": { "effects": [ "RECYCLED" ] },
    "delete": { "effects": [ "NEVER_MISFIRES" ], "flags": [ "IRREPLACEABLE_CONSUMABLE" ] }
  },
  {
    "id": "reloaded_shot_dragon",
    "copy-from": "shot_dragon",
    "type": "AMMO",
    "name": { "str": "dragon's breath shell, reloaded", "str_pl": "dragon's breath shells, reloaded" },
    "description": "A shotgun shell filled with magnesium pellets or shards, used mostly as a distress flare or pyrotechnics tool.  When the round is fired, high-temperature sparks and flames shoot out of the barrel, igniting everything in their path.  This one was made in somebody's garage.  Are you sure you want to shoot this?",
    "proportional": { "price": 0.7, "damage": { "damage_type": "bullet", "amount": 0.9 }, "dispersion": 1.1 },
    "extend": { "effects": [ "RECYCLED" ] },
    "delete": { "effects": [ "NEVER_MISFIRES" ], "flags": [ "IRREPLACEABLE_CONSUMABLE" ] }
  },
  {
    "id": "reloaded_shot_00",
    "copy-from": "shot_00",
    "type": "AMMO",
    "name": { "str_sp": "00 shot, reloaded" },
    "description": "A shell filled with metal pellets.  Extremely damaging, plus the spread makes it very accurate at short range.  SWAT forces wouldn't use this homebrew shell, but a sovereign citizen looking to fend off SWAT probably would.",
    "proportional": { "price": 0.7, "damage": { "damage_type": "bullet", "amount": 0.9 }, "dispersion": 1.1 },
    "extend": { "effects": [ "RECYCLED" ] },
    "delete": { "effects": [ "NEVER_MISFIRES" ], "flags": [ "IRREPLACEABLE_CONSUMABLE" ] }
  },
  {
    "id": "reloaded_shot_flechette",
    "copy-from": "shot_flechette",
    "type": "AMMO",
    "name": { "str": "flechette shell, reloaded", "str_pl": "flechette shells, reloaded" },
    "proportional": { "price": 0.7, "damage": { "damage_type": "bullet", "amount": 0.9 }, "dispersion": 1.1 },
    "extend": { "effects": [ "RECYCLED" ] },
    "delete": { "effects": [ "NEVER_MISFIRES" ], "flags": [ "IRREPLACEABLE_CONSUMABLE" ] }
  },
  {
    "id": "reloaded_shot_slug",
    "copy-from": "shot_slug",
    "type": "AMMO",
    "name": { "str": "shotgun slug, reloaded", "str_pl": "shotgun slugs, reloaded" },
    "proportional": { "price": 0.7, "damage": { "damage_type": "bullet", "amount": 0.9 }, "dispersion": 1.1 },
    "extend": { "effects": [ "RECYCLED" ] },
    "delete": { "effects": [ "NEVER_MISFIRES" ], "flags": [ "IRREPLACEABLE_CONSUMABLE" ] }
  },
  {
    "id": "bp_shot_bird",
    "copy-from": "shot_bird",
    "type": "AMMO",
    "name": { "str_sp": "birdshot, black powder" },
    "proportional": { "price": 0.6, "damage": { "damage_type": "bullet", "amount": 0.8 }, "dispersion": 1.2 },
    "extend": { "effects": [ "RECYCLED", "MUZZLE_SMOKE", "BLACKPOWDER" ] },
    "delete": { "effects": [ "NEVER_MISFIRES" ], "flags": [ "IRREPLACEABLE_CONSUMABLE" ] }
  },
  {
    "id": "bp_shot_dragon",
    "copy-from": "shot_dragon",
    "type": "AMMO",
    "name": { "str": "dragon's breath shell, black powder", "str_pl": "dragon's breath shells, black powder" },
    "description": "A shotgun shell filled with magnesium pellets or shards, used mostly as a distress flare or pyrotechnics tool.  When the round is fired, high-temperature sparks and flames shoot out of the barrel, igniting everything in their path.  This one was made in somebody's garage.  Are you sure you want to shoot this?",
    "proportional": { "price": 0.6, "damage": { "damage_type": "bullet", "amount": 0.8 }, "dispersion": 1.2 },
    "extend": { "effects": [ "RECYCLED", "MUZZLE_SMOKE", "BLACKPOWDER" ] },
    "delete": { "effects": [ "NEVER_MISFIRES" ], "flags": [ "IRREPLACEABLE_CONSUMABLE" ] }
  },
  {
    "id": "bp_shot_00",
    "copy-from": "shot_00",
    "type": "AMMO",
    "name": { "str_sp": "00 shot, black powder" },
    "description": "A shell filled with metal pellets.  Extremely damaging, plus the spread makes it very accurate at short range.  SWAT forces wouldn't use this homebrew shell, but a sovereign citizen looking to fend off SWAT probably would.",
    "proportional": { "price": 0.6, "damage": { "damage_type": "bullet", "amount": 0.8 }, "dispersion": 1.2 },
    "extend": { "effects": [ "RECYCLED", "MUZZLE_SMOKE", "BLACKPOWDER" ] },
    "delete": { "effects": [ "NEVER_MISFIRES" ], "flags": [ "IRREPLACEABLE_CONSUMABLE" ] }
  },
  {
    "id": "bp_shot_flechette",
    "copy-from": "shot_flechette",
    "type": "AMMO",
    "name": { "str": "flechette shell, black powder", "str_pl": "flechette shells, black powder" },
    "proportional": { "price": 0.6, "damage": { "damage_type": "bullet", "amount": 0.8 }, "dispersion": 1.2 },
    "extend": { "effects": [ "RECYCLED", "MUZZLE_SMOKE", "BLACKPOWDER" ] },
    "delete": { "effects": [ "NEVER_MISFIRES" ], "flags": [ "IRREPLACEABLE_CONSUMABLE" ] }
  },
  {
    "id": "bp_shot_slug",
    "copy-from": "shot_slug",
    "type": "AMMO",
    "name": { "str": "shotgun slug, black powder", "str_pl": "shotgun slugs, black powder" },
    "proportional": { "price": 0.6, "damage": { "damage_type": "bullet", "amount": 0.8 }, "dispersion": 1.2 },
    "extend": { "effects": [ "RECYCLED", "MUZZLE_SMOKE", "BLACKPOWDER" ] },
    "delete": { "effects": [ "NEVER_MISFIRES" ], "flags": [ "IRREPLACEABLE_CONSUMABLE" ] }
  },
  {
    "abstract": "shotshell_abstract",
    "type": "AMMO",
    "name": { "str": "base shotshell", "//~": "NO_I18N" },
    "weight": "47 g",
    "volume": "439 ml",
    "longest_side": "88 mm",
    "flags": [ "IRREPLACEABLE_CONSUMABLE" ],
    "material": [ "brass", "plastic", "lead", "powder" ],
    "symbol": "=",
    "color": "red",
    "count": 20,
    "stack_size": 20,
    "ammo_type": "shot",
    "casing": "shot_hull"
  },
  {
    "id": "shot_00",
    "copy-from": "shotshell_abstract",
    "type": "AMMO",
    "name": { "str_sp": "00 shot" },
    "description": "A shell filled with metal pellets.  Extremely damaging, plus the spread makes it very accurate at short range.  Favored by SWAT forces.",
    "ascii_picture": "shot_00",
    "price": "5 USD",
    "price_postapoc": "8 USD",
    "range": 18,
    "damage": { "damage_type": "bullet", "amount": 60 },
    "shot_damage": { "damage_type": "bullet", "amount": 15 },
    "projectile_count": 9,
    "shot_spread": 300,
    "recoil": 2500,
    "loudness": 160,
    "effects": [ "COOKOFF", "SHOT" ]
  },
  {
    "id": "shot_beanbag",
    "copy-from": "shotshell_abstract",
    "type": "AMMO",
    "name": { "str": "shotgun beanbag" },
    "description": "A beanbag round for shotguns.  Designated 'less-lethal' and intended to disable, but remember that 'less-lethal' does not mean 'non-lethal'.",
    "ascii_picture": "shot_beanbag",
    "weight": "57 g",
    "price": "5 USD",
    "price_postapoc": "2 USD",
    "range": 10,
    "count": 10,
    "damage": { "damage_type": "bullet", "amount": 5 },
    "recoil": 1000,
    "loudness": 100,
    "effects": [ "BEANBAG", "COOKOFF", "NOGIB" ]
  },
  {
    "id": "shot_bird",
    "copy-from": "shotshell_abstract",
    "type": "AMMO",
    "name": { "str_sp": "birdshot" },
    "description": "Weak shotgun ammunition.  Designed for hunting birds and other small game, its applications in combat are very limited.",
    "ascii_picture": "shot_bird",
    "price": "1 USD",
    "price_postapoc": "4 USD",
    "projectile_count": 100,
    "shot_spread": 300,
    "range": 18,
    "shot_damage": { "damage_type": "bullet", "amount": 0.2 },
    "damage": { "damage_type": "bullet", "amount": 50 },
    "recoil": 1500,
    "loudness": 128,
    "effects": [ "COOKOFF", "SHOT", "NOGIB" ]
  },
  {
    "id": "shot_dragon",
    "copy-from": "shot_bird",
    "type": "AMMO",
    "name": { "str": "dragon's breath shell" },
    "description": "A shotgun shell filled with magnesium pellets or shards, used mostly as a distress flare or pyrotechnics tool.  When the round is fired, high-temperature sparks and flames shoot out of the barrel, igniting everything in their path.",
    "ascii_picture": "shot_dragon",
    "price": "10 USD",
    "price_postapoc": "16 USD",
    "proportional": { "range": 0.5 },
    "extend": { "effects": [ "INCENDIARY", "PYROTECHNIC_DISPLAY" ] }
  },
  {
    "id": "shot_flechette",
    "copy-from": "shot_00",
    "type": "AMMO",
    "name": { "str": "flechette shell" },
    "description": "A shotgun shell filled with tiny steel darts.  The spread makes it very accurate at short range.",
    "ascii_picture": "shot_flechette",
    "price": "20 USD",
    "price_postapoc": "8 USD",
    "flags": [ "IRREPLACEABLE_CONSUMABLE" ],
    "count": 10,
    "relative": { "shot_damage": { "damage_type": "bullet", "amount": -3 }, "shot_spread": -150, "range": 12 }
  },
  {
    "id": "shot_he",
    "copy-from": "shot_slug",
    "type": "AMMO",
    "name": { "str": "explosive slug" },
    "//": "$30/shot thanks to tight regulation, one way or another.",
    "description": "A shotgun shell shooting a small explosive.  Banned in several states.  While an explosive from a shotgun sounds impressive, its practical applications are limited at best.  The loss in mass in order to accommodate an explosive give it much less impact force compared to traditional ammunition.  The relatively small size of the slug can only accommodate a limited amount of explosives, resulting in a fairly underwhelming explosion.  These traits make it a utility tool for damaging barriers and disrupting other explosive devices, rather than something for anti-personnel use.",
    "ascii_picture": "shot_he",
    "price": "30 USD",
    "price_postapoc": "16 USD",
    "count": 5,
    "extend": { "effects": [ "EXPLOSIVE_HESHOT" ] },
    "damage": { "damage_type": "bullet", "amount": 10, "armor_penetration": 0 }
  },
  {
    "id": "shot_scrap",
    "copy-from": "shot_00",
    "type": "AMMO",
    "name": { "str_sp": "00 shot, scrap loaded" },
    "description": "A shotgun shell filled with whatever scrap metal was lying around.  More damaging than birdshot, but fairly inaccurate.",
    "ascii_picture": "shot_scrap",
    "proportional": { "price": 0.4, "damage": { "damage_type": "bullet", "amount": 0.6 }, "shot_spread": 1.2 },
    "extend": { "effects": [ "RECYCLED" ] },
    "delete": { "effects": [ "NEVER_MISFIRES" ], "flags": [ "IRREPLACEABLE_CONSUMABLE" ] }
  },
  {
    "id": "bp_shot_scrap",
    "copy-from": "shot_scrap",
    "type": "AMMO",
    "name": { "str_sp": "00 shot, black powder, scrap loaded" },
    "description": "A shotgun shell filled with black gunpowder and whatever scrap metal was lying around.  The logical conclusion of ammunition bootlegging.  It'll kill zombies just fine, but your gun will suffer for it.",
    "proportional": { "price": 0.6, "damage": { "damage_type": "bullet", "amount": 0.8 } },
    "extend": { "effects": [ "RECYCLED", "MUZZLE_SMOKE", "BLACKPOWDER" ] },
    "delete": { "effects": [ "NEVER_MISFIRES" ], "flags": [ "IRREPLACEABLE_CONSUMABLE" ] }
  },
  {
    "id": "shot_slug",
    "copy-from": "shotshell_abstract",
    "type": "AMMO",
    "name": { "str": "shotgun slug" },
    "description": "A heavy metal slug used to give a shotgun the range capabilities of a rifle.  Extremely damaging but rather inaccurate.",
    "ascii_picture": "shot_slug",
    "price": "4 USD",
    "price_postapoc": "4 USD",
    "range": 24,
    "dispersion": 100,
    "damage": { "damage_type": "bullet", "amount": 50, "armor_penetration": 6 },
    "recoil": 3500,
    "effects": [ "COOKOFF" ]
  }
]
