[
  {
    "id": "art_sphere",
    "type": "GENERIC",
    "category": "artifacts",
    "name": { "str": "smooth sphere" },
    "description": "It is the only one of its kind.\nIt may have unknown powers; try activating them.",
    "material": [ "anomaly" ],
    "symbol": "O",
    "volume": "1 L",
    "weight": "1 kg",
    "to_hit": -1,
    "melee_damage": { "bash": 3 }
  },
  {
    "id": "art_rod",
    "type": "GENERIC",
    "category": "artifacts",
    "name": { "str": "slim rod" },
    "description": "It is the only one of its kind.\nIt may have unknown powers; try activating them.",
    "material": [ "anomaly" ],
    "symbol": "|",
    "volume": "235 ml",
    "weight": "300 g",
    "longest_side": "75 cm",
    "to_hit": 1,
    "melee_damage": { "bash": 5 }
  },
  {
    "id": "art_teardrop",
    "type": "GENERIC",
    "category": "artifacts",
    "name": { "str": "teardrop-shaped stone" },
    "description": "It is the only one of its kind.\nIt may have unknown powers; try activating them.",
    "material": [ "anomaly" ],
    "symbol": "O",
    "volume": "35 ml",
    "weight": "50 g"
  },
  {
    "id": "art_lamp",
    "type": "GENERIC",
    "category": "artifacts",
    "name": { "str": "hollow, transparent cube" },
    "description": "It is the only one of its kind.\nIt may have unknown powers; try activating them.",
    "material": [ "anomaly" ],
    "symbol": "[",
    "volume": "1 L",
    "weight": "80 g"
  },
  {
    "id": "art_snake",
    "type": "GENERIC",
    "category": "artifacts",
    "name": { "str": "winding, flexible rod" },
    "description": "It is the only one of its kind.\nIt may have unknown powers; try activating them.",
    "material": [ "anomaly" ],
    "symbol": "S",
    "volume": "215 ml",
    "weight": "300 g",
    "longest_side": "65 cm",
    "to_hit": 1,
    "melee_damage": { "bash": 5 }
  },
  {
    "id": "art_disc",
    "type": "GENERIC",
    "category": "artifacts",
    "name": { "str": "smooth disc" },
    "description": "It is the only one of its kind.\nIt may have unknown powers; try activating them.",
    "material": [ "anomaly" ],
    "symbol": "O",
    "volume": "340 ml",
    "weight": "575 g",
    "to_hit": -1,
    "melee_damage": { "bash": 3 }
  },
  {
    "id": "art_beads",
    "type": "GENERIC",
    "category": "artifacts",
    "name": { "str": "string of beads", "str_pl": "strings of beads" },
    "description": "It is the only one of its kind.\nIt may have unknown powers; try activating them.",
    "material": [ "anomaly" ],
    "symbol": "O",
    "volume": "76 ml",
    "weight": "125 g"
  },
  {
    "id": "art_napkin",
    "type": "GENERIC",
    "category": "artifacts",
    "name": { "str": "very thin sheet" },
    "description": "It is the only one of its kind.\nIt may have unknown powers; try activating them.",
    "material": [ "anomaly" ],
    "symbol": "[",
    "volume": "2 ml",
    "weight": "1 g",
    "to_hit": -3
  },
  {
    "id": "art_urchin",
    "type": "GENERIC",
    "category": "artifacts",
    "name": { "str": "spiked sphere" },
    "description": "It is the only one of its kind.\nIt may have unknown powers; try activating them.",
    "material": [ "anomaly" ],
    "symbol": "O",
    "volume": "1 L",
    "weight": "800 g",
    "melee_damage": { "cut": 3 }
  },
  {
    "id": "art_jelly",
    "type": "GENERIC",
    "category": "artifacts",
    "name": { "str": "malleable blob" },
    "description": "It is the only one of its kind.\nIt may have unknown powers; try activating them.",
    "material": [ "anomaly" ],
    "symbol": "O",
    "volume": "1 L",
    "weight": "800 g",
    "to_hit": -1
  },
  {
    "id": "art_spiral",
    "type": "GENERIC",
    "category": "artifacts",
    "name": { "str": "spiraling rod" },
    "description": "It is the only one of its kind.\nIt may have unknown powers; try activating them.",
    "material": [ "anomaly" ],
    "symbol": "@",
    "volume": "3400 ml",
    "weight": "300 g",
    "longest_side": "30 cm",
    "to_hit": -4,
    "melee_damage": { "bash": 4 }
  },
  {
    "id": "art_pin",
    "type": "GENERIC",
    "category": "artifacts",
    "name": { "str": "small pin" },
    "description": "It is the only one of its kind.\nIt may have unknown powers; try activating them.",
    "material": [ "anomaly" ],
    "symbol": "|",
    "volume": "1 ml",
    "weight": "50 mg",
    "longest_side": "2 cm",
    "to_hit": -5,
    "melee_damage": { "cut": 1 }
  },
  {
    "id": "art_tube",
    "type": "GENERIC",
    "category": "artifacts",
    "name": { "str": "hollow tube" },
    "description": "It is the only one of its kind.\nIt may have unknown powers; try activating them.",
    "material": [ "anomaly" ],
    "symbol": "|",
    "volume": "188 ml",
    "weight": "50 mg",
    "longest_side": "15 cm",
    "melee_damage": { "bash": 3 }
  },
  {
    "id": "art_pyramid",
    "type": "GENERIC",
    "category": "artifacts",
    "name": { "str": "regular tetrahedron" },
    "description": "It is the only one of its kind.\nIt may have unknown powers; try activating them.",
    "material": [ "anomaly" ],
    "symbol": "A",
    "volume": "1 L",
    "weight": "1 kg",
    "to_hit": -1,
    "melee_damage": { "bash": 3 }
  },
  {
    "id": "art_crystal",
    "type": "GENERIC",
    "category": "artifacts",
    "name": { "str": "translucent crystal" },
    "description": "It is the only one of its kind.\nIt may have unknown powers; try activating them.",
    "material": [ "anomaly" ],
    "symbol": "A",
    "volume": "500 ml",
    "weight": "400 g",
    "to_hit": -1,
    "melee_damage": { "bash": 3 }
  },
  {
    "id": "art_knot",
    "type": "GENERIC",
    "category": "artifacts",
    "name": { "str": "twisted, knotted cord" },
    "description": "It is the only one of its kind.\nIt may have unknown powers; try activating them.",
    "material": [ "anomaly" ],
    "symbol": "b",
    "volume": "400 ml",
    "weight": "400 g",
    "melee_damage": { "bash": 2 }
  },
  {
    "id": "art_crescent",
    "type": "GENERIC",
    "category": "artifacts",
    "name": { "str": "crescent-shaped stone" },
    "description": "It is the only one of its kind.\nIt may have unknown powers; try activating them.",
    "material": [ "anomaly" ],
    "symbol": "C",
    "volume": "35 ml",
    "weight": "50 g"
  },
  {
    "id": "art_robe",
    "type": "ARMOR",
    "copy-from": "robe",
    "name": { "str": "royal robe" },
    "description": "An ornately decorated robe with an unfamiliar royal symbol on it.  The humanoid figure on the seal has two pairs of eyes.  It is the only one of its kind.\nIt may have unknown powers; try activating them."
  },
  {
    "id": "art_cloak",
    "type": "ARMOR",
    "copy-from": "cloak",
    "name": { "str": "ancient burial shroud" },
    "description": "A cloak of thin, faded cloth.  The faint silhouette of a long-dead humanoid is barely visible on it.  It is the only one of its kind.\nIt may have unknown powers; try activating them."
  },
  {
    "id": "art_coat",
    "type": "ARMOR",
    "copy-from": "coat_fur",
    "name": { "str": "ornate fur coat" },
    "description": "A heavy, finely crafted coat made of the fur of an unidentifiable creature.  It is the only one of its kind.\nIt may have unknown powers; try activating them."
  },
  {
    "id": "art_mask",
    "type": "ARMOR",
    "category": "armor",
    "name": { "str": "ancient stone mask" },
    "description": "A sinister mask made of a smooth green stone.  It is the only one of its kind.\nIt may have unknown powers; try activating them.",
    "weight": "750 g",
    "volume": "750 ml",
    "price": "40 USD",
    "price_postapoc": "10 cent",
    "to_hit": -3,
    "material": [ "stone" ],
    "symbol": "[",
    "color": "green",
    "warmth": 5,
    "material_thickness": 0.2,
    "environmental_protection": 1,
    "flags": [ "WATER_FRIENDLY" ],
    "armor": [ { "encumbrance": 10, "coverage": 95, "covers": [ "eyes", "mouth" ] } ]
  },
  {
    "id": "art_helm",
    "type": "ARMOR",
    "copy-from": "helmet_bronze",
    "name": { "str": "ancient bronze helmet" },
    "description": "A helmet with an imposing face plate.  Though the corrosion has completely defaced the symbols written on the sides, it seems sturdy.  It is the only one of its kind.\nIt may have unknown powers; try activating them."
  },
  {
    "id": "art_gloves",
    "type": "ARMOR",
    "copy-from": "gloves_leather",
    "name": { "str": "pair of ornate leather gloves", "str_pl": "pairs of ornate leather gloves" },
    "description": "A set of worn leather gloves embossed with gold.  The unidentifiable leather it is made from is oddly soft.  It is the only one of its kind.\nIt may have unknown powers; try activating them."
  },
  {
    "id": "art_boots",
    "type": "ARMOR",
    "copy-from": "boots",
    "name": { "str": "pair of ancient leather boots", "str_pl": "pairs of ancient leather boots" },
    "description": "A pair of ancient leather boots.  Though the flaps of leather are crudely sewn together, the red hue it is dyed with is striking.  It is the only one of its kind.\nIt may have unknown powers; try activating them."
  },
  {
    "id": "art_ring",
    "type": "ARMOR",
    "copy-from": "gold_ring",
    "name": { "str": "amber ring" },
    "description": "A band of gold with a smooth piece of amber set into it.  A strange worm is encased in the amber, making a perfect spiral with its sealed body.  It is the only one of its kind.\nIt may have unknown powers; try activating them."
  },
  {
    "id": "art_staff",
    "type": "TOOL",
    "copy-from": "i_staff",
    "name": { "str": "ancient staff" },
    "description": "A well-balanced stick of treated wood with metal caps.  A red stone is embedded in the handle.  It is the only one of its kind.\nIt may have unknown powers; try activating them."
  },
  {
    "id": "art_sword",
    "type": "TOOL",
    "copy-from": "longsword",
    "name": { "str": "ancient sword" },
    "description": "A sword made out of a striking black metal.  It is the only one of its kind.\nIt may have unknown powers; try activating them."
  },
  {
    "type": "TOOL",
    "id": "art_harp",
    "name": { "str": "ancient harp" },
    "category": "tools",
    "weight": "3200 g",
    "color": "brown",
    "to_hit": { "grip": "solid", "length": "long", "surface": "any", "balance": "clumsy" },
    "use_action": {
      "type": "musical_instrument",
      "speed_penalty": 15,
      "volume": 0,
      "fun": 5,
      "fun_bonus": 5,
      "description_frequency": 20,
      "player_descriptions": [
        "You strum a string and the note hangs in the air far longer than you would expect.",
        "You improvise a tune on the harp.  The sound is beautiful, even if you can't remember what you just played.",
        "You pluck a chord on the harp.  It doesn't sound anything at all like the sounds of the individual strings."
      ],
      "npc_descriptions": [ "plucks a few notes on the harp, though no sound seems to come." ]
    },
    "symbol": "7",
    "description": "A harp made of black wood.  Faint hypnotic notes ring in the air each time you touch it.  It is the only one of its kind.\nIt may have unknown powers; try activating them.",
    "price": "10 USD",
    "price_postapoc": "2 USD 50 cent",
    "material": [ { "type": "wood", "portion": 19 }, { "type": "steel" } ],
    "volume": "6750 ml",
    "longest_side": "97 cm",
    "flags": [ "FRAGILE_MELEE", "BELTED", "SLEEP_IGNORE" ],
    "melee_damage": { "bash": 18 }
  },
  {
    "id": "art_dagger",
    "type": "TOOL",
    "name": { "str": "ancient athame" },
    "//": "Tool qualities equivalent to steak knife, combat equiv.  to copper knife + 1 w/ RAPID and BLOCK1, size/weight off combat knife +1",
    "description": "A ritual knife used by some ancient civilization.  Unreadable runes are carved into the handle.  It is the only one of its kind.\nIt may have unknown powers; try activating them.",
    "weight": "504 g",
    "volume": "500 ml",
    "longest_side": "25 cm",
    "price": "30 USD",
    "to_hit": { "grip": "solid", "length": "hand", "surface": "line", "balance": "neutral" },
    "material": [ "wood", "steel" ],
    "symbol": ";",
    "color": "light_gray",
    "techniques": [ "WBLOCK_1" ],
    "qualities": [ [ "CUT", 1 ], [ "CUT_FINE", 1 ], [ "BUTCHER", 11 ] ],
    "weapon_category": [ "KNIVES" ],
    "flags": [ "SHEATH_KNIFE", "TRADER_AVOID" ],
    "melee_damage": { "bash": 2, "stab": 13 }
  },
  {
    "id": "art_spear",
    "type": "TOOL",
    "copy-from": "spear_steel",
    "name": { "str": "ancient spear" },
    "description": "A sturdy wooden pole with a sharp metal spike on the end.  The handle has the symbol of a blue sun on it.  It is the only one of its kind.\nIt may have unknown powers; try activating them."
  },
  {
    "id": "art_club",
    "type": "TOOL",
    "copy-from": "club_wooden",
    "name": { "str": "ancient club" },
    "description": "A misshapen rod of gnarled, knotted wood.  The knots in the wood exhibit a strange fractal pattern.  It is the only one of its kind.\nIt may have unknown powers; try activating them."
  },
  {
    "id": "art_bomorrean",
    "type": "GENERIC",
    "copy-from": "art_ring",
    "name": { "str": "set of oddly interlocked rings", "str_pl": "sets of oddly interlocked rings" },
    "description": "A set of three rings linked together.  There's something about the way the rings connect to each other that gives you a headache.  It is the only one of its kind.\nIt may have unknown powers; try activating them."
  },
  {
    "id": "art_penrose",
    "type": "GENERIC",
    "copy-from": "art_pyramid",
    "name": { "str": "strange triangle" },
    "description": "A large triangle made out of three thick rectangles that connect to each other in an angle.  No matter how much you turn it around, you can't seem to comprehend how it links together.  It is the only one of its kind.\nIt may have unknown powers; try activating them.",
    "volume": "2 L",
    "weight": "2 kg"
  },
  {
    "id": "art_trident",
    "type": "TOOL",
    "copy-from": "art_spear",
    "name": { "str": "impossible trident" },
    "description": "A large trident made entirely out of an indiscernible material.  The prong in the middle seems to fade away into nothingness when looked at from the top, but you can clearly see the shaft connecting the tip of the weapon from the bottom.  It's giving you a headache.  It is the only one of its kind.\nIt may have unknown powers; try activating them.",
    "looks_like": "pitchfork",
    "color": "dark_gray",
    "material": [ "anomaly" ],
    "techniques": [ "WBLOCK_1", "DEF_DISARM" ],
    "volume": "1750 ml",
    "longest_side": "140 cm",
    "qualities": [ [ "COOK", 1 ] ],
    "flags": [ "SPEAR", "REACH_ATTACK", "SHEATH_SPEAR" ],
    "melee_damage": { "bash": 5, "stab": 28 }
  },
  {
    "id": "art_klein",
    "type": "GENERIC",
    "copy-from": "art_tube",
    "name": { "str": "self-crossing flask" },
    "description": "A transparent flask with a neck that connects directly to its bottom without overlapping itself, even though it clearly does.  You can put things in it, but attempting to follow their path through the neck is impossible.  It is the only one of its kind.\nIt may have unknown powers; try activating them.",
    "pocket_data": [
      {
        "pocket_type": "CONTAINER",
        "airtight": true,
        "watertight": true,
        "rigid": true,
        "max_contains_volume": "500 ml",
        "max_item_volume": "25 ml",
        "max_contains_weight": "1 kg",
        "weight_multiplier": 0,
        "//": "The bacteria can't find a way inside!",
        "spoil_multiplier": 0.5,
        "moves": 5000
      }
    ],
    "volume": "1500 ml",
    "flags": [ "TARDIS", "ZERO_WEIGHT" ],
    "weight": "0 kg"
  },
  {
    "id": "art_tesseract",
    "type": "GENERIC",
    "copy-from": "art_lamp",
    "name": { "str": "four-dimensional cube" },
    "description": "It's a cube that constantly shrinks and grows in size.  It's two cubes linked by the vertices, with ever-shifting sides folding onto each other, over and over.  It's four cubes in the exact same position.  It's a cube fading to ash then reverting to pristine form repeatedly.  It's all of these at once, and none of them at all.  It is the only one of its kind.\nIt may have unknown powers; try activating them.",
    "volume": "1 L",
    "weight": "8 kg"
  },
  {
    "id": "art_irrational",
    "type": "GENERIC",
    "copy-from": "art_lamp",
    "name": { "str": "irrational cube" },
    "description": "A large wire-frame cube.  The interior wires somehow appear to be over the exterior wires, no matter which angle you look at the cube from.  Trying to trace the lines with your finger is probably not a good idea.  It is the only one of its kind.\nIt may have unknown powers; try activating them.",
    "volume": "1 L",
    "weight": "0 kg",
    "longest_side": "30 cm",
    "flags": [ "ZERO_WEIGHT" ]
  },
  {
    "id": "art_duocylinder",
    "type": "GENERIC",
    "copy-from": "art_urchin",
    "name": { "str": "wobbly ring" },
    "description": "A chunky ring that folds onto itself continuously, preventing its use as an esoteric piece of jewelry.  It is the only one of its kind.\nIt may have unknown powers; try activating them.",
    "volume": "5 ml",
    "weight": "8 kg",
    "longest_side": "5 cm"
  }
]
