[
  {
    "type": "item_group",
    "id": "monparts",
    "subtype": "distribution",
    "entries": [
      { "item": "meat", "prob": 50 },
      { "item": "veggy", "prob": 30 },
      { "item": "meat_tainted", "prob": 60 },
      { "item": "veggy_tainted", "prob": 35 },
      { "item": "royal_jelly", "prob": 8 },
      { "item": "ant_egg", "prob": 5 },
      { "item": "bee_sting", "prob": 5 },
      { "item": "fighter_sting", "prob": 5 },
      { "item": "chitin_piece", "prob": 10 }
    ]
  },
  {
    "type": "item_group",
    "id": "ant_food",
    "subtype": "distribution",
    "entries": [
      { "item": "meat", "prob": 50 },
      { "item": "veggy", "prob": 30 },
      { "item": "meat_tainted", "prob": 60 },
      { "item": "veggy_tainted", "prob": 35 },
      { "item": "apple", "prob": 70 },
      { "item": "orange", "prob": 65 },
      { "item": "banana", "prob": 40 },
      { "item": "mushroom", "prob": 70 },
      { "item": "mushroom_morel", "prob": 70 },
      { "item": "blueberries", "prob": 3 },
      { "item": "strawberries", "prob": 2 },
      { "item": "cucumber", "prob": 8 },
      { "item": "tomato", "prob": 9 },
      { "item": "pumpkin", "prob": 8 },
      { "item": "broccoli", "prob": 9 },
      { "item": "zucchini", "prob": 7 },
      { "item": "celery", "prob": 2 },
      { "item": "onion", "prob": 3 },
      { "item": "carrot", "prob": 3, "count": 6 },
      { "item": "potato", "prob": 10 },
      { "item": "pear", "prob": 65 },
      { "item": "grapefruit", "prob": 1 },
      { "item": "cherries", "prob": 5 },
      { "item": "plums", "prob": 9 },
      { "item": "grapes", "prob": 45 },
      { "item": "pineapple", "prob": 2 },
      { "item": "peach", "prob": 1 },
      { "item": "cranberries", "prob": 15, "count": 3 },
      { "item": "watermelon", "prob": 2 },
      { "item": "melon", "prob": 1 },
      { "item": "raspberries", "prob": 3 },
      { "item": "blackberries", "prob": 3 },
      { "item": "mango", "prob": 1 },
      { "item": "pomegranate", "prob": 1 },
      { "item": "rhubarb", "prob": 5 },
      { "item": "papaya", "prob": 1 },
      { "item": "kiwi", "prob": 2 },
      { "item": "apricot", "prob": 1 },
      { "item": "honeycomb", "prob": 10 },
      { "item": "royal_jelly", "prob": 8 },
      { "item": "arm", "prob": 4 },
      { "item": "leg", "prob": 4 },
      { "item": "rock", "prob": 40 },
      { "item": "rock_large", "prob": 5 },
      { "item": "stick", "prob": 95 },
      { "item": "survivormap", "prob": 1 },
      { "group": "hat_hard_flashlight", "prob": 10 },
      { "item": "honey_ant", "prob": 30, "count": 2 },
      { "item": "homemade_bomb_act", "prob": 1 }
    ]
  },
  {
    "type": "item_group",
    "id": "kraken_food",
    "subtype": "distribution",
    "entries": [
      { "item": "meat", "prob": 50 },
      { "item": "fish", "prob": 80 },
      { "item": "meat_tainted", "prob": 60 },
      { "item": "arm", "prob": 4 },
      { "item": "leg", "prob": 4 },
      { "item": "rock", "prob": 40 },
      { "item": "razorclaw_roe", "prob": 5 },
      { "item": "stick", "prob": 95 },
      { "item": "survivormap", "prob": 1 },
      { "item": "wetsuit", "prob": 10, "damage": [ 2, 4 ] },
      { "item": "wetsuit_thick", "prob": 10, "damage": [ 2, 4 ] },
      { "item": "homemade_bomb_act", "prob": 1 }
    ]
  },
  {
    "type": "item_group",
    "id": "razorclaw_nest",
    "subtype": "distribution",
    "entries": [ { "item": "razorclaw_roe", "count": [ 1, 6 ] } ]
  },
  {
    "type": "item_group",
    "id": "ant_egg",
    "subtype": "distribution",
    "entries": [ { "item": "ant_egg", "prob": 5 } ]
  },
  {
    "type": "item_group",
    "id": "biollante",
    "subtype": "distribution",
    "entries": [ { "item": "biollante_bud", "prob": 1 } ]
  },
  {
    "type": "item_group",
    "id": "fungal_sting",
    "subtype": "distribution",
    "entries": [ { "item": "fighter_sting", "prob": 5 } ]
  },
  {
    "type": "item_group",
    "id": "cow",
    "subtype": "distribution",
    "entries": [ { "item": "cow_bell", "prob": 1 } ]
  },
  {
    "type": "item_group",
    "id": "dog_cop",
    "subtype": "distribution",
    "entries": [ { "item": "kevlar_harness", "prob": 1 } ]
  },
  {
    "type": "item_group",
    "id": "dog_clothes",
    "subtype": "distribution",
    "entries": [
      { "item": "rubber_harness_dog", "prob": 50 },
      { "item": "leather_harness_dog", "prob": 25 },
      { "item": "kevlar_harness", "prob": 1 }
    ]
  },
  {
    "type": "item_group",
    "id": "hive",
    "//": "Beekeeper gear, as spawned on beekeeper zombie",
    "subtype": "distribution",
    "entries": [
      { "item": "honeycomb", "prob": 10 },
      { "item": "honey_scraper", "prob": 2 },
      { "item": "beekeeping_hood", "prob": 5 },
      { "item": "beekeeping_suit", "prob": 5 },
      { "item": "beekeeping_gloves", "prob": 5 }
    ]
  },
  {
    "type": "item_group",
    "id": "bug_parts",
    "//": "Bug butchery remains",
    "subtype": "distribution",
    "entries": [
      { "item": "chitin_piece", "prob": 70 },
      { "item": "acidchitin_piece", "prob": 30 },
      { "item": "endochitin", "prob": 70 },
      { "item": "mutant_bug_hydrogen_sacs", "prob": 30 },
      { "item": "mutant_bug_lungs", "prob": 10, "count": 4 },
      { "item": "mutant_bug_organs", "prob": 10 },
      { "item": "sinew", "prob": 10 },
      { "item": "bee_sting", "prob": 10 }
    ]
  },
  {
    "type": "item_group",
    "id": "vertebrate_parts",
    "//": "Normal/mutated animal remains",
    "subtype": "distribution",
    "entries": [
      { "item": "skull_canis", "prob": 10 },
      { "item": "skull_canis_medium", "prob": 15 },
      { "item": "skull_feline_small", "prob": 15 },
      { "item": "skull_rodent", "prob": 25 },
      { "item": "skull_pig", "prob": 10 },
      { "item": "skull_bovine", "prob": 5 },
      { "item": "skull_cervine", "prob": 10 },
      { "item": "skull_moose", "prob": 3 },
      { "item": "bone", "prob": 80 },
      { "item": "feather", "prob": 80 },
      { "item": "raw_leather", "prob": 30 },
      { "item": "raw_fur", "prob": 30 },
      { "item": "wool_staple", "prob": 30 },
      { "item": "sinew", "prob": 5 },
      { "item": "brain", "prob": 5, "count": 4 },
      { "item": "lung", "prob": 5, "count": 4 },
      { "item": "liver", "prob": 5, "count": 4 },
      { "item": "sweetbread", "prob": 5, "count": 4 },
      { "item": "stomach", "prob": 5 },
      { "item": "stomach_large", "prob": 5 },
      { "item": "kidney", "prob": 5, "count": 4 },
      { "item": "jabberwock_heart", "prob": 1 }
    ]
  },
  {
    "type": "item_group",
    "id": "human_parts",
    "//": "(demi)human remains",
    "subtype": "distribution",
    "entries": [
      { "item": "skull_human", "prob": 20 },
      { "item": "bone_human", "prob": 80 },
      { "item": "raw_hleather", "prob": 30 },
      { "item": "raw_demihumanleather", "prob": 5 },
      { "item": "raw_hfur", "prob": 1 },
      { "item": "sinew", "prob": 5 },
      { "item": "hstomach", "prob": 5 },
      { "item": "demihuman_stomach", "prob": 1 },
      { "item": "hstomach_large", "prob": 5 },
      { "item": "demihuman_stomach_large", "prob": 1 }
    ]
  },
  {
    "type": "item_group",
    "id": "wasp_lair",
    "//": "Damaged generic/military/science drops, nothing fancy",
    "subtype": "distribution",
    "ammo": 10,
    "entries": [
      { "group": "allclothes", "damage": [ 2, 4 ], "prob": 150 },
      { "group": "clothing_outdoor_set", "damage": [ 2, 4 ], "prob": 10 },
      { "group": "clothing_hunting", "damage": [ 2, 4 ], "prob": 10 },
      { "group": "clothing_work_set", "damage": [ 2, 4 ], "prob": 10 },
      { "group": "everyday_gear", "damage": [ 2, 4 ], "prob": 50 },
      { "group": "gear_homeless", "damage": [ 2, 4 ], "prob": 30 },
      { "group": "child_items", "damage": [ 2, 4 ], "prob": 30 },
      { "group": "traveler", "damage": [ 2, 4 ], "prob": 10 },
      { "group": "default_zombie_clothes", "damage": [ 2, 4 ], "prob": 30 },
      { "group": "default_zombie_items_bags", "damage": [ 2, 4 ], "prob": 30 },
      { "group": "default_zombie_items_pockets", "damage": [ 2, 4 ], "prob": 30 },
      { "group": "mon_zombie_scientist_death_drops", "damage": [ 2, 4 ], "prob": 5 },
      { "group": "mon_zombie_labsecurity_death_drops", "damage": [ 2, 4 ], "prob": 5 },
      { "group": "mon_zombie_kevlar_death_drops", "damage": [ 2, 4 ], "prob": 15 },
      { "group": "mon_zombie_military_pilot_death_drops", "damage": [ 2, 4 ], "prob": 5 }
    ]
  },
  {
    "type": "item_group",
    "id": "radio",
    "//": "a general group that was probably intended to spawn in radio tower maintenance offices or similar, but currently only called as a zombie scientist drop. This needs a revamp.",
    "subtype": "distribution",
    "entries": [
      { "group": "softdrinks_canned", "prob": 290 },
      { "prob": 25, "group": "caffeine_bottle_plastic_pill_supplement_10" },
      { "prob": 30, "group": "maltballs_box_snack_4" },
      { "group": "tobacco_products", "prob": 141 },
      { "item": "weed", "prob": 10, "count": [ 1, 5 ] },
      { "item": "joint", "prob": 10 },
      { "item": "seed_weed", "prob": 15, "count": 2 },
      { "item": "seed_tobacco", "prob": 5 },
      { "item": "rolling_paper", "prob": 5, "charges": [ 1, 30 ] },
      { "item": "pipe_glass", "prob": 5 },
      { "item": "amplifier", "prob": 8 },
      { "item": "transponder", "prob": 5 },
      { "item": "receiver", "prob": 10 },
      { "item": "antenna", "prob": 18 },
      { "item": "laptop", "prob": 20, "charges": [ 0, 500 ], "contents-group": "civilian_laptop_efiles" },
      { "item": "eink_tablet_pc", "prob": 8, "charges": [ 0, 500 ], "contents-group": "civilian_einktablet_efiles" },
      { "item": "memory_card", "prob": 5 },
      { "item": "camera", "prob": 3, "charges": [ 0, 150 ] },
      { "item": "camera", "container-item": "camera_bag", "prob": 2, "charges": [ 0, 150 ] },
      { "item": "camera_pro", "prob": 1, "charges": [ 0, 150 ] },
      { "item": "camera_pro", "container-item": "camera_bag", "prob": 1, "charges": [ 0, 150 ] },
      { "item": "screwdriver", "prob": 40 },
      { "item": "screwdriver_set", "prob": 10 },
      { "group": "ammo_pocket_batteries_full", "prob": 50 },
      { "item": "file", "prob": 30 },
      { "group": "magazines", "prob": 170 },
      { "item": "manual_electronics", "prob": 20 },
      { "item": "cowboy_hat", "prob": 2 },
      { "item": "lighter", "prob": 60, "charges": [ 0, 100 ] },
      { "item": "ref_lighter", "prob": 1, "charges": [ 0, 50 ] },
      { "item": "flashlight", "prob": 40, "charges": [ 0, 300 ] },
      { "item": "radio", "prob": 20, "charges": [ 0, 100 ] },
      { "item": "mp3", "prob": 6, "charges": [ 0, 100 ] },
      { "item": "solar_cell", "prob": 5 },
      { "item": "flyer", "prob": 10 },
      { "item": "usb_drive", "prob": 15 },
      { "item": "lsd", "prob": 1, "count": [ 1, 5 ] },
      { "item": "gum", "prob": 20, "count": [ 1, 10 ] },
      { "item": "caff_gum", "prob": 8, "count": [ 1, 10 ] },
      { "group": "tools_toolbox", "prob": 1 },
      { "item": "nic_gum", "prob": 5, "count": [ 1, 10 ] },
      { "group": "toy_radio_car", "prob": 2 },
      { "item": "radiocontrol", "prob": 15, "charges": [ 0, 100 ] },
      { "item": "thermometer", "prob": 10 },
      { "item": "hygrometer", "prob": 10 },
      { "item": "barometer", "prob": 10 },
      { "item": "weather_reader", "prob": 1 }
    ]
  },
  {
    "type": "item_group",
    "id": "caffeine_bottle_plastic_pill_supplement_10",
    "subtype": "collection",
    "//": "This group was created automatically and may contain errors.",
    "container-item": "bottle_plastic_pill_supplement",
    "entries": [ { "item": "caffeine", "container-item": "null", "count": 10 } ]
  }
]
