[
  {
    "type": "GENERIC",
    "id": "apartment_fridge",
    "looks_like": "fridge",
    "symbol": "F",
    "color": "light_blue",
    "name": { "str": "household fridge" },
    "description": "A disconnected household refrigerator.  General choice to store some perishables for an average family.  Activate to deploy and connect to your electric grid.",
    "//": "danby.com/products/apartment-size-refrigerators/dar110a3ldb/",
    "//2": "60.50 * 66.50 * 149.50 cm, 249 kwh/annual",
    "use_action": { "type": "deploy_appliance", "base": "apartment_fridge" },
    "longest_side": "1495 mm",
    "insulation": 10,
    "material": [ "steel" ],
    "volume": "601475 ml",
    "weight": "56520 g",
    "price": "1099 USD",
    "price_postapoc": "7 USD",
    "pocket_data": [ { "pocket_type": "CONTAINER", "rigid": true, "max_contains_volume": "311 L", "max_contains_weight": "800 kg" } ]
  },
  {
    "type": "GENERIC",
    "id": "minifridge",
    "name": { "str": "minifridge" },
    "description": "A disconnected minifridge, similar to ones in some luxury limousines.  Activate to deploy and connect to your electric grid.",
    "//": "danby.com/products/compact-refrigerators/dar033a6bsldb/",
    "//1": "44.91 * 51.89 * 84.00",
    "use_action": { "type": "deploy_appliance", "base": "minifridge" },
    "symbol": "F",
    "color": "light_blue",
    "price": "519 USD",
    "price_postapoc": "3 USD",
    "volume": "195751 ml",
    "weight": "24490 g",
    "longest_side": "840 mm",
    "insulation": 2,
    "pocket_data": [ { "pocket_type": "CONTAINER", "rigid": true, "max_contains_volume": "96 L", "max_contains_weight": "300 kg" } ]
  },
  {
    "type": "GENERIC",
    "id": "big_portable_fridge",
    "name": { "str": "food truck fridge" },
    "description": "A heavy and bulky fridge with little wheels for easier transportation.  Has a bunch of sections and separators, which allow it to be installed in a vehicle with relative assurance that any items inside will stay put.  Activate to deploy and connect to your electric grid.",
    "//": "TrueMFG T-19-HC, scaled down to fit the size of vehicle parts (assumed to be 500L)",
    "//2": "original values: 686 * 623 * 1912 mm, 112 kg, gross capacity 417 L, 495 kwh/annual",
    "//3": "scaled values: 578 * 525 * 1615 mm, 67 kg, gross capacity 250 L, 296 kwh/annual",
    "use_action": { "type": "deploy_appliance", "base": "big_portable_fridge" },
    "weight": "67 kg",
    "volume": "490 L",
    "longest_side": "1615 mm",
    "price": "2200 USD",
    "price_postapoc": "10 USD",
    "insulation": 7,
    "copy-from": "minifridge",
    "pocket_data": [ { "pocket_type": "CONTAINER", "rigid": true, "max_contains_volume": "250 L", "max_contains_weight": "700 kg" } ]
  },
  {
    "type": "GENERIC",
    "id": "glass_fridge",
    "looks_like": "fridge",
    "symbol": "F",
    "color": "light_blue",
    "name": { "str": "single glass door fridge" },
    "description": "A disconnected commercial refrigerator with a transparent glass door, designed to show off any cold drinks and similar goods in a grocery store while still keeping them cool.  Activate to deploy and connect to your electric grid.",
    "//": "Tefcold CEV425CP, 1980 x 595 x 640 mm, net capacity 347 L, 821 kwh/annum, 94 kwh",
    "//2": "door should be approx 11 kilo of glass",
    "use_action": { "type": "deploy_appliance", "base": "glass_fridge" },
    "longest_side": "1980 mm",
    "insulation": 9,
    "material": [ { "type": "steel", "portion": 7 }, { "type": "glass", "portion": 1 } ],
    "volume": "753984 ml",
    "weight": "78 kg",
    "price": "710 USD",
    "price_postapoc": "5 USD",
    "pocket_data": [ { "pocket_type": "CONTAINER", "rigid": true, "max_contains_volume": "347 L", "max_contains_weight": "800 kg" } ]
  },
  {
    "type": "GENERIC",
    "id": "glass_fridge_double",
    "looks_like": "fridge",
    "symbol": "F",
    "color": "light_blue",
    "name": { "str": "double glass door fridge" },
    "description": "A disconnected commercial refrigerator with two transparent glass doors, designed to show off any cold drinks and similar goods in a grocery store while still keeping them cool.  Activate to deploy and connect to your electric grid.",
    "//": "True GDM-35-HC-TSL01, 1998 x 1004 x 759 mm (because of technical limitations, only 1000L of volume, not 1522), net capacity 991 L, 2103 kwh/annum, 240 kwh",
    "//2": "doors should be approx 19 kilo of glass",
    "use_action": { "type": "deploy_appliance", "base": "glass_fridge_double" },
    "volume": "1000 L",
    "longest_side": "1998 mm",
    "insulation": 9,
    "material": [ { "type": "steel", "portion": 11 }, { "type": "aluminum", "portion": 3 }, { "type": "glass", "portion": 1 } ],
    "weight": "168 kg",
    "price": "2500 USD",
    "price_postapoc": "6 USD",
    "pocket_data": [ { "pocket_type": "CONTAINER", "rigid": true, "max_contains_volume": "991 L", "max_contains_weight": "3000 kg" } ]
  },
  {
    "type": "GENERIC",
    "id": "heavy_duty_fridge",
    "looks_like": "fridge",
    "symbol": "F",
    "color": "light_blue",
    "name": { "str": "heavy-duty fridge" },
    "description": "A disconnected commercial refrigerator, used in many professional kitchens.  Activate to deploy and connect to your electric grid.",
    "//": "Polar UA030, 2150 x 700 x 810 mm (because of technical limitations, only 1000 L of volume, not 1219), net capacity 700 L, 351 kwh/annum, 40 kwh",
    "use_action": { "type": "deploy_appliance", "base": "heavy_duty_fridge" },
    "longest_side": "2150 mm",
    "insulation": 9,
    "material": [ "steel" ],
    "volume": "1000 L",
    "weight": "165 kg",
    "price": "2249 USD",
    "price_postapoc": "15 USD",
    "pocket_data": [ { "pocket_type": "CONTAINER", "rigid": true, "max_contains_volume": "700 L", "max_contains_weight": "2500 kg" } ]
  },
  {
    "type": "GENERIC",
    "id": "display_fridge",
    "looks_like": "fridge",
    "symbol": "F",
    "color": "light_blue",
    "name": { "str": "display fridge" },
    "description": "A big glass chamber, designed to display different food in a multiple rows, while cooling it at the same time.  While you might not need to actually display any of your food, it cools the food as good as any another fridge.  Activate to deploy and connect to your electric grid.",
    "//2": "Interlevin CHOPIN 1000 FV-VP, 1300 x 1050 x 800 mm (because of technical limitations, only 1000 L of volume, not 1092), net capacity 600 L (dimensions are calculated manually, 775 * 775 * 1000 mm), 1205 kwh/annum, 137 kwh",
    "use_action": { "type": "deploy_appliance", "base": "display_fridge" },
    "longest_side": "928 mm",
    "price": "4900 USD",
    "price_postapoc": "4 USD",
    "insulation": 8,
    "material": [ { "type": "steel", "portion": 3 }, { "type": "glass", "portion": 1 } ],
    "volume": "1000 L",
    "weight": "102 kg",
    "pocket_data": [ { "pocket_type": "CONTAINER", "rigid": true, "max_contains_volume": "600 L", "max_contains_weight": "1200 kg" } ]
  },
  {
    "type": "GENERIC",
    "id": "apartment_freezer",
    "looks_like": "fridge",
    "symbol": "F",
    "color": "light_blue",
    "name": { "str": "household freezer" },
    "description": "A disconnected household freezer.  Great choice if you need to freeze some discount meat.  Activate to deploy and connect to your electric grid.",
    "//": "danby.com/products/freezers/dufm043a2wdd/",
    "//2": "60.81 * 63.20 * 92.86 cm, 260 kwh/annual",
    "use_action": { "type": "deploy_appliance", "base": "apartment_freezer" },
    "longest_side": "928 mm",
    "price": "499 USD",
    "price_postapoc": "6 USD",
    "insulation": 10,
    "material": [ "steel" ],
    "volume": "356878 ml",
    "weight": "56520 g",
    "pocket_data": [ { "pocket_type": "CONTAINER", "rigid": true, "max_contains_volume": "122 L", "max_contains_weight": "350 kg" } ]
  },
  {
    "type": "GENERIC",
    "id": "minifreezer",
    "name": { "str": "minifreezer" },
    "description": "A compact version of an upright freezer, designed as a mobile solution for freezing food.  Activate to deploy and connect to your electric grid.",
    "//": "danby.com/products/freezers/dufm032a3wdb-3/",
    "use_action": { "type": "deploy_appliance", "base": "minifreezer" },
    "weight": "26900 g",
    "volume": "249358 ml",
    "longest_side": "830 mm",
    "//2": "52.55 * 57.15 * 83.03 cm",
    "price": "363 USD",
    "price_postapoc": "5 USD",
    "insulation": 4,
    "copy-from": "minifridge",
    "pocket_data": [ { "pocket_type": "CONTAINER", "rigid": true, "max_contains_volume": "90 L", "max_contains_weight": "300 kg" } ]
  },
  {
    "type": "GENERIC",
    "id": "chest_minifreezer",
    "name": { "str": "chest minifreezer" },
    "description": "A compact version of a chest freezer, designed as a mobile solution for freezing food, but it's pretty tricky to pull anything out from the bottom.  Perfect choice to put in your closet and forget for a year.  Activate to deploy and connect to your electric grid.",
    "//": "danby.com/products/freezers/dcf035a6wm/",
    "use_action": { "type": "deploy_appliance", "base": "chest_minifreezer" },
    "weight": "22940 g",
    "volume": "238 L",
    "longest_side": "843 mm",
    "//2": "51.44 * 54.94 * 84.33 cm",
    "price": "249 USD",
    "price_postapoc": "8 USD",
    "insulation": 4,
    "copy-from": "minifridge",
    "pocket_data": [ { "pocket_type": "CONTAINER", "rigid": true, "max_contains_volume": "99 L", "max_contains_weight": "300 kg" } ]
  },
  {
    "type": "GENERIC",
    "id": "big_portable_freezer",
    "name": { "str": "food truck freezer" },
    "description": "A heavy and bulky freezer with little wheels for easier transportation.  Has a bunch of sections and separators, which allow it to be installed in a vehicle with relative assurance that any items inside will stay put.  Activate to deploy and connect to your electric grid.",
    "//": "TrueMFG T-19F-HC, scaled down to fit the size of vehicle parts (assumed to be 500L)",
    "//2": "original values: 686 * 623 * 1912 mm, 120 kg, gross capacity 417 L, 2066 kwh/annual",
    "//3": "scaled values: 578 * 525 * 1615 mm, 72 kg, gross capacity 250 L, 1238 kwh/annual",
    "use_action": { "type": "deploy_appliance", "base": "big_portable_freezer" },
    "weight": "72 kg",
    "volume": "490 L",
    "longest_side": "1615 mm",
    "price": "3300 USD",
    "price_postapoc": "12 USD",
    "insulation": 7,
    "copy-from": "minifridge"
  },
  {
    "type": "GENERIC",
    "id": "chest_freezer",
    "name": { "str": "chest freezer" },
    "description": "A hefty chest freezer, designed to store plenty of perishables for a minuscule amount of power.  Activate to deploy and connect to your electric grid.",
    "//": "Prodis Arctic AR350SS, 850 x 1030 x 750 mm, gross capacity 350L, 0.724 kwh/day, 30kwh",
    "use_action": { "type": "deploy_appliance", "base": "chest_freezer" },
    "weight": "50 kg",
    "volume": "656625 ml",
    "longest_side": "1030 mm",
    "price": "499 USD",
    "price_postapoc": "15 USD",
    "insulation": 4,
    "copy-from": "minifridge",
    "pocket_data": [ { "pocket_type": "CONTAINER", "rigid": true, "max_contains_volume": "350 L", "max_contains_weight": "1100 kg" } ]
  },
  {
    "type": "GENERIC",
    "id": "heavy_duty_freezer",
    "name": { "str": "heavy-duty freezer" },
    "description": "A heavy-duty upright freezer.  Big as a closet, heavy as a tank, can probably fit enough meat to feed a little colony for a week, but consumes power like no other.  Activate to deploy and connect to your electric grid.",
    "//": "Infrico AGN602BT, 850 x 1030 x 750 mm (because of technical limitations, 1000L instead of 1421L ), gross capacity 745 L, 3365 kwh/annum, 384 kwh",
    "use_action": { "type": "deploy_appliance", "base": "heavy_duty_freezer" },
    "weight": "172 kg",
    "volume": "1000 L",
    "longest_side": "1030 mm",
    "price": "4599 USD",
    "price_postapoc": "15 USD",
    "insulation": 4,
    "copy-from": "minifridge",
    "pocket_data": [ { "pocket_type": "CONTAINER", "rigid": true, "max_contains_volume": "745 L", "max_contains_weight": "2500 kg" } ]
  },
  {
    "type": "GENERIC",
    "id": "glass_freezer",
    "looks_like": "fridge",
    "symbol": "F",
    "color": "light_blue",
    "name": { "str": "glass door freezer" },
    "description": "A disconnected commercial freezer with a glass door, used to present different frozen goods.  Activate to deploy and connect to your electric grid.",
    "//": "Tefcold UF400VG, 1855 x 600 x 585 mm, net capacity 400 L, 2664 kwh/annum, 304 kwh",
    "//2": "door should be approx 11 kilo of glass",
    "use_action": { "type": "deploy_appliance", "base": "glass_freezer" },
    "longest_side": "1855 mm",
    "insulation": 9,
    "material": [ { "type": "steel", "portion": 7 }, { "type": "glass", "portion": 1 } ],
    "volume": "651105 ml",
    "weight": "80 kg",
    "price": "710 USD",
    "price_postapoc": "5 USD",
    "pocket_data": [ { "pocket_type": "CONTAINER", "rigid": true, "max_contains_volume": "400 L", "max_contains_weight": "1200 kg" } ]
  },
  {
    "type": "GENERIC",
    "id": "display_freezer",
    "looks_like": "fridge",
    "symbol": "F",
    "color": "light_blue",
    "name": { "str": "display freezer" },
    "description": "A disconnected commercial chest freezer with a glass lid.  Activate to deploy and connect to your electric grid.",
    "//": "Blizzard BDF32, 850 x 1030 x 680 mm, net capacity 320 L, 198 kwh/annum, 23 kwh",
    "use_action": { "type": "deploy_appliance", "base": "display_freezer" },
    "longest_side": "1855 mm",
    "insulation": 9,
    "material": [ { "type": "steel", "portion": 7 }, { "type": "glass", "portion": 1 } ],
    "volume": "595340 ml",
    "weight": "60500 g",
    "price": "833 USD",
    "price_postapoc": "15 USD",
    "pocket_data": [ { "pocket_type": "CONTAINER", "rigid": true, "max_contains_volume": "320 L", "max_contains_weight": "1000 kg" } ]
  }
]
