[
  {
    "type": "item_group",
    "id": "ammo_pistol_common",
    "//": "Pistol ammo commonly owned by citizens and found in many locations.",
    "subtype": "distribution",
    "entries": [
      { "item": "32_acp", "prob": 20, "charges": [ 1, 80 ] },
      { "item": "380_FMJ", "prob": 25, "charges": [ 1, 50 ] },
      { "item": "380_JHP", "prob": 20, "charges": [ 1, 50 ] },
      { "item": "38_fmj", "prob": 25, "charges": [ 1, 40 ] },
      { "item": "38_special", "prob": 25, "charges": [ 1, 40 ] },
      { "item": "38_special_p", "prob": 25, "charges": [ 1, 40 ] },
      { "item": "357mag_fmj", "prob": 15, "charges": [ 1, 50 ] },
      { "item": "357mag_jhp", "prob": 15, "charges": [ 1, 50 ] },
      { "item": "357sig_jhp", "prob": 25, "charges": [ 1, 50 ] },
      { "item": "357sig_fmj", "prob": 25, "charges": [ 1, 50 ] },
      { "item": "40sw", "prob": 40, "charges": [ 1, 40 ] },
      { "item": "40fmj", "prob": 40, "charges": [ 1, 40 ] },
      { "item": "45_acp", "prob": 40, "charges": [ 1, 30 ] },
      { "item": "45_jhp", "prob": 40, "charges": [ 1, 30 ] },
      { "item": "9mm", "prob": 100, "charges": [ 1, 50 ] },
      { "item": "9mmfmj", "prob": 100, "charges": [ 1, 50 ] }
    ]
  },
  {
    "type": "item_group",
    "id": "ammo_pistol_common_collection",
    "//": "Pistol ammo commonly owned by citizens and found in many locations.",
    "subtype": "collection",
    "entries": [
      { "item": "32_acp", "prob": 20 },
      { "item": "380_FMJ", "prob": 25 },
      { "item": "380_JHP", "prob": 20 },
      { "item": "38_fmj", "prob": 25 },
      { "item": "38_special", "prob": 25 },
      { "item": "38_special_p", "prob": 25 },
      { "item": "357mag_fmj", "prob": 15 },
      { "item": "357mag_jhp", "prob": 15 },
      { "item": "357sig_jhp", "prob": 25 },
      { "item": "357sig_fmj", "prob": 25 },
      { "item": "40sw", "prob": 40 },
      { "item": "40fmj", "prob": 40 },
      { "item": "45_acp", "prob": 40 },
      { "item": "45_jhp", "prob": 40 },
      { "item": "9mm", "prob": 60 },
      { "item": "9mmfmj", "prob": 60 }
    ]
  },
  {
    "type": "item_group",
    "id": "ammo_pistol_common_loose",
    "//": "Loose pistol ammo commonly owned by citizens and found in many locations.",
    "subtype": "collection",
    "entries": [
      { "item": "32_acp", "prob": 5, "charges": [ 0, 7 ] },
      { "item": "380_FMJ", "prob": 5, "charges": [ 0, 7 ] },
      { "item": "380_JHP", "prob": 2, "charges": [ 0, 7 ] },
      { "item": "38_fmj", "prob": 8, "charges": [ 0, 7 ] },
      { "item": "38_special", "prob": 10, "charges": [ 0, 7 ] },
      { "item": "357mag_fmj", "prob": 5, "charges": [ 0, 7 ] },
      { "item": "357mag_jhp", "prob": 5, "charges": [ 0, 7 ] },
      { "item": "357sig_jhp", "prob": 7, "charges": [ 0, 7 ] },
      { "item": "357sig_fmj", "prob": 7, "charges": [ 0, 7 ] },
      { "item": "40sw", "prob": 10, "charges": [ 0, 7 ] },
      { "item": "40fmj", "prob": 8, "charges": [ 0, 7 ] },
      { "item": "45_acp", "prob": 10, "charges": [ 0, 7 ] },
      { "item": "45_jhp", "prob": 10, "charges": [ 0, 7 ] },
      { "item": "9mm", "prob": 15, "charges": [ 0, 7 ] },
      { "item": "9mmfmj", "prob": 8, "charges": [ 0, 7 ] }
    ]
  },
  {
    "type": "item_group",
    "id": "ammo_pistol_rare",
    "//": "Less common pistol ammo including that only used by police/paramilitary forces.",
    "subtype": "distribution",
    "entries": [
      { "item": "10mm_fmj", "prob": 15 },
      { "item": "38_super", "prob": 20 },
      { "item": "38super_fmj", "prob": 20 },
      { "item": "38_special_p", "prob": 10 },
      { "item": "44fmj", "prob": 15 },
      { "item": "44magnum", "prob": 35 },
      { "item": "45_super", "prob": 30 },
      { "item": "57mm", "prob": 50 },
      { "item": "57mm_ss", "prob": 15 },
      { "item": "380_p", "prob": 10 },
      { "item": "9mmP", "prob": 30 },
      { "item": "9mmP2", "prob": 20 }
    ]
  },
  {
    "type": "item_group",
    "id": "ammo_pistol_rare_collection",
    "//": "Less common pistol ammo including that only used by police/paramilitary forces.",
    "subtype": "collection",
    "entries": [
      { "item": "10mm_fmj", "prob": 15 },
      { "item": "38_super", "prob": 20 },
      { "item": "38super_fmj", "prob": 20 },
      { "item": "38_special_p", "prob": 10 },
      { "item": "44fmj", "prob": 15 },
      { "item": "44magnum", "prob": 35 },
      { "item": "45_super", "prob": 30 },
      { "item": "57mm", "prob": 50 },
      { "item": "57mm_ss", "prob": 25 },
      { "item": "380_p", "prob": 10 },
      { "item": "9mmP", "prob": 30 },
      { "item": "9mmP2", "prob": 20 }
    ]
  },
  {
    "type": "item_group",
    "id": "ammo_pistol_hunting",
    "//": "Ammo for high-caliber pistols found within hunting supply stores and related locations.",
    "subtype": "distribution",
    "entries": [
      { "item": "357mag_fmj", "prob": 35, "charges": [ 1, 50 ] },
      { "item": "357mag_jhp", "prob": 35, "charges": [ 1, 50 ] },
      { "item": "44fmj", "prob": 30 },
      { "item": "44magnum", "prob": 30 },
      { "item": "10mm_fmj", "prob": 30 },
      { "item": "454_Casull", "prob": 20 },
      { "item": "500_Magnum", "prob": 20 },
      { "item": "50ae_jhp", "prob": 20 },
      { "item": "50ae_fmj", "prob": 10 }
    ]
  },
  {
    "type": "item_group",
    "id": "ammo_pistol_milspec",
    "//": "Military specification pistol ammo found at military sites.",
    "subtype": "distribution",
    "entries": [ { "item": "46mm", "prob": 70 }, { "item": "9mmfmj", "prob": 100 } ]
  },
  {
    "type": "item_group",
    "id": "ammo_pistol_obscure",
    "//": "Imported or otherwise very obscure pistol ammo.",
    "subtype": "distribution",
    "entries": [
      { "item": "454_Casull", "prob": 100 },
      { "item": "45colt_jhp", "prob": 14 },
      { "item": "45colt_cowboy", "prob": 36 },
      { "item": "500_Magnum", "prob": 100 },
      { "item": "50ae_jhp", "prob": 100 },
      { "item": "50ae_fmj", "prob": 50 },
      { "item": "762_25", "prob": 50 },
      { "item": "762_25hot", "prob": 50 },
      { "item": "762_25typeP", "prob": 50 },
      { "item": "9x18mm", "prob": 50 },
      { "item": "9x18mmfmj", "prob": 50 },
      { "item": "9x18mmP2", "prob": 50 }
    ]
  },
  {
    "type": "item_group",
    "id": "ammo_pistol_obscure_collection",
    "//": "Imported or otherwise very obscure pistol ammo.",
    "subtype": "collection",
    "entries": [
      { "item": "454_Casull", "prob": 75 },
      { "item": "45colt_jhp", "prob": 14 },
      { "item": "45colt_cowboy", "prob": 36 },
      { "item": "500_Magnum", "prob": 75 },
      { "item": "50ae_jhp", "prob": 75 },
      { "item": "50ae_fmj", "prob": 50 },
      { "item": "762_25", "prob": 50 },
      { "item": "762_25hot", "prob": 25 },
      { "item": "762_25typeP", "prob": 35 },
      { "item": "9x18mm", "prob": 50 },
      { "item": "9x18mmfmj", "prob": 35 },
      { "item": "9x18mmP2", "prob": 25 }
    ]
  },
  {
    "type": "item_group",
    "id": "ammo_pistol_reloaded",
    "//": "Reloaded pistol ammo balanced according to rarity.",
    "subtype": "distribution",
    "entries": [
      { "item": "reloaded_10mm_fmj", "prob": 10 },
      { "item": "reloaded_32_acp", "prob": 50 },
      { "item": "reloaded_38_fmj", "prob": 30 },
      { "item": "reloaded_38_special_p", "prob": 80 },
      { "item": "reloaded_38_special", "prob": 80 },
      { "item": "reloaded_38super_fmj", "prob": 40 },
      { "item": "reloaded_357mag_fmj", "prob": 30 },
      { "item": "reloaded_357mag_jhp", "prob": 30 },
      { "item": "reloaded_380_JHP", "prob": 10 },
      { "item": "reloaded_380_FMJ", "prob": 15 },
      { "item": "reloaded_380_p", "prob": 5 },
      { "item": "reloaded_357sig_fmj", "prob": 70 },
      { "item": "reloaded_357sig_jhp", "prob": 70 },
      { "item": "reloaded_40fmj", "prob": 20 },
      { "item": "reloaded_40sw", "prob": 50 },
      { "item": "reloaded_44magnum", "prob": 60 },
      { "item": "reloaded_44fmj", "prob": 30 },
      { "item": "reloaded_45_acp", "prob": 80 },
      { "item": "reloaded_45_jhp", "prob": 100 },
      { "item": "reloaded_45_super", "prob": 40 },
      { "item": "reloaded_46mm", "prob": 20 },
      { "item": "reloaded_454_Casull", "prob": 5 },
      { "item": "reloaded_45colt_jhp", "prob": 2 },
      { "item": "reloaded_45colt_fmj", "prob": 1 },
      { "item": "reloaded_45colt_cowboy", "prob": 4 },
      { "item": "bp_45colt_cowboy", "prob": 3 },
      { "item": "reloaded_500_Magnum", "prob": 5 },
      { "item": "reloaded_50ae_jhp", "prob": 5 },
      { "item": "reloaded_50ae_fmj", "prob": 5 },
      { "item": "reloaded_57mm", "prob": 50 },
      { "item": "reloaded_9mm", "prob": 160 },
      { "item": "reloaded_9mmfmj", "prob": 80 },
      { "item": "reloaded_9mmP", "prob": 80 },
      { "item": "reloaded_9mmP2", "prob": 40 },
      { "item": "reloaded_9x18mm", "prob": 20 },
      { "item": "reloaded_9x18mmfmj", "prob": 10 },
      { "item": "reloaded_9x18mmP2", "prob": 5 },
      { "item": "reloaded_762_25", "prob": 10 }
    ]
  },
  {
    "type": "item_group",
    "id": "ammo_smg_common",
    "//": "SMG ammo commonly owned by citizens and found in many locations.",
    "subtype": "distribution",
    "entries": [ { "group": "ammo_pistol_common", "prob": 100 } ]
  },
  {
    "type": "item_group",
    "id": "ammo_smg_rare",
    "//": "Less common SMGs including that only used by police/paramilitary forces.",
    "subtype": "distribution",
    "entries": [ { "group": "ammo_pistol_rare", "prob": 100 } ]
  },
  {
    "type": "item_group",
    "id": "ammo_smg_milspec",
    "//": "Military specification SMG ammo found at military sites.",
    "subtype": "distribution",
    "entries": [ { "group": "ammo_pistol_milspec", "prob": 100 } ]
  },
  {
    "type": "item_group",
    "id": "ammo_smg_obscure",
    "//": "Imported or otherwise very obscure SMG ammo.",
    "subtype": "distribution",
    "entries": [ { "group": "ammo_pistol_obscure", "prob": 100 } ]
  },
  {
    "type": "item_group",
    "id": "ammo_rifle_common",
    "//": "Rifle ammo commonly owned by citizens and found in many locations.",
    "subtype": "distribution",
    "entries": [
      { "item": "223", "prob": 60, "charges": [ 1, 30 ] },
      { "item": "22_lr", "prob": 210, "charges": [ 1, 80 ] },
      { "item": "22_ratshot", "prob": 1, "charges": [ 1, 100 ] },
      { "item": "270win_jsp", "prob": 25, "charges": [ 1, 20 ] },
      { "item": "3006", "prob": 19, "charges": [ 1, 20 ] },
      { "item": "3006_jsp", "prob": 6, "charges": [ 1, 20 ] },
      { "item": "308", "prob": 25, "charges": [ 1, 20 ] },
      { "item": "762_54R", "prob": 10, "charges": [ 1, 20 ] },
      { "item": "762_m87", "prob": 15, "charges": [ 1, 30 ] },
      { "item": "762_jhp", "prob": 5, "charges": [ 1, 30 ] },
      { "item": "30carbine_jsp", "prob": 7, "charges": [ 1, 20 ] },
      { "item": "30carbine", "prob": 13, "charges": [ 1, 50 ] }
    ]
  },
  {
    "type": "item_group",
    "id": "ammo_rifle_common_collection",
    "//": "Rifle ammo commonly owned by citizens and found in many locations.",
    "subtype": "collection",
    "entries": [
      { "item": "223", "prob": 40 },
      { "item": "22_lr", "prob": 150 },
      { "item": "22_ratshot", "prob": 1 },
      { "item": "270win_jsp", "prob": 25 },
      { "item": "3006", "prob": 25 },
      { "item": "3006_incendiary", "prob": 1 },
      { "item": "308", "prob": 25 },
      { "item": "30carbine", "prob": 20 }
    ]
  },
  {
    "type": "item_group",
    "id": "ammo_rifle_common_loose",
    "//": "Loose rifle ammo commonly owned by citizens and found in many locations.",
    "subtype": "collection",
    "entries": [
      { "item": "223", "prob": 10, "charges": [ 0, 6 ] },
      { "item": "22_lr", "prob": 65, "charges": [ 0, 6 ] },
      { "item": "22_ratshot", "prob": 1, "charges": [ 0, 6 ] },
      { "item": "270win_jsp", "prob": 2, "charges": [ 0, 6 ] },
      { "item": "3006", "prob": 9, "charges": [ 0, 6 ] },
      { "item": "3006_jsp", "prob": 3, "charges": [ 0, 6 ] },
      { "item": "308", "prob": 10, "charges": [ 0, 6 ] }
    ]
  },
  {
    "type": "item_group",
    "id": "ammo_rifle_rare",
    "//": "Less common rifle ammo including that only used by police/paramilitary forces.",
    "subtype": "distribution",
    "entries": [
      { "item": "300_winmag", "prob": 40 },
      { "item": "3006fmj", "prob": 50 },
      { "item": "303_bthp", "prob": 30 },
      { "item": "303_sp", "prob": 25 },
      { "item": "303_fmjbt", "prob": 25 },
      { "item": "77mm_arisaka_jsp", "prob": 10 },
      { "item": "223", "prob": 74 },
      { "item": "556", "prob": 25 },
      { "item": "556_m855a1", "prob": 1 },
      { "item": "556_mk262", "prob": 1 },
      { "item": "556_mk318", "prob": 1 },
      { "item": "556_m995", "prob": 1 },
      { "item": "762_51", "prob": 50 },
      { "item": "762_51_m993", "prob": 1 },
      { "item": "4570_sp", "prob": 40 },
      { "item": "4570_pen", "prob": 20 },
      { "item": "4570_low", "prob": 40 },
      { "item": "762_m87", "prob": 25 },
      { "item": "300blk", "prob": 15 },
      { "item": "300blk_ss", "prob": 10 },
      { "item": "50beowulf_xtp", "prob": 15 },
      { "item": "50beowulf_penetrator", "prob": 10 },
      { "item": "450_ftx", "prob": 20 },
      { "item": "450_penetrator", "prob": 15 },
      { "item": "338lapua_hpbt", "prob": 15 },
      { "item": "338lapua_fmjbt", "prob": 5 }
    ]
  },
  {
    "type": "item_group",
    "id": "ammo_rifle_rare_collection",
    "//": "Less common rifle ammo including that only used by police/paramilitary forces.",
    "subtype": "collection",
    "entries": [
      { "item": "300_winmag", "prob": 40 },
      { "item": "3006fmj", "prob": 50 },
      { "item": "303_bthp", "prob": 30 },
      { "item": "303_sp", "prob": 25 },
      { "item": "303_fmjbt", "prob": 25 },
      { "item": "77mm_arisaka_jsp", "prob": 10 },
      { "item": "556", "prob": 75 },
      { "item": "762_51", "prob": 75 },
      { "item": "4570_sp", "prob": 40 },
      { "item": "4570_pen", "prob": 20 },
      { "item": "4570_low", "prob": 40 },
      { "item": "762_m87", "prob": 25 },
      { "item": "8mm_caseless", "prob": 30 },
      { "item": "8mm_caseless", "prob": 30 },
      { "item": "8mm_caseless", "prob": 30 },
      { "item": "8mm_jhp", "prob": 10 },
      { "item": "300blk", "prob": 20 },
      { "item": "762_54R", "prob": 35 },
      { "item": "762_m87", "prob": 20 },
      { "item": "300blk_ss", "prob": 15 },
      { "item": "50beowulf_xtp", "prob": 15 },
      { "item": "50beowulf_penetrator", "prob": 10 },
      { "item": "450_ftx", "prob": 20 },
      { "item": "450_penetrator", "prob": 15 },
      { "item": "338lapua_hpbt", "prob": 15 },
      { "item": "338lapua_fmjbt", "prob": 15 }
    ]
  },
  {
    "type": "item_group",
    "id": "ammo_rifle_hunting",
    "//": "Ammo for hunting rifles found within hunting supply stores and related locations.",
    "subtype": "distribution",
    "entries": [
      { "item": "22_lr", "prob": 130, "charges": [ 1, 80 ] },
      { "item": "270win_jsp", "prob": 30, "charges": [ 1, 20 ] },
      { "item": "3006", "prob": 23, "charges": [ 1, 20 ] },
      { "item": "3006_jsp", "prob": 7, "charges": [ 1, 20 ] },
      { "item": "308", "prob": 30, "charges": [ 1, 20 ] },
      { "item": "762_51", "prob": 25 },
      { "item": "300_winmag", "prob": 25 },
      { "item": "4570_sp", "prob": 25 },
      { "item": "4570_pen", "prob": 25 },
      { "item": "4570_low", "prob": 25 },
      { "item": "50beowulf_xtp", "prob": 15 },
      { "item": "50beowulf_penetrator", "prob": 10 },
      { "item": "450_ftx", "prob": 25 },
      { "item": "450_penetrator", "prob": 15 },
      { "item": "338lapua_hpbt", "prob": 15 }
    ]
  },
  {
    "type": "item_group",
    "id": "ammo_rifle_milspec",
    "//": "Military specification rifle ammo found at military sites.",
    "subtype": "distribution",
    "entries": [
      { "item": "50_incendiary", "prob": 10 },
      { "item": "50bmg", "prob": 30 },
      { "item": "50match", "prob": 30 },
      { "item": "50ss", "prob": 10 },
      { "item": "50_mk211", "prob": 1 },
      { "item": "556_incendiary", "prob": 15 },
      { "item": "556_mk262", "prob": 3 },
      { "item": "556_mk318", "prob": 1 },
      { "item": "556", "prob": 79 },
      { "item": "556_m855a1", "prob": 2 },
      { "item": "556_m995", "prob": 2 },
      { "item": "762_51_incendiary", "prob": 10 },
      { "item": "762_51", "prob": 40 },
      { "item": "762_51_m993", "prob": 20 },
      { "item": "300blk", "prob": 15 },
      { "item": "300blk_ss", "prob": 10 },
      { "item": "338lapua_fmjbt", "prob": 15 },
      { "item": "338lapua_api", "prob": 15 }
    ]
  },
  {
    "type": "item_group",
    "id": "ammo_rifle_obscure",
    "//": "Imported or otherwise very obscure rifle ammo.",
    "subtype": "distribution",
    "entries": [ { "item": "545", "prob": 150 }, { "item": "545_ap", "prob": 100 }, { "item": "458wm", "prob": 70 } ]
  },
  {
    "type": "item_group",
    "id": "ammo_rifle_obscure_collection",
    "//": "Imported or otherwise very obscure rifle ammo.",
    "subtype": "collection",
    "entries": [ { "item": "545", "prob": 75 }, { "item": "545_ap", "prob": 50 }, { "item": "458wm", "prob": 35 } ]
  },
  {
    "type": "item_group",
    "id": "ammo_rifle_reloaded",
    "//": "Reloaded rifle ammo balanced according to rarity.",
    "subtype": "distribution",
    "entries": [
      { "item": "reloaded_223", "prob": 60 },
      { "item": "reloaded_22_fmj", "prob": 20 },
      { "item": "reloaded_22_lr", "prob": 70 },
      { "item": "reloaded_270win_jsp", "prob": 15 },
      { "item": "reloaded_300_winmag", "prob": 15 },
      { "item": "reloaded_3006", "prob": 54 },
      { "item": "reloaded_3006_jsp", "prob": 16 },
      { "item": "reloaded_30carbine", "prob": 35 },
      { "item": "reloaded_308", "prob": 40 },
      { "item": "reloaded_556", "prob": 10 },
      { "item": "reloaded_556_incendiary", "prob": 5 },
      { "item": "reloaded_4570_sp", "prob": 15 },
      { "item": "reloaded_4570_pen", "prob": 5 },
      { "item": "reloaded_4570_low", "prob": 15 },
      { "item": "reloaded_4570_bp", "prob": 10 },
      { "item": "reloaded_762_51", "prob": 10 },
      { "item": "reloaded_762_51_incendiary", "prob": 5 },
      { "item": "reloaded_762_54R", "prob": 40 },
      { "item": "reloaded_762_m87", "prob": 2 },
      { "item": "reloaded_300blk", "prob": 10 },
      { "item": "reloaded_50beowulf_xtp", "prob": 10 },
      { "item": "reloaded_50beowulf_penetrator", "prob": 5 },
      { "item": "reloaded_450_ftx", "prob": 10 },
      { "item": "reloaded_450_penetrator", "prob": 5 },
      { "item": "reloaded_338lapua_hpbt", "prob": 5 },
      { "item": "reloaded_77mm_arisaka_jsp", "prob": 10 },
      { "item": "reloaded_303", "prob": 20 },
      { "item": "reloaded_303sp", "prob": 5 },
      { "item": "reloaded_303fmj", "prob": 5 }
    ]
  },
  {
    "type": "item_group",
    "id": "ammo_shotgun_common",
    "//": "Shotgun ammo commonly owned by citizens and found in many locations.",
    "subtype": "distribution",
    "entries": [
      { "item": "shot_00", "prob": 200, "charges": [ 1, 20 ] },
      { "item": "shot_bird", "prob": 140, "charges": [ 1, 20 ] },
      { "item": "shot_slug", "prob": 140, "charges": [ 1, 20 ] },
      { "item": "410shot_slug", "prob": 3, "charges": [ 1, 20 ] },
      { "item": "410shot_000", "prob": 4, "charges": [ 1, 20 ] },
      { "item": "410shot_bird", "prob": 19, "charges": [ 1, 20 ] }
    ]
  },
  {
    "type": "item_group",
    "id": "ammo_shotgun_common_collection",
    "//": "Shotgun ammo commonly owned by citizens and found in many locations.",
    "subtype": "collection",
    "entries": [
      { "item": "shot_00", "prob": 200 },
      { "item": "shot_bird", "prob": 140 },
      { "item": "shot_slug", "prob": 140 },
      { "item": "410shot_slug", "prob": 3 },
      { "item": "410shot_000", "prob": 4 },
      { "item": "410shot_bird", "prob": 19 }
    ]
  },
  {
    "type": "item_group",
    "id": "ammo_shotgun_common_loose",
    "//": "Loose shotgun ammo commonly owned by citizens and found in many locations.",
    "subtype": "collection",
    "entries": [
      { "item": "shot_00", "prob": 200, "charges": [ 0, 4 ] },
      { "item": "shot_bird", "prob": 140, "charges": [ 0, 4 ] },
      { "item": "shot_slug", "prob": 140, "charges": [ 0, 4 ] },
      { "item": "410shot_slug", "prob": 3, "charges": [ 0, 4 ] },
      { "item": "410shot_000", "prob": 4, "charges": [ 0, 4 ] },
      { "item": "410shot_bird", "prob": 19, "charges": [ 0, 4 ] }
    ]
  },
  {
    "type": "item_group",
    "id": "ammo_shotgun_rare",
    "//": "Less common shotgun ammo including that only used by police/paramilitary forces.",
    "subtype": "distribution",
    "entries": [ { "item": "shot_dragon", "prob": 10 }, { "item": "shot_beanbag", "prob": 20 } ]
  },
  {
    "type": "item_group",
    "id": "ammo_shotgun_rare_collection",
    "//": "Less common shotgun ammo including that only used by police/paramilitary forces.",
    "subtype": "collection",
    "entries": [ { "item": "shot_dragon", "prob": 20 }, { "item": "shot_beanbag", "prob": 40 } ]
  },
  {
    "type": "item_group",
    "id": "ammo_shotgun_milspec",
    "//": "Military specification shotgun ammo found at military sites.",
    "subtype": "distribution",
    "entries": [ { "item": "shot_he", "prob": 10 } ]
  },
  {
    "type": "item_group",
    "id": "ammo_shotgun_reloaded",
    "//": "Reloaded shotgun ammo balanced according to rarity.",
    "subtype": "distribution",
    "entries": [
      { "item": "reloaded_shot_00", "prob": 200 },
      { "item": "reloaded_shot_bird", "prob": 30 },
      { "item": "reloaded_shot_dragon", "prob": 20 },
      { "item": "reloaded_shot_flechette", "prob": 5 },
      { "item": "reloaded_shot_slug", "prob": 30 },
      { "item": "shot_scrap", "prob": 80 }
    ]
  },
  {
    "type": "item_group",
    "id": "ammo_launcher_grenade",
    "//": "Factory specification grenade launcher ammo intended for military use",
    "subtype": "distribution",
    "entries": [
      { "item": "40x53mm_m1001", "prob": 10 },
      { "item": "40x46mm_m433", "prob": 120 },
      { "item": "40x53mm_m430a1", "prob": 75 },
      { "item": "40x46mm_m576", "prob": 15 },
      { "item": "40x46mm_m651", "prob": 20 }
    ]
  },
  {
    "type": "item_group",
    "id": "ammo_launcher_grenade_adapter",
    "//": "Adapters for firing multiples of civilian legal ammo from a greneade launcher",
    "subtype": "distribution",
    "entries": [ { "item": "40x46mm_hornets_nest_22lr", "prob": 50 }, { "item": "40x46mm_hornets_nest_410", "prob": 50 } ]
  },
  {
    "type": "item_group",
    "id": "ammo_common",
    "//": "Common ammo for guns typically owned by citizens.",
    "subtype": "distribution",
    "entries": [
      { "group": "ammo_pistol_common", "prob": 100 },
      { "group": "ammo_rifle_common", "prob": 50 },
      { "group": "ammo_shotgun_common", "prob": 50 }
    ]
  },
  {
    "type": "item_group",
    "id": "ammo_common_collection",
    "//": "Common ammo for guns typically owned by citizens.",
    "subtype": "collection",
    "entries": [
      { "group": "ammo_pistol_common_collection", "prob": 75 },
      { "group": "ammo_rifle_common_collection", "prob": 55 },
      { "group": "ammo_shotgun_common_collection", "prob": 25 }
    ]
  },
  {
    "type": "item_group",
    "id": "loose_ammo",
    "//": "Common ammo for guns typically owned by citizens.",
    "subtype": "collection",
    "entries": [
      { "group": "ammo_pistol_common_loose", "prob": 75 },
      { "group": "ammo_rifle_common_loose", "prob": 55 },
      { "group": "ammo_shotgun_common_loose", "prob": 25 }
    ]
  },
  {
    "type": "item_group",
    "id": "ammo_rare",
    "//": "Less common ammo including that only used by police/paramilitary forces",
    "subtype": "distribution",
    "entries": [
      { "group": "ammo_pistol_rare", "prob": 75 },
      { "group": "ammo_rifle_rare", "prob": 50 },
      { "group": "ammo_shotgun_rare", "prob": 25 }
    ]
  },
  {
    "type": "item_group",
    "id": "ammo_rare_collection",
    "//": "Less common ammo including that only used by police/paramilitary forces",
    "subtype": "collection",
    "entries": [
      { "group": "ammo_pistol_rare_collection", "prob": 100 },
      { "group": "ammo_rifle_rare_collection", "prob": 50 },
      { "group": "ammo_shotgun_rare_collection", "prob": 50 }
    ]
  },
  {
    "type": "item_group",
    "id": "ammo_milspec",
    "//": "Military specification ammo found at military sites.",
    "subtype": "distribution",
    "entries": [
      { "group": "ammo_pistol_milspec", "prob": 50 },
      { "group": "ammo_rifle_milspec", "prob": 200 },
      { "group": "ammo_shotgun_milspec", "prob": 30 },
      { "group": "ammo_launcher_grenade", "prob": 30 }
    ]
  },
  {
    "type": "item_group",
    "id": "ammo_obscure",
    "//": "Imported or otherwise very obscure ammo.",
    "subtype": "distribution",
    "entries": [
      { "group": "ammo_pistol_obscure", "prob": 100 },
      { "group": "ammo_rifle_obscure", "prob": 100 },
      { "group": "ammo_launcher_grenade_adapter", "prob": 5 }
    ]
  },
  {
    "type": "item_group",
    "id": "ammo_obscure_collection",
    "//": "Imported or otherwise very obscure ammo.",
    "subtype": "collection",
    "entries": [
      { "group": "ammo_pistol_obscure_collection", "prob": 85 },
      { "group": "ammo_rifle_obscure_collection", "prob": 25 },
      { "group": "ammo_launcher_grenade_adapter", "prob": 1 }
    ]
  },
  {
    "type": "item_group",
    "id": "ammo_reloaded",
    "//": "Reloaded ammo balanced according to rarity.",
    "subtype": "distribution",
    "entries": [
      { "group": "ammo_pistol_reloaded", "prob": 90 },
      { "group": "ammo_rifle_reloaded", "prob": 100 },
      { "group": "ammo_shotgun_reloaded", "prob": 20 }
    ]
  },
  {
    "type": "item_group",
    "id": "ammo_parts",
    "//": "Raw materials for assembling ammo excluding casings.",
    "subtype": "distribution",
    "entries": [
      { "item": "gunpowder_shotgun", "prob": 20 },
      { "item": "gunpowder_pistol", "prob": 105 },
      { "item": "gunpowder_magnum_pistol", "prob": 60 },
      { "item": "gunpowder_rifle", "prob": 85 },
      { "item": "gunpowder_large_rifle", "prob": 40 },
      { "item": "gunpowder_artillery", "prob": 5 },
      { "item": "incendiary", "prob": 20 },
      { "item": "copper", "prob": 160 },
      { "item": "lead", "prob": 160 },
      { "item": "shotgun_primer", "prob": 80 },
      { "item": "smpistol_primer", "prob": 80 },
      { "item": "smrifle_primer", "prob": 80 },
      { "item": "lgpistol_primer", "prob": 40 },
      { "item": "lgrifle_primer", "prob": 40 }
    ]
  },
  {
    "type": "item_group",
    "id": "ammo_cop",
    "//": "Ammo for police issue firearms.",
    "subtype": "distribution",
    "entries": [
      { "item": "223", "prob": 30, "charges": [ 1, 30 ] },
      { "item": "3006", "prob": 10, "charges": [ 1, 20 ] },
      { "item": "40sw", "prob": 50, "charges": [ 1, 40 ] },
      { "item": "45_acp", "prob": 20, "charges": [ 1, 30 ] },
      { "item": "57mm", "prob": 80, "charges": [ 1, 40 ] },
      { "item": "57mm_ss", "prob": 25, "charges": [ 1, 40 ] },
      { "item": "9mm", "prob": 100, "charges": [ 1, 50 ] },
      { "item": "shot_00", "prob": 40, "charges": [ 1, 20 ] },
      { "item": "shot_beanbag", "prob": 40, "charges": [ 1, 10 ] }
    ]
  },
  {
    "type": "item_group",
    "id": "ammo_swat",
    "//": "Ammo issued to paramilitary forces in addition to standard police issue.",
    "subtype": "distribution",
    "entries": [
      { "group": "ammo_cop", "prob": 100 },
      { "item": "300_winmag", "prob": 5, "charges": [ 1, 10 ] },
      { "item": "3006fmj", "prob": 2, "charges": [ 1, 20 ] },
      { "item": "40x46mm_m433", "prob": 5, "charges": [ 1, 6 ] },
      { "item": "40x46mm_m651", "prob": 20, "charges": [ 1, 6 ] },
      { "item": "556", "prob": 10, "charges": [ 1, 30 ] },
      { "item": "shot_slug", "prob": 20, "charges": [ 1, 20 ] }
    ]
  },
  {
    "id": "ammo_casings",
    "type": "item_group",
    "subtype": "distribution",
    "entries": [
      { "item": "10mm_casing", "prob": 60 },
      { "item": "22_casing", "prob": 80 },
      { "item": "223_casing", "prob": 100 },
      { "item": "270win_casing", "prob": 60 },
      { "item": "300_casing", "prob": 80 },
      { "item": "3006_casing", "prob": 80 },
      { "item": "308_casing", "prob": 80 },
      { "item": "32_casing", "prob": 80 },
      { "item": "357mag_casing", "prob": 80 },
      { "item": "357sig_casing", "prob": 60 },
      { "item": "38_casing", "prob": 80 },
      { "item": "38super_casing", "prob": 80 },
      { "item": "380_casing", "prob": 80 },
      { "item": "40_casing", "prob": 80 },
      { "item": "410shot_hull", "prob": 60 },
      { "item": "44_casing", "prob": 80 },
      { "item": "45_casing", "prob": 80 },
      { "item": "454_casing", "prob": 60 },
      { "item": "4570_casing", "prob": 60 },
      { "item": "46mm_casing", "prob": 60 },
      { "item": "50_casing", "prob": 60 },
      { "item": "500_casing", "prob": 60 },
      { "item": "50ae_casing", "prob": 60 },
      { "item": "545_casing", "prob": 60 },
      { "item": "50beowulf_casing", "prob": 45 },
      { "item": "450_casing", "prob": 45 },
      { "item": "338lapua_casing", "prob": 45 },
      { "item": "303_casing", "prob": 45 },
      { "item": "77arisaka_casing", "prob": 45 },
      { "item": "57mm_casing", "prob": 60 },
      { "item": "458wm_casing", "prob": 40 },
      { "item": "762_casing", "prob": 80 },
      { "item": "762_25_casing", "prob": 60 },
      { "item": "762_51_casing", "prob": 80 },
      { "item": "762R_casing", "prob": 60 },
      { "item": "9mm_casing", "prob": 100 },
      { "item": "9x18mm_casing", "prob": 80 },
      { "item": "shot_hull", "prob": 100 },
      { "item": "300blk_casing", "prob": 80 },
      { "item": "30carbine_casing", "prob": 60 }
    ]
  },
  {
    "id": "ammo_casings_milspec",
    "//": "Casings for setpieces implying military shootouts",
    "type": "item_group",
    "subtype": "distribution",
    "entries": [
      { "item": "9mm_casing", "prob": 50, "count": [ 1, 8 ] },
      { "item": "46mm_casing", "prob": 10, "count": [ 1, 8 ] },
      { "item": "223_casing", "prob": 300, "count": [ 1, 30 ] },
      { "item": "762_51_casing", "prob": 25, "count": [ 1, 30 ] },
      { "item": "762_casing", "prob": 25, "count": [ 1, 30 ] },
      { "item": "50_casing", "prob": 25, "count": [ 1, 3 ] },
      { "item": "shot_hull", "prob": 50, "count": [ 1, 3 ] }
    ]
  },
  {
    "id": "ammo_casings_gunsmith",
    "//": "Casings found in prepper/gunsmith locations, including primed casings",
    "type": "item_group",
    "subtype": "distribution",
    "entries": [ { "group": "ammo_casings", "prob": 98 }, { "item": "22_casing_new", "prob": 2 } ]
  },
  {
    "id": "casings",
    "//": "casings list for shooting range.",
    "type": "item_group",
    "items": [
      [ "9mm_casing", 100 ],
      [ "22_casing", 95 ],
      [ "38_casing", 75 ],
      [ "40_casing", 80 ],
      [ "44_casing", 35 ],
      [ "45_casing", 65 ],
      [ "454_casing", 10 ],
      [ "500_casing", 10 ],
      [ "50ae_casing", 10 ],
      [ "57mm_casing", 10 ],
      [ "46mm_casing", 10 ],
      [ "762_casing", 85 ],
      [ "762_51_casing", 50 ],
      [ "223_casing", 85 ],
      [ "3006_casing", 40 ],
      [ "308_casing", 50 ],
      [ "50_casing", 30 ],
      [ "458wm_casing", 10 ],
      [ "300_casing", 60 ],
      [ "762R_casing", 10 ],
      [ "32_casing", 70 ],
      [ "30carbine_casing", 40 ]
    ]
  },
  {
    "id": "ammo_casings_gunsmith_bulk",
    "type": "item_group",
    "subtype": "distribution",
    "entries": [
      { "group": "ammo_casings_gunsmith", "prob": 25, "charges": 50 },
      { "group": "ammo_casings_gunsmith", "prob": 10, "charges": 100 },
      { "group": "ammo_casings_gunsmith", "prob": 2, "charges": 250 },
      { "group": "ammo_casings_gunsmith", "prob": 1, "charges": 500 }
    ]
  },
  {
    "type": "item_group",
    "id": "ammo_light_batteries",
    "subtype": "distribution",
    "entries": [
      { "item": "light_battery_cell", "prob": 25, "charges": [ 0, 100 ] },
      { "item": "light_minus_battery_cell", "prob": 12, "charges": [ 0, 50 ] },
      { "item": "light_battery_cell", "prob": 9, "charges": [ 0, 150 ] },
      { "item": "light_battery_cell", "prob": 50, "charges": [ 0, 300 ] }
    ]
  },
  {
    "type": "item_group",
    "id": "ammo_light_batteries_full",
    "items": [
      { "item": "light_battery_cell", "prob": 25, "charges": 100 },
      { "item": "light_minus_battery_cell", "prob": 12, "charges": 50 },
      { "item": "light_battery_cell", "prob": 9, "charges": 150 },
      { "item": "light_battery_cell", "prob": 50, "charges": 300 }
    ]
  },
  {
    "type": "item_group",
    "id": "ammo_medium_batteries",
    "subtype": "distribution",
    "entries": [ { "item": "medium_battery_cell", "prob": 40, "charges": [ 0, 500 ] } ]
  },
  {
    "type": "item_group",
    "id": "ammo_medium_batteries_full",
    "subtype": "distribution",
    "entries": [ { "item": "medium_battery_cell", "prob": 40, "charges": 500 } ]
  },
  {
    "type": "item_group",
    "id": "ammo_heavy_batteries",
    "subtype": "distribution",
    "entries": [
      { "item": "heavy_battery_cell", "prob": 40, "charges": [ 0, 1000 ] },
      { "item": "heavy_plus_battery_cell", "prob": 80, "charges": [ 0, -1 ] }
    ]
  },
  {
    "type": "item_group",
    "id": "ammo_heavy_batteries_full",
    "subtype": "distribution",
    "entries": [
      { "item": "heavy_battery_cell", "prob": 40, "charges": 1000 },
      { "item": "heavy_plus_battery_cell", "prob": 80, "charges": 2500 }
    ]
  },
  {
    "type": "item_group",
    "id": "ammo_any_batteries_full",
    "subtype": "distribution",
    "entries": [
      { "group": "ammo_light_batteries_full", "prob": 5 },
      { "group": "ammo_medium_batteries_full", "prob": 5 },
      { "group": "ammo_heavy_batteries_full", "prob": 5 }
    ]
  },
  {
    "type": "item_group",
    "id": "ammo_any_batteries",
    "subtype": "distribution",
    "entries": [
      { "group": "ammo_light_batteries", "prob": 5 },
      { "group": "ammo_medium_batteries", "prob": 5 },
      { "group": "ammo_heavy_batteries", "prob": 5 }
    ]
  },
  {
    "type": "item_group",
    "id": "ammo_pocket_batteries",
    "subtype": "distribution",
    "entries": [ { "group": "ammo_light_batteries", "prob": 10 }, { "group": "ammo_medium_batteries", "prob": 1 } ]
  },
  {
    "type": "item_group",
    "id": "ammo_pocket_batteries_full",
    "subtype": "distribution",
    "entries": [ { "group": "ammo_light_batteries_full", "prob": 5 }, { "group": "ammo_medium_batteries_full", "prob": 5 } ]
  },
  {
    "type": "item_group",
    "id": "ammo_cannon",
    "subtype": "distribution",
    "entries": [ { "item": "cannon_shot", "prob": 100 } ]
  },
  {
    "type": "item_group",
    "id": "ammo_hunting",
    "subtype": "distribution",
    "entries": [
      { "group": "ammo_pistol_hunting", "prob": 100 },
      { "group": "ammo_rifle_hunting", "prob": 100 },
      { "group": "ammo_shotgun_common", "prob": 100 }
    ]
  }
]
