[
  {
    "type": "item_group",
    "id": "guns_pistol_common",
    "magazine": 100,
    "//": "Pistols that are reasonably prolific amongst civilians, commonly owned and reliably obtainable by citizens and that are found in many locations.",
    "//2": "Making the assumption any loaded gun will have additional ammo and mags with it.",
    "items": [
      { "group": "guns_pistol_common_9mm", "prob": 74 },
      { "group": "guns_pistol_common_22", "prob": 64 },
      { "group": "guns_pistol_common_45", "prob": 20 },
      { "group": "guns_pistol_common_380", "prob": 28 },
      { "group": "guns_pistol_common_40", "prob": 19 },
      { "group": "guns_pistol_common_357mag", "prob": 12 },
      { "group": "guns_pistol_common_38", "prob": 11 },
      { "group": "guns_pistol_common_44", "prob": 1 },
      { "group": "guns_pistol_common_10mm", "prob": 1 },
      { "group": "guns_pistol_common_762_39", "prob": 2 },
      { "group": "guns_pistol_common_223", "prob": 33 },
      { "group": "guns_pistol_common_300", "prob": 8 },
      { "group": "guns_pistol_common_57", "prob": 2 },
      { "group": "guns_pistol_common_32", "prob": 1 },
      { "group": "guns_pistol_common_45colt", "prob": 1 },
      { "group": "guns_pistol_common_38super", "prob": 1 },
      { "group": "guns_pistol_common_other", "prob": 2 }
    ]
  },
  {
    "type": "item_group",
    "subtype": "distribution",
    "id": "guns_pistol_common_everyday_carry",
    "magazine": 100,
    "//": "pistols with ammo loaded and ready for use but no additional magazines.",
    "items": [
      { "group": "guns_pistol_common_everyday_carry_9mm", "prob": 92 },
      { "group": "guns_pistol_common_everyday_carry_22", "prob": 73 },
      { "group": "guns_pistol_common_everyday_carry_45", "prob": 21 },
      { "group": "guns_pistol_common_everyday_carry_380", "prob": 28 },
      { "group": "guns_pistol_common_everyday_carry_40", "prob": 13 },
      { "group": "guns_pistol_common_everyday_carry_357mag", "prob": 4 },
      { "group": "guns_pistol_common_everyday_carry_38", "prob": 8 },
      { "group": "guns_pistol_common_everyday_carry_44", "prob": 1 },
      { "group": "guns_pistol_common_everyday_carry_10mm", "prob": 1 },
      { "group": "guns_pistol_common_everyday_carry_32", "prob": 2 },
      { "group": "guns_pistol_common_everyday_carry_57", "prob": 2 },
      { "group": "guns_pistol_common_everyday_carry_38super", "prob": 2 }
    ]
  },
  {
    "type": "item_group",
    "subtype": "distribution",
    "id": "guns_pistol_common_display",
    "//": "Empty and reasonably common pistols found exclusively in gun stores.",
    "items": [
      { "group": "guns_pistol_common_display_9mm", "prob": 74 },
      { "group": "guns_pistol_common_display_22", "prob": 64 },
      { "group": "guns_pistol_common_display_45", "prob": 20 },
      { "group": "guns_pistol_common_display_380", "prob": 28 },
      { "group": "guns_pistol_common_display_40", "prob": 19 },
      { "group": "guns_pistol_common_display_357mag", "prob": 12 },
      { "group": "guns_pistol_common_display_38", "prob": 11 },
      { "group": "guns_pistol_common_display_44", "prob": 1 },
      { "group": "guns_pistol_common_display_45colt", "prob": 5 },
      { "group": "guns_pistol_common_display_10mm", "prob": 1 },
      { "group": "guns_pistol_common_display_762_39", "prob": 1 },
      { "group": "guns_pistol_common_display_223", "prob": 17 },
      { "group": "guns_pistol_common_display_300", "prob": 8 },
      { "group": "guns_pistol_common_display_57", "prob": 2 },
      { "group": "guns_pistol_common_display_32", "prob": 1 },
      { "group": "guns_pistol_common_display_38super", "prob": 1 },
      { "group": "guns_pistol_common_display_other", "prob": 2 }
    ]
  },
  {
    "type": "item_group",
    "subtype": "distribution",
    "id": "guns_pistol_hunting_display",
    "//": "Handguns used for hunting, anything from bunnies to bison.  Unloaded and without magazines.",
    "//2": "These numbers are mostly guesses and some scaled-down numbers.  If there's better info on hunting calibers please change",
    "items": [
      { "group": "guns_pistol_common_display_22", "prob": 20 },
      { "group": "guns_pistol_common_display_44", "prob": 20 },
      { "group": "guns_pistol_common_display_357mag", "prob": 45 },
      { "group": "guns_pistol_common_display_10mm", "prob": 4 },
      { "item": "bfr", "prob": 4 },
      { "item": "raging_bull", "prob": 4 },
      { "item": "sw_500", "prob": 7 },
      { "group": "modular_deagle_50", "prob": 2 }
    ]
  },
  {
    "type": "item_group",
    "id": "guns_pistol_milspec",
    "//": "US military specification pistols only ever found at military sites. These weapons must be pistols that are still in current inventory, and are still being issued in some capacity to American personnel.",
    "//2": "Making the assumption any loaded gun will have additional ammo and mags with it.",
    "items": [
      { "group": "nested_glock_18c", "prob": 40 },
      { "group": "nested_glock_19", "prob": 30 },
      { "group": "nested_m17", "prob": 100 },
      { "group": "nested_m18", "prob": 100 },
      { "group": "nested_usp_45_mk23", "prob": 5 },
      { "group": "nested_m1911_MEU", "prob": 5 }
    ]
  },
  {
    "type": "item_group",
    "subtype": "distribution",
    "id": "guns_pistol_display_pieces",
    "magazine": 100,
    "//": "Pistols that are sought after but with little or no historical value.  Think of magnum handguns, stuff made famous by movies, guns that \"look cool\".  Should all be unloaded, but with magazines as these are display pieces.",
    "items": [
      { "item": "colt_python", "prob": 30 },
      { "item": "chiappa_rhino", "prob": 20 },
      { "item": "colt_anaconda_4", "prob": 40 },
      { "item": "colt_anaconda_6", "prob": 20 },
      { "item": "colt_anaconda_8", "prob": 40 },
      { "group": "modular_deagle_357", "prob": 4, "charges": 0 },
      { "group": "modular_deagle_44", "prob": 20, "charges": 0 },
      { "group": "modular_deagle_50", "prob": 40, "charges": 0 },
      { "item": "draco", "prob": 10, "charges": 0 },
      { "item": "draco_mini", "prob": 30, "charges": 0 },
      { "item": "draco_micro", "prob": 40, "charges": 0 },
      { "item": "raging_bull", "prob": 20 },
      { "item": "taurus_judge", "prob": 10 },
      { "item": "hk_mp5_semi_pistol", "prob": 100, "charges": 0 },
      { "item": "sw_500", "prob": 50 },
      { "item": "bfr", "prob": 10 },
      { "item": "draco_9mm", "prob": 10, "charges": 0 }
    ]
  },
  {
    "type": "item_group",
    "id": "guns_pistol_collectible",
    "items": [
      { "item": "mauser_c96", "prob": 12, "contents-group": "c96_mods" },
      { "item": "colt_navy", "prob": 2 },
      { "item": "colt_army", "prob": 6 },
      { "item": "colt_saa", "variant": "colt_saa", "prob": 50 },
      { "item": "p08", "prob": 18 },
      { "item": "m1911", "prob": 65 },
      { "item": "makarov", "prob": 10 },
      { "item": "model_10_revolver", "prob": 20 },
      { "item": "tokarev", "prob": 6 }
    ]
  },
  {
    "type": "item_group",
    "id": "guns_nfa",
    "//": "Fully automatic firearms.  Should not spawn anywhere commonly.",
    "//2": "Making the assumption any loaded gun will have additional ammo and mags with it.",
    "items": [
      { "group": "nested_m2carbine", "prob": 4 },
      { "group": "nested_hk_mp5", "prob": 5 },
      { "group": "nested_tommygun", "prob": 5 },
      { "group": "nested_uzi", "prob": 11 },
      { "group": "nested_mac_10", "prob": 9 },
      { "group": "nested_mac_11", "prob": 13 }
    ]
  },
  {
    "type": "item_group",
    "id": "guns_smg_milspec",
    "//": "Military specification SMGs only ever found at military sites.",
    "items": [
      { "group": "nested_hk_mp7", "prob": 5 },
      { "group": "nested_hk_mp5", "prob": 100 },
      { "group": "nested_hk_mp5k", "prob": 10 },
      { "group": "nested_hk_mp5sd", "prob": 5 }
    ]
  },
  {
    "type": "item_group",
    "id": "guns_smg_improvised",
    "//": "Makeshift or otherwise poor quality SMGs.",
    "items": [
      { "item": "smg_40", "prob": 40, "charges": [ 0, 20 ] },
      { "item": "smg_45", "prob": 40, "charges": [ 0, 20 ] },
      { "item": "smg_9mm", "prob": 100, "charges": [ 0, 20 ] }
    ]
  },
  {
    "type": "item_group",
    "id": "guns_rifle_common",
    "magazine": 100,
    "//": "Rifles commonly owned by citizens and found in many locations.",
    "//2": "Making the assumption any loaded gun will have additional ammo and mags with it.",
    "items": [
      { "group": "guns_rifle_common_22", "prob": 1760 },
      { "group": "guns_rifle_common_223", "prob": 1000 },
      { "group": "guns_rifle_common_308", "prob": 320 },
      { "group": "guns_rifle_common_45acp", "prob": 271 },
      { "group": "guns_rifle_common_762", "prob": 230 },
      { "group": "guns_rifle_common_9mm", "prob": 180 },
      { "group": "guns_rifle_common_3006", "prob": 149 },
      { "group": "guns_rifle_common_357", "prob": 108 },
      { "group": "guns_rifle_common_44", "prob": 81 },
      { "group": "guns_rifle_common_762R", "prob": 70 },
      { "group": "guns_rifle_common_270win", "prob": 57 },
      { "group": "guns_rifle_common_300winmag", "prob": 32 },
      { "group": "guns_rifle_common_380", "prob": 24 },
      { "group": "guns_rifle_common_300blk", "prob": 19 },
      { "group": "guns_rifle_common_4570", "prob": 18 },
      { "group": "guns_rifle_common_30carbine", "prob": 17 },
      { "group": "guns_rifle_common_303", "prob": 16 },
      { "group": "guns_rifle_common_338", "prob": 14 },
      { "group": "guns_rifle_common_450", "prob": 3 },
      { "group": "guns_rifle_common_50beowulf", "prob": 3 },
      { "group": "guns_rifle_common_57", "prob": 3 },
      { "group": "guns_rifle_common_545", "prob": 3 },
      { "group": "guns_rifle_common_7mm_arisaka", "prob": 2 }
    ]
  },
  {
    "type": "item_group",
    "id": "guns_rifle_common_worn",
    "//": "Rifles commonly owned by citizens and found in many locations.",
    "//2": "This is for worn items so ammo should be handled elsewhere so that mods can be added directly.",
    "items": [ { "group": "guns_rifle_common_display", "charges": [ 1, 30 ] } ]
  },
  {
    "type": "item_group",
    "subtype": "distribution",
    "id": "guns_rifle_common_display",
    "//": "Empty rifles commonly found in gun stores.",
    "items": [
      { "group": "guns_rifle_common_display_22", "prob": 1760 },
      { "group": "guns_rifle_common_display_223", "prob": 1000 },
      { "group": "guns_rifle_common_display_308", "prob": 320 },
      { "group": "guns_rifle_common_display_45acp", "prob": 271 },
      { "group": "guns_rifle_common_display_762", "prob": 230 },
      { "group": "guns_rifle_common_display_9mm", "prob": 180 },
      { "group": "guns_rifle_common_display_3006", "prob": 149 },
      { "group": "guns_rifle_common_display_357", "prob": 108 },
      { "group": "guns_rifle_common_display_44", "prob": 81 },
      { "group": "guns_rifle_common_display_762R", "prob": 70 },
      { "group": "guns_rifle_common_display_270win", "prob": 57 },
      { "group": "guns_rifle_common_display_300winmag", "prob": 32 },
      { "group": "guns_rifle_common_display_380", "prob": 24 },
      { "group": "guns_rifle_common_display_300blk", "prob": 19 },
      { "group": "guns_rifle_common_display_4570", "prob": 18 },
      { "group": "guns_rifle_common_display_30carbine", "prob": 17 },
      { "group": "guns_rifle_common_display_303", "prob": 16 },
      { "group": "guns_rifle_common_display_338", "prob": 14 },
      { "group": "guns_rifle_common_display_450", "prob": 3 },
      { "group": "guns_rifle_common_display_50beowulf", "prob": 3 },
      { "group": "guns_rifle_common_display_57", "prob": 3 },
      { "group": "guns_rifle_common_display_545", "prob": 3 },
      { "group": "guns_rifle_common_display_7mm_arisaka", "prob": 2 }
    ]
  },
  {
    "type": "item_group",
    "subtype": "distribution",
    "id": "guns_rifle_display_pieces",
    "magazine": 100,
    "//": "Rifles that are sought after but with little or no historical value.  Think of AKs, stuff made famous by movies, guns that \"look cool\".  Should all be unloaded, but with magazines as these are display pieces.",
    "items": [
      { "item": "sl8", "prob": 20, "charges": 0 },
      { "item": "win70_458", "prob": 15 },
      { "item": "sig_assault_rifle", "prob": 4, "charges": 0 },
      { "item": "aksemi", "prob": 100, "charges": 0 }
    ]
  },
  {
    "type": "item_group",
    "subtype": "distribution",
    "id": "guns_rifle_collectible",
    "//": "Rifles that are sought after, and that have historical value, such as M1 Garand, Mosin Nagant.  These weapons are always unloaded.",
    "items": [
      { "item": "type99", "prob": 2 },
      { "item": "type99_sniper", "prob": 2 },
      { "item": "smle_mk3", "prob": 16 },
      { "item": "garand", "prob": 80 },
      { "item": "m1carbine", "prob": 50 },
      { "item": "mosin91_30", "prob": 25 },
      { "item": "mosin44", "prob": 20 },
      { "item": "m1903", "prob": 60 },
      { "item": "number4_mki", "prob": 16 }
    ]
  },
  {
    "type": "item_group",
    "subtype": "distribution",
    "id": "guns_rifle_hunting_display",
    "//": "Empty civilian hunting rifles found within hunting supply stores and other related locations.",
    "//2": "These numbers are mostly guesses and some scaled-down numbers.  If there's better info on hunting calibers please change",
    "items": [
      { "group": "guns_rifle_common_display_22", "prob": 176 },
      { "group": "guns_rifle_common_display_223", "prob": 100 },
      { "group": "guns_rifle_common_display_308", "prob": 320 },
      { "group": "guns_rifle_common_display_762", "prob": 115 },
      { "group": "guns_rifle_common_display_3006", "prob": 149 },
      { "group": "guns_rifle_common_display_44", "prob": 8 },
      { "group": "guns_rifle_common_display_762R", "prob": 70 },
      { "group": "guns_rifle_common_display_270win", "prob": 57 },
      { "group": "guns_rifle_common_display_300winmag", "prob": 32 },
      { "group": "guns_rifle_common_display_4570", "prob": 18 },
      { "group": "guns_rifle_common_display_303", "prob": 16 },
      { "group": "guns_rifle_common_display_338", "prob": 14 },
      { "group": "guns_rifle_common_display_450", "prob": 3 },
      { "group": "guns_rifle_common_display_50beowulf", "prob": 3 },
      { "group": "guns_rifle_common_display_7mm_arisaka", "prob": 2 }
    ]
  },
  {
    "type": "item_group",
    "id": "guns_rifle_milspec",
    "//": "Military specification rifles only ever found at military sites.",
    "//2": "Making the assumption any loaded gun will have additional ammo and mags with it.",
    "items": [
      { "group": "nested_m4_carbine", "prob": 200 },
      { "group": "nested_h&k416a5", "prob": 50 },
      { "group": "nested_m107a1", "prob": 3 },
      { "group": "nested_m134", "prob": 10 },
      { "group": "nested_m14ebr", "prob": 10 },
      { "group": "nested_tac50", "prob": 1 },
      { "group": "nested_tac338", "prob": 5 },
      { "group": "nested_m2010", "prob": 20 },
      { "group": "nested_m240", "prob": 15 },
      { "group": "nested_m249", "prob": 25 },
      { "group": "nested_m27iar", "prob": 50 },
      { "group": "nested_m60", "prob": 15 },
      { "group": "nested_scar_l", "prob": 50 },
      { "group": "nested_scar_h", "prob": 50 },
      { "group": "nested_m110a1", "prob": 50 },
      { "group": "nested_M24", "prob": 15 }
    ]
  },
  {
    "type": "item_group",
    "id": "guns_energy",
    "//": "Assorted factory crafted energy weapons.",
    "items": [
      { "item": "laser_rifle", "prob": 30 },
      { "item": "emp_gun", "prob": 10 },
      { "item": "v29", "prob": 70 },
      { "item": "plasma_gun", "prob": 10, "charges": [ 0, 25 ] }
    ]
  },
  {
    "type": "item_group",
    "id": "guns_rifle_improvised",
    "//": "Makeshift or otherwise poor quality rifles.",
    "items": [ { "item": "rifle_22", "prob": 60 }, { "item": "rifle_38", "prob": 30 }, { "item": "rifle_44", "prob": 5 } ]
  },
  {
    "type": "item_group",
    "id": "guns_shotgun_common",
    "magazine": 100,
    "//": "Shotguns commonly owned by citizens and found in many locations.",
    "//2": "Making the assumption any loaded gun will have additional ammo and mags with it.",
    "//3": "To-do, add in more 410 shotguns along with 20 gauge",
    "items": [
      { "group": "12_gauge_semi", "prob": 48 },
      { "group": "12_gauge_pump", "prob": 34 },
      { "group": "12_gauge_break", "prob": 18 },
      { "group": "nested_shotgun_410", "prob": 5 }
    ]
  },
  {
    "type": "item_group",
    "id": "guns_shotgun_common_worn",
    "//": "Shotguns commonly owned by citizens and found in many locations.",
    "//2": "ammo handled elsewhere so these can be worn.",
    "items": [ { "group": "guns_shotgun_common_display", "charges": [ 1, 8 ] } ]
  },
  {
    "type": "item_group",
    "subtype": "distribution",
    "id": "guns_shotgun_common_display",
    "//": "Shotguns commonly owned by citizens and found in gun stores.",
    "//2": "To-do, add in more 410 shotguns along with 20 gauge",
    "items": [
      { "group": "12_gauge_semi_display", "prob": 48 },
      { "group": "12_gauge_pump_display", "prob": 34 },
      { "group": "12_gauge_break_display", "prob": 18 },
      { "item": "shotgun_410", "prob": 5 }
    ]
  },
  {
    "type": "item_group",
    "id": "guns_shotgun_milspec",
    "//": "Military shotguns currently in service.",
    "//2": "Making the assumption any loaded gun will have additional ammo and mags with it.",
    "items": [
      { "group": "nested_remington_870_express", "prob": 50 },
      { "group": "nested_remington_870_breacher", "prob": 20 },
      { "group": "nested_mossberg_590", "prob": 50 },
      { "group": "nested_m1014", "prob": 100 }
    ]
  },
  {
    "type": "item_group",
    "id": "guns_shotgun_improvised",
    "//": "Makeshift or otherwise poor quality shotguns.",
    "items": [
      { "item": "blunderbuss", "prob": 10 },
      { "item": "pipe_double_shotgun", "prob": 10 },
      { "item": "pipe_shotgun", "prob": 20 },
      { "item": "revolver_shotgun", "prob": 1 },
      { "item": "slamfire_shotgun", "prob": 100 },
      { "item": "slamfire_shotgun_d", "prob": 30 }
    ]
  },
  {
    "type": "item_group",
    "id": "guns_launcher_flame",
    "//": "Factory manufactured incendiary liquid projectors (excludes improvised weapons)",
    "items": [ { "item": "flamethrower", "prob": 50, "charges": [ 100, 8000 ] } ]
  },
  {
    "type": "item_group",
    "id": "guns_launcher_flame_xedra",
    "//": "Factory manufactured incendiary liquid projectors (excludes improvised weapons)",
    "items": [
      { "item": "flamethrower", "prob": 50, "charges": [ 100, 8000 ] },
      { "item": "rm451_flamethrower", "prob": 40, "charges": [ 100, 9000 ] }
    ]
  },
  {
    "type": "item_group",
    "id": "guns_launcher_grenade",
    "//": "Factory manufactured grenade launchers (excludes improvised weapons)",
    "items": [
      { "item": "m320", "prob": 75 },
      { "item": "m79", "prob": 100 },
      { "item": "mark19", "prob": 10, "charges": [ 0, 10 ] },
      { "item": "mgl", "prob": 25, "charges": [ 0, 6 ] }
    ]
  },
  {
    "type": "item_group",
    "id": "guns_launcher_rocket",
    "//": "Factory manufactured rocket launchers (excludes improvised weapons)",
    "items": [
      [ "LAW_Packed", 200 ],
      [ "m202_flash", 100 ],
      [ "m74_clip", 150 ],
      { "item": "m3_carlgustav", "prob": 50, "charges": 1 },
      { "item": "m4_carlgustav", "prob": 50, "charges": 1 },
      { "item": "AT4", "prob": 50, "charges": 1 },
      [ "84x246mm_he", 100 ],
      [ "84x246mm_hedp", 80 ],
      [ "84x246mm_smoke", 100 ]
    ]
  },
  {
    "type": "item_group",
    "id": "guns_launcher_milspec",
    "//": "Factory manufactured grenade and rocket launchers (excludes improvised weapons)",
    "items": [
      { "group": "guns_launcher_flame", "prob": 20 },
      { "group": "guns_launcher_grenade", "prob": 70 },
      { "group": "guns_launcher_rocket", "prob": 30 }
    ]
  },
  {
    "type": "item_group",
    "id": "guns_common",
    "//": "Guns of all types commonly owned by citizens and found in many locations.",
    "items": [
      { "group": "guns_pistol_common", "prob": 41 },
      { "group": "guns_rifle_common", "prob": 57 },
      { "group": "guns_shotgun_common", "prob": 1 }
    ]
  },
  {
    "type": "item_group",
    "id": "guns_common_display",
    "//": "Guns of all types commonly owned by citizens and found exclusively in gun stores.",
    "items": [
      { "group": "guns_pistol_common_display", "prob": 41 },
      { "group": "guns_rifle_common_display", "prob": 58 },
      { "group": "guns_shotgun_common_display", "prob": 1 }
    ]
  },
  {
    "type": "item_group",
    "id": "guns_milspec",
    "//": "Military specification guns of all types.",
    "items": [
      { "group": "guns_pistol_milspec", "prob": 40 },
      { "group": "guns_smg_milspec", "prob": 25 },
      { "group": "guns_rifle_milspec", "prob": 100 },
      { "group": "guns_shotgun_milspec", "prob": 1 },
      { "group": "guns_launcher_milspec", "prob": 1 }
    ]
  },
  {
    "type": "item_group",
    "id": "guns_display_pieces",
    "//": "Display pieces for guns that are more for decoration than actual purpose.",
    "items": [ { "group": "guns_pistol_display_pieces", "prob": 80 }, { "group": "guns_rifle_display_pieces", "prob": 20 } ]
  },
  {
    "type": "item_group",
    "id": "guns_collectible",
    "//": "Historical guns that you may find at something like a gunshow.",
    "items": [ { "group": "guns_pistol_collectible", "prob": 80 }, { "group": "guns_rifle_collectible", "prob": 20 } ]
  },
  {
    "type": "item_group",
    "id": "guns_improvised",
    "//": "Makeshift or otherwise poor quality guns of all types.",
    "items": [
      { "group": "guns_smg_improvised", "prob": 1 },
      { "group": "guns_rifle_improvised", "prob": 56 },
      { "group": "guns_shotgun_improvised", "prob": 1 }
    ]
  },
  {
    "type": "item_group",
    "id": "longguns_cop",
    "subtype": "distribution",
    "items": [
      { "group": "ar15_223medium", "ammo-item": "223", "charges": [ 0, 30 ], "contents-item": "shoulder_strap", "prob": 90 },
      {
        "group": "ar15_223short",
        "ammo-item": "223",
        "charges": [ 0, 30 ],
        "contents-item": "shoulder_strap",
        "prob": 70
      },
      {
        "group": "ar15_223long",
        "ammo-item": "223",
        "charges": [ 0, 30 ],
        "contents-item": "shoulder_strap",
        "prob": 40
      },
      {
        "group": "modular_m4a1",
        "ammo-item": "556_mk318",
        "charges": [ 0, 30 ],
        "contents-item": "shoulder_strap",
        "prob": 8
      },
      {
        "group": "modular_m4a1",
        "ammo-item": "556_mk318",
        "charges": [ 0, 30 ],
        "contents-item": "shoulder_strap",
        "prob": 8
      },
      {
        "item": "modular_m27_assault_rifle",
        "variant": "modular_h&k416a5",
        "ammo-item": "556_mk318",
        "charges": [ 0, 30 ],
        "contents-item": "shoulder_strap",
        "prob": 3
      },
      { "item": "ruger_mini", "ammo-item": "223", "charges": [ 0, 20 ], "contents-item": "shoulder_strap", "prob": 5 },
      {
        "item": "steyr_aug",
        "ammo-item": "556_mk318",
        "charges": [ 0, 30 ],
        "contents-item": "shoulder_strap",
        "prob": 1
      },
      {
        "item": "benelli_tsa",
        "variant": "mossberg_500_security",
        "charges": [ 0, 6 ],
        "contents-item": "shoulder_strap",
        "prob": 4
      },
      {
        "item": "mossberg_590",
        "variant": "mossberg_590",
        "charges": [ 0, 9 ],
        "contents-item": "shoulder_strap",
        "prob": 1
      },
      {
        "item": "mossberg_930",
        "variant": "mossberg_930",
        "charges": [ 0, 8 ],
        "contents-item": "shoulder_strap",
        "prob": 7
      },
      {
        "item": "mossberg_930",
        "variant": "m1014",
        "charges": [ 0, 8 ],
        "contents-item": "shoulder_strap",
        "prob": 2
      },
      { "item": "remington_870_express", "charges": [ 0, 7 ], "contents-item": "shoulder_strap", "prob": 7 },
      { "item": "remington_700", "charges": [ 0, 4 ], "contents-item": "shoulder_strap", "prob": 2 },
      { "item": "M24", "charges": [ 0, 5 ], "contents-item": "shoulder_strap", "prob": 10 }
    ]
  },
  {
    "type": "item_group",
    "id": "longguns_cop_loaded",
    "//": "loaded in the back of a trunk or something (fully loaded, excluding sniper rifles)",
    "subtype": "distribution",
    "items": [
      { "group": "ar15_223medium", "ammo-item": "223", "charges": 30, "contents-item": "shoulder_strap", "prob": 90 },
      { "group": "ar15_223short", "ammo-item": "223", "charges": 30, "contents-item": "shoulder_strap", "prob": 70 },
      { "group": "ar15_223long", "ammo-item": "223", "charges": 30, "contents-item": "shoulder_strap", "prob": 40 },
      {
        "group": "modular_m4a1",
        "ammo-item": "556_mk318",
        "charges": 30,
        "contents-item": "shoulder_strap",
        "prob": 8
      },
      {
        "group": "modular_m4a1",
        "ammo-item": "556_mk318",
        "charges": 30,
        "contents-item": "shoulder_strap",
        "prob": 8
      },
      {
        "item": "modular_m27_assault_rifle",
        "variant": "modular_h&k416a5",
        "ammo-item": "556_mk318",
        "charges": 30,
        "contents-item": "shoulder_strap",
        "prob": 3
      },
      { "item": "ruger_mini", "ammo-item": "223", "charges": 20, "contents-item": "shoulder_strap", "prob": 5 },
      { "item": "steyr_aug", "ammo-item": "556_mk318", "charges": 30, "contents-item": "shoulder_strap", "prob": 1 },
      {
        "item": "benelli_tsa",
        "variant": "mossberg_500_security",
        "charges": 6,
        "contents-item": "shoulder_strap",
        "prob": 2
      },
      {
        "item": "mossberg_590",
        "variant": "mossberg_590",
        "charges": 9,
        "contents-item": "shoulder_strap",
        "prob": 1
      },
      {
        "item": "mossberg_930",
        "variant": "mossberg_930",
        "charges": 8,
        "contents-item": "shoulder_strap",
        "prob": 5
      },
      { "item": "mossberg_930", "variant": "m1014", "charges": 8, "contents-item": "shoulder_strap", "prob": 1 },
      { "item": "remington_870_express", "charges": 7, "contents-item": "shoulder_strap", "prob": 3 }
    ]
  },
  {
    "type": "item_group",
    "id": "longguns_cop_in_field",
    "//": "gun plus potential expended magazines",
    "subtype": "distribution",
    "items": [
      {
        "collection": [
          {
            "group": "ar15_223medium",
            "ammo-item": "223",
            "charges": [ 0, 30 ],
            "contents-item": "shoulder_strap",
            "damage": [ 0, 3 ],
            "dirt": [ 0, 7050 ]
          },
          {
            "distribution": [ { "group": "field_ar15_223", "prob": 40 }, { "group": "field_ar15_mk318", "prob": 60 } ],
            "prob": 100
          }
        ],
        "prob": 90
      },
      {
        "collection": [
          {
            "group": "ar15_223short",
            "ammo-item": "223",
            "charges": [ 0, 30 ],
            "contents-item": "shoulder_strap",
            "damage": [ 0, 3 ],
            "dirt": [ 0, 7050 ]
          },
          {
            "distribution": [ { "group": "field_ar15_223", "prob": 40 }, { "group": "field_ar15_mk318", "prob": 60 } ],
            "prob": 100
          }
        ],
        "prob": 70
      },
      {
        "collection": [
          {
            "group": "ar15_223long",
            "ammo-item": "223",
            "charges": [ 0, 30 ],
            "contents-item": "shoulder_strap",
            "damage": [ 0, 3 ],
            "dirt": [ 0, 7050 ]
          },
          {
            "distribution": [ { "group": "field_ar15_223", "prob": 40 }, { "group": "field_ar15_mk318", "prob": 60 } ],
            "prob": 100
          }
        ],
        "prob": 40
      },
      {
        "collection": [
          {
            "group": "modular_m4a1",
            "ammo-item": "556_mk318",
            "charges": [ 0, 30 ],
            "contents-item": "shoulder_strap",
            "damage": [ 0, 3 ],
            "dirt": [ 0, 7050 ]
          },
          {
            "distribution": [ { "group": "field_ar15_223", "prob": 40 }, { "group": "field_ar15_mk318", "prob": 60 } ],
            "prob": 100
          }
        ],
        "prob": 8
      },
      {
        "collection": [
          {
            "group": "m4_cqbr",
            "ammo-item": "556_mk318",
            "charges": [ 0, 30 ],
            "contents-item": "shoulder_strap",
            "damage": [ 0, 3 ],
            "dirt": [ 0, 7050 ]
          },
          {
            "distribution": [ { "group": "field_ar15_223", "prob": 40 }, { "group": "field_ar15_mk318", "prob": 60 } ],
            "prob": 100
          }
        ],
        "prob": 8
      },
      {
        "collection": [
          {
            "item": "modular_m27_assault_rifle",
            "variant": "modular_h&k416a5",
            "ammo-item": "556_mk318",
            "charges": [ 0, 30 ],
            "contents-item": "shoulder_strap",
            "damage": [ 0, 3 ],
            "dirt": [ 0, 7050 ]
          },
          {
            "distribution": [ { "group": "field_ar15_223", "prob": 40 }, { "group": "field_ar15_mk318", "prob": 60 } ],
            "prob": 100
          }
        ],
        "prob": 3
      },
      {
        "collection": [
          {
            "item": "ruger_mini",
            "ammo-item": "223",
            "charges": [ 0, 20 ],
            "contents-item": "shoulder_strap",
            "damage": [ 0, 3 ],
            "dirt": [ 0, 7050 ]
          },
          { "group": "field_mini14" }
        ],
        "prob": 5
      },
      {
        "collection": [
          {
            "item": "steyr_aug",
            "ammo-item": "556_mk318",
            "charges": [ 0, 30 ],
            "contents-item": "shoulder_strap",
            "damage": [ 0, 3 ],
            "dirt": [ 0, 7050 ]
          },
          { "group": "field_steyraug" }
        ],
        "prob": 1
      },
      {
        "collection": [
          {
            "item": "benelli_tsa",
            "variant": "mossberg_500_security",
            "charges": [ 0, 6 ],
            "contents-item": "shoulder_strap",
            "damage": [ 0, 3 ],
            "dirt": [ 0, 7050 ]
          },
          { "group": "field_shotgun" }
        ],
        "prob": 1
      },
      {
        "collection": [
          {
            "item": "mossberg_590",
            "variant": "mossberg_590",
            "charges": [ 0, 9 ],
            "contents-item": "shoulder_strap",
            "damage": [ 0, 3 ],
            "dirt": [ 0, 7050 ]
          },
          { "group": "field_shotgun" }
        ],
        "prob": 1
      },
      {
        "collection": [
          {
            "item": "mossberg_930",
            "variant": "mossberg_930",
            "charges": [ 0, 8 ],
            "contents-item": "shoulder_strap",
            "damage": [ 0, 3 ],
            "dirt": [ 0, 7050 ]
          },
          { "group": "field_shotgun" }
        ],
        "prob": 1
      },
      {
        "collection": [
          {
            "item": "mossberg_930",
            "variant": "m1014",
            "charges": [ 0, 8 ],
            "contents-item": "shoulder_strap",
            "damage": [ 0, 3 ],
            "dirt": [ 0, 7050 ]
          },
          { "group": "field_shotgun" }
        ],
        "prob": 1
      },
      {
        "collection": [
          {
            "item": "remington_870_express",
            "charges": [ 0, 7 ],
            "contents-item": "shoulder_strap",
            "damage": [ 0, 3 ],
            "dirt": [ 0, 7050 ]
          },
          { "group": "field_shotgun" }
        ],
        "prob": 1
      },
      {
        "collection": [
          {
            "item": "remington_700",
            "charges": [ 0, 4 ],
            "contents-item": "shoulder_strap",
            "damage": [ 0, 3 ],
            "dirt": [ 0, 7050 ]
          },
          { "group": "field_3006" }
        ],
        "prob": 2
      },
      {
        "collection": [
          { "item": "M24", "charges": [ 0, 4 ], "contents-item": "shoulder_strap", "damage": [ 0, 3 ], "dirt": [ 0, 7050 ] },
          { "group": "field_308" }
        ],
        "prob": 5
      }
    ]
  },
  {
    "type": "item_group",
    "id": "longguns_cop_in_field_no_gun",
    "//": "guns lost but still have mags",
    "subtype": "distribution",
    "items": [
      { "group": "field_ar15_223", "prob": 70 },
      { "group": "field_ar15_mk318", "prob": 80 },
      { "group": "field_mini14", "prob": 5 },
      { "group": "field_steyraug", "prob": 1 },
      { "group": "field_shotgun", "prob": 10 },
      { "group": "field_308", "prob": 10 },
      { "group": "field_3006", "prob": 5 }
    ]
  },
  {
    "type": "item_group",
    "id": "sidearms_cop",
    "items": [
      { "item": "glock_19", "prob": 15, "charges": [ 0, 15 ] },
      {
        "item": "glock_19",
        "variant": "glock_19_cop",
        "prob": 2,
        "contents-item": [ "red_dot_sight" ],
        "charges": [ 0, 15 ]
      },
      { "item": "glock_22", "prob": 20, "ammo-item": "40sw", "charges": [ 0, 15 ] },
      { "item": "m9", "variant": "m9", "prob": 5, "charges": [ 0, 15 ] },
      { "item": "sig_40", "prob": 20, "charges": [ 0, 12 ] },
      { "item": "usp_45", "prob": 10, "charges": [ 0, 12 ] },
      { "item": "usp_9mm", "prob": 10, "charges": [ 0, 15 ] }
    ]
  },
  {
    "type": "item_group",
    "id": "sidearms_cop_in_field",
    "//": "gun plus potential expended magazines",
    "items": [
      {
        "collection": [
          { "item": "fn57", "prob": 100, "charges": [ 0, 20 ], "damage": [ 0, 3 ], "dirt": [ 0, 7050 ] },
          { "group": "field_fn57" }
        ],
        "prob": 1
      },
      {
        "collection": [
          { "item": "glock_19", "prob": 100, "charges": [ 0, 15 ], "damage": [ 0, 3 ], "dirt": [ 0, 7050 ] },
          { "group": "field_glock_19" }
        ],
        "prob": 50
      },
      {
        "collection": [
          { "item": "glock_17", "prob": 100, "charges": [ 0, 17 ], "damage": [ 0, 3 ], "dirt": [ 0, 7050 ] },
          { "group": "field_glock_17" }
        ],
        "prob": 60
      },
      {
        "collection": [
          { "item": "m9", "variant": "m9", "prob": 100, "charges": [ 0, 15 ], "damage": [ 0, 3 ], "dirt": [ 0, 7050 ] },
          { "group": "field_m9" }
        ],
        "prob": 3
      },
      {
        "collection": [
          { "item": "sp2022", "prob": 100, "charges": [ 0, 15 ], "damage": [ 0, 3 ], "dirt": [ 0, 7050 ] },
          { "group": "field_sp2022_9mm" }
        ],
        "prob": 10
      },
      {
        "collection": [
          { "item": "px4", "prob": 100, "charges": [ 0, 17 ], "damage": [ 0, 3 ], "dirt": [ 0, 7050 ] },
          { "group": "field_px4_9mm" }
        ],
        "prob": 5
      },
      {
        "collection": [
          { "item": "usp_9mm", "prob": 100, "charges": [ 0, 15 ], "damage": [ 0, 3 ], "dirt": [ 0, 7050 ] },
          { "group": "field_usp_9mm" }
        ],
        "prob": 3
      },
      {
        "collection": [
          {
            "item": "glock_31",
            "ammo-item": "357sig_jhp",
            "prob": 100,
            "charges": [ 0, 15 ],
            "damage": [ 0, 1 ],
            "dirt": [ 0, 7050 ]
          },
          { "group": "field_glock_31" }
        ],
        "prob": 4
      },
      {
        "collection": [
          { "item": "p226_357sig", "prob": 100, "charges": [ 0, 12 ], "damage": [ 0, 3 ], "dirt": [ 0, 7050 ] },
          { "group": "field_p226_357sig" }
        ],
        "prob": 2
      },
      {
        "collection": [
          { "item": "p320_357sig", "prob": 100, "charges": [ 0, 13 ], "damage": [ 0, 3 ], "dirt": [ 0, 7050 ] },
          { "group": "field_p320_357sig" }
        ],
        "prob": 2
      },
      {
        "collection": [
          { "item": "glock_22", "ammo-item": "40sw", "prob": 100, "charges": [ 0, 15 ], "damage": [ 0, 3 ], "dirt": [ 0, 7050 ] },
          { "group": "field_glock_22" }
        ],
        "prob": 30
      },
      {
        "collection": [
          { "item": "px4_40", "prob": 100, "charges": [ 0, 14 ], "damage": [ 0, 3 ], "dirt": [ 0, 7050 ] },
          { "group": "field_px4_40" }
        ],
        "prob": 5
      },
      {
        "collection": [
          { "item": "sig_40", "prob": 100, "charges": [ 0, 12 ], "damage": [ 0, 3 ], "dirt": [ 0, 7050 ] },
          { "group": "field_sig_40" }
        ],
        "prob": 10
      },
      {
        "collection": [
          { "item": "glock_21", "prob": 100, "charges": [ 0, 13 ], "damage": [ 0, 3 ], "dirt": [ 0, 7050 ] },
          { "group": "field_glock_21" }
        ],
        "prob": 10
      },
      {
        "collection": [
          { "item": "usp_45", "variant": "usp_45", "prob": 100, "charges": [ 0, 12 ], "damage": [ 0, 3 ], "dirt": [ 0, 7050 ] },
          { "group": "field_usp_45" }
        ],
        "prob": 2
      }
    ]
  },
  {
    "type": "item_group",
    "id": "sidearms_cop_in_field_no_gun",
    "//": "guns lost but still have mags",
    "items": [
      { "group": "field_fn57", "prob": 1 },
      { "group": "field_glock_19", "prob": 50 },
      { "group": "field_glock_17", "prob": 60 },
      { "group": "field_m9", "prob": 3 },
      { "group": "field_sp2022_9mm", "prob": 10 },
      { "group": "field_px4_9mm", "prob": 5 },
      { "group": "field_usp_9mm", "prob": 3 },
      { "group": "field_glock_31", "prob": 4 },
      { "group": "field_p226_357sig", "prob": 2 },
      { "group": "field_p320_357sig", "prob": 2 },
      { "group": "field_glock_22", "prob": 30 },
      { "group": "field_px4_40", "prob": 5 },
      { "group": "field_sig_40", "prob": 10 },
      { "group": "field_glock_21", "prob": 10 },
      { "group": "field_usp_45", "prob": 2 }
    ]
  },
  {
    "type": "item_group",
    "id": "guns_swat",
    "//": "Guns issued to paramilitary forces in addition to standard police issue.",
    "items": [
      { "group": "longguns_cop_in_field", "prob": 50 },
      {
        "collection": [
          {
            "group": "modular_m4a1",
            "ammo-item": "556_mk318",
            "charges": [ 0, 30 ],
            "contents-item": "shoulder_strap",
            "damage": [ 0, 3 ],
            "dirt": [ 0, 7050 ]
          },
          {
            "distribution": [ { "group": "field_ar15_223", "prob": 40 }, { "group": "field_ar15_mk318", "prob": 60 } ],
            "prob": 100
          }
        ],
        "prob": 40
      },
      {
        "collection": [
          {
            "group": "m4_cqbr",
            "ammo-item": "556_mk318",
            "charges": [ 0, 30 ],
            "contents-item": "shoulder_strap",
            "damage": [ 0, 3 ],
            "dirt": [ 0, 7050 ]
          },
          {
            "distribution": [ { "group": "field_ar15_223", "prob": 40 }, { "group": "field_ar15_mk318", "prob": 60 } ],
            "prob": 100
          }
        ],
        "prob": 30
      },
      {
        "collection": [
          {
            "item": "modular_m27_assault_rifle",
            "variant": "modular_h&k416a5",
            "ammo-item": "556_mk318",
            "charges": [ 0, 30 ],
            "contents-item": "shoulder_strap",
            "damage": [ 0, 3 ],
            "dirt": [ 0, 7050 ]
          },
          {
            "distribution": [ { "group": "field_ar15_223", "prob": 40 }, { "group": "field_ar15_mk318", "prob": 60 } ],
            "prob": 100
          }
        ],
        "prob": 10
      },
      {
        "collection": [
          {
            "group": "modular_ump_9",
            "charges": [ 0, 30 ],
            "contents-item": "shoulder_strap",
            "damage": [ 0, 3 ],
            "dirt": [ 0, 7050 ]
          },
          { "group": "field_ump9" }
        ],
        "prob": 5
      },
      {
        "collection": [
          {
            "group": "modular_ump_40",
            "charges": [ 0, 30 ],
            "contents-item": "shoulder_strap",
            "damage": [ 0, 3 ],
            "dirt": [ 0, 7050 ]
          },
          { "group": "field_ump40" }
        ],
        "prob": 20
      },
      {
        "collection": [
          {
            "group": "modular_ump_45",
            "charges": [ 0, 25 ],
            "contents-item": "shoulder_strap",
            "damage": [ 0, 3 ],
            "dirt": [ 0, 7050 ]
          },
          { "group": "field_ump45" }
        ],
        "prob": 15
      },
      {
        "collection": [
          { "item": "hk_mp5", "charges": [ 0, 30 ], "contents-item": "shoulder_strap", "damage": [ 0, 3 ], "dirt": [ 0, 7050 ] },
          { "group": "field_mp5" }
        ],
        "prob": 30
      },
      {
        "collection": [
          { "item": "hk_mp5k", "charges": [ 0, 30 ], "contents-item": "shoulder_strap", "damage": [ 0, 3 ], "dirt": [ 0, 7050 ] },
          { "group": "field_mp5" }
        ],
        "prob": 5
      },
      {
        "collection": [
          { "item": "hk_mp5sd", "charges": [ 0, 30 ], "contents-item": "shoulder_strap", "damage": [ 0, 3 ], "dirt": [ 0, 7050 ] },
          { "group": "field_mp5" }
        ],
        "prob": 5
      },
      {
        "collection": [
          {
            "item": "colt_ro635",
            "charges": [ 0, 32 ],
            "contents-item": "shoulder_strap",
            "damage": [ 0, 3 ],
            "dirt": [ 0, 7050 ]
          },
          { "group": "field_uzi" }
        ],
        "prob": 5
      },
      {
        "collection": [
          { "item": "bt_apc9k", "charges": [ 0, 32 ], "contents-item": "shoulder_strap", "damage": [ 0, 3 ], "dirt": [ 0, 7050 ] },
          { "group": "field_apc9" }
        ],
        "prob": 5
      },
      {
        "collection": [
          { "item": "fn_p90", "charges": [ 0, 50 ], "contents-item": "shoulder_strap", "damage": [ 0, 3 ], "dirt": [ 0, 7050 ] },
          { "group": "field_p90" }
        ],
        "prob": 1
      },
      {
        "collection": [
          { "item": "hk_mp7", "charges": [ 0, 20 ], "contents-item": "shoulder_strap", "damage": [ 0, 3 ], "dirt": [ 0, 7050 ] },
          { "group": "field_mp7" }
        ],
        "prob": 1
      },
      {
        "collection": [
          {
            "item": "mossberg_930",
            "variant": "m1014",
            "charges": [ 0, 8 ],
            "contents-item": "shoulder_strap",
            "damage": [ 0, 3 ],
            "dirt": [ 0, 7050 ]
          },
          { "group": "field_shotgun" }
        ],
        "prob": 1
      },
      {
        "collection": [
          { "item": "hk417_13", "charges": [ 0, 20 ], "contents-item": "shoulder_strap", "damage": [ 0, 3 ], "dirt": [ 0, 7050 ] },
          { "group": "field_hk417" }
        ],
        "prob": 3
      },
      {
        "collection": [
          { "item": "M24", "charges": [ 0, 5 ], "contents-item": "shoulder_strap", "damage": [ 0, 3 ], "dirt": [ 0, 7050 ] },
          { "group": "field_308" }
        ],
        "prob": 5
      },
      {
        "collection": [
          {
            "group": "axmc_308",
            "charges": [ 0, 10 ],
            "contents-item": [ "rifle_scope", "bipod", "shoulder_strap" ],
            "damage": [ 0, 3 ],
            "dirt": [ 0, 7050 ]
          },
          { "group": "field_308" }
        ],
        "prob": 5
      },
      {
        "collection": [
          {
            "group": "axmc_300",
            "charges": [ 0, 5 ],
            "contents-item": [ "rifle_scope", "bipod", "shoulder_strap" ],
            "damage": [ 0, 3 ],
            "dirt": [ 0, 7050 ]
          },
          { "group": "field_300" }
        ],
        "prob": 2
      },
      {
        "collection": [
          { "item": "tac338", "charges": [ 0, 5 ], "contents-item": "shoulder_strap", "damage": [ 0, 3 ], "dirt": [ 0, 7050 ] },
          { "group": "field_338" }
        ],
        "prob": 1
      },
      {
        "collection": [
          {
            "item": "mrad_smr",
            "charges": [ 0, 5 ],
            "contents-item": [ "rifle_scope", "bipod", "shoulder_strap" ],
            "damage": [ 0, 3 ],
            "dirt": [ 0, 7050 ]
          },
          { "group": "field_338" }
        ],
        "prob": 2
      },
      {
        "collection": [
          { "item": "tac50", "charges": [ 0, 5 ], "contents-item": "shoulder_strap", "damage": [ 0, 3 ], "dirt": [ 0, 7050 ] },
          { "group": "field_50bmg" }
        ],
        "prob": 1
      },
      {
        "collection": [
          { "item": "as50", "charges": [ 0, 5 ], "contents-item": "shoulder_strap", "damage": [ 0, 3 ], "dirt": [ 0, 7050 ] },
          { "group": "field_as50" }
        ],
        "prob": 1
      }
    ]
  },
  {
    "type": "item_group",
    "id": "guns_cop",
    "//": "Police issue weapons of all types",
    "items": [ { "group": "longguns_cop", "prob": 20 }, { "group": "sidearms_cop", "prob": 80 } ]
  },
  {
    "type": "item_group",
    "id": "longguns_operator_in_field",
    "//": "gun plus potential expended magazines for a tacticool operator, should be lots of AR-15s",
    "items": [
      {
        "collection": [
          { "group": "modular_ar15", "prob": 100, "charges": [ 0, 30 ], "contents-item": "shoulder_strap_front" },
          { "group": "field_ar15" }
        ],
        "prob": 20
      }
    ]
  },
  {
    "type": "item_group",
    "id": "longguns_operator",
    "items": [ { "group": "modular_ar15", "prob": 20, "charges": [ 0, 30 ], "contents-item": "shoulder_strap_front" } ]
  },
  {
    "type": "item_group",
    "id": "sidearms_operator",
    "items": [
      { "item": "glock_19", "prob": 15, "charges": [ 0, 15 ] },
      { "item": "glock_22", "prob": 20, "ammo-item": "40sw", "charges": [ 0, 15 ] },
      { "item": "m9", "variant": "m9", "prob": 5, "charges": [ 0, 15 ] },
      { "item": "sig_40", "prob": 20, "charges": [ 0, 12 ] },
      { "item": "usp_45", "prob": 10, "charges": [ 0, 12 ] },
      { "item": "usp_9mm", "prob": 10, "charges": [ 0, 15 ] },
      { "item": "colt_python", "prob": 5, "charges": [ 0, 6 ] }
    ]
  },
  {
    "type": "item_group",
    "id": "sidearms_operator_in_field",
    "//": "gun plus potential expended magazines",
    "items": [
      {
        "collection": [ { "item": "glock_19", "prob": 100, "charges": [ 0, 15 ] }, { "group": "field_glock_19" } ],
        "prob": 15
      },
      {
        "collection": [ { "item": "glock_22", "ammo-item": "40sw", "prob": 100, "charges": [ 0, 15 ] }, { "group": "field_glock_22" } ],
        "prob": 20
      },
      {
        "collection": [ { "item": "m9", "variant": "m9", "prob": 100, "charges": [ 0, 15 ] }, { "group": "field_m9" } ],
        "prob": 5
      },
      {
        "collection": [ { "item": "sig_40", "prob": 100, "charges": [ 0, 12 ] }, { "group": "field_sig_40" } ],
        "prob": 20
      },
      {
        "collection": [ { "item": "usp_45", "prob": 100, "charges": [ 0, 12 ] }, { "group": "field_usp_45" } ],
        "prob": 10
      },
      {
        "collection": [ { "item": "usp_9mm", "prob": 100, "charges": [ 0, 15 ] }, { "group": "field_usp_9mm" } ],
        "prob": 10
      }
    ]
  },
  {
    "type": "item_group",
    "id": "sidearms_operator_in_field_no_gun",
    "//": "guns lost but still have mags",
    "items": [
      { "group": "field_glock_19", "prob": 15 },
      { "group": "field_glock_22", "prob": 20 },
      { "group": "field_m9", "prob": 5 },
      { "group": "field_sig_40", "prob": 20 },
      { "group": "field_usp_45", "prob": 10 },
      { "group": "field_usp_9mm", "prob": 10 }
    ]
  },
  {
    "type": "item_group",
    "id": "guns_survival",
    "magazine": 100,
    "//": "Guns typically carried by survivors, more focused on common semi-auto guns with commonly available ammo.",
    "items": [
      { "item": "glock_17", "prob": 10, "charges": [ 0, 17 ] },
      { "item": "glock_19", "prob": 45, "charges": [ 0, 17 ] },
      { "item": "m9", "variant": "m9", "prob": 20, "charges": [ 0, 15 ] },
      { "item": "cz75", "prob": 30, "charges": [ 0, 16 ] },
      { "item": "m18", "prob": 15, "charges": [ 0, 17 ] },
      { "item": "ruger_mini", "prob": 40, "charges": [ 0, 30 ] },
      { "item": "rdb_223", "prob": 30, "charges": [ 0, 30 ] },
      { "item": "ruger_1022", "prob": 20, "charges": [ 0, 25 ] },
      { "group": "ar15_223long", "prob": 110, "charges": [ 0, 30 ] },
      { "group": "modular_ar15", "prob": 155, "charges": [ 0, 30 ] },
      { "group": "guns_rifle_common_display_762", "prob": 50, "charges": [ 0, 30 ] },
      { "group": "guns_rifle_common_display_308", "prob": 80, "charges": [ 0, 20 ] },
      { "group": "guns_rifle_common_display_3006", "prob": 25, "charges": [ 0, 8 ] },
      { "group": "guns_pistol_common_display_223", "prob": 25, "charges": [ 0, 30 ] },
      { "group": "guns_pistol_common_display_44", "prob": 15, "charges": [ 0, 8 ] },
      { "group": "guns_pistol_common_display_357mag", "prob": 15, "charges": [ 0, 9 ] },
      { "group": "guns_pistol_common_display_40", "prob": 25, "charges": [ 0, 20 ] }
    ]
  }
]
