[
  {
    "id": "SUS_exodii_storage_lowvalue",
    "type": "item_group",
    "//": "SUS item groups are collections that contain a reasonable realistic distribution of items that might spawn in a given storage furniture.",
    "//2": "This group is for Exodii storage pods and lockers that contain unprocessed and possibly unsorted scrap.  At some point these pieces should expand to more than just scrap, including various nice tools.",
    "subtype": "distribution",
    "entries": [
      {
        "collection": [
          { "item": "chain", "prob": 30, "count": [ 2, 15 ] },
          { "item": "steel_chunk", "prob": 40, "count": [ 2, 10 ] },
          { "item": "spring", "prob": 20, "count": [ 2, 10 ] },
          { "item": "steel_lump", "prob": 40, "count": [ 1, 5 ] },
          { "item": "frame", "prob": 10, "count": [ 1, 10 ] },
          { "item": "frame", "prob": 10, "count": [ 1, 5 ] },
          { "item": "scrap", "prob": 40, "count": [ 5, 40 ] },
          { "item": "pipe", "prob": 20, "count": [ 2, 8 ] },
          { "item": "spike", "prob": 50, "count": [ 3, 40 ] },
          { "item": "hinge", "prob": 20, "count": [ 1, 30 ] },
          { "item": "lc_wire", "prob": 40, "count": [ 5, 20 ] },
          { "item": "mc_wire", "prob": 10, "count": [ 5, 20 ] },
          { "item": "hc_wire", "prob": 10, "count": [ 5, 20 ] },
          { "item": "qt_wire", "prob": 5, "count": [ 5, 20 ] },
          { "item": "rebar", "prob": 30, "count": [ 2, 30 ] },
          { "item": "sheet_metal", "prob": 20, "count": [ 2, 30 ] },
          { "item": "sheet_metal_small", "prob": 40, "count": [ 5, 50 ] },
          { "item": "nail", "prob": 50, "count": [ 5, 70 ], "charges": [ 1, 100 ] },
          { "item": "blade", "prob": 20, "count": [ 5, 10 ] },
          { "item": "hammer", "prob": 20, "count": [ 1, 3 ] },
          { "item": "tongs", "prob": 20, "count": [ 1, 3 ] }
        ],
        "prob": 40
      },
      {
        "collection": [
          { "item": "cu_pipe", "count": [ 0, 50 ] },
          { "item": "copper_knife", "prob": 30, "count": [ 2, 20 ] },
          { "item": "scrap_copper", "count": [ 50, 200 ] }
        ],
        "prob": 50
      },
      {
        "collection": [
          { "item": "bubblewrap", "count": [ 0, 20 ] },
          { "item": "rigid_plastic_sheet", "count": [ 2, 20 ] },
          { "item": "plastic_sheet", "count": [ 5, 25 ] },
          { "item": "sheet_neoprene", "prob": 50, "count": [ 1, 10 ] }
        ],
        "prob": 10
      }
    ]
  },
  {
    "id": "SUS_exodii_storage_medvalue",
    "type": "item_group",
    "//": "SUS item groups are collections that contain a reasonable realistic distribution of items that might spawn in a given storage furniture.",
    "//2": "This group is for Exodii storage pods and lockers that contain sorted scrap that could use further processing but is definitely useful.",
    "subtype": "distribution",
    "entries": [
      { "group": "SUS_exodii_storage_lowvalue", "prob": 30 },
      {
        "collection": [ { "item": "pamd68", "count": [ 2, 3 ] }, { "item": "pamd71z", "count": [ 1, 2 ] } ],
        "prob": 5
      },
      {
        "collection": [ { "item": "exodiiminimag", "count": [ 2, 5 ] }, { "item": "exodiiBRmag", "count": [ 2, 3 ] } ],
        "prob": 5
      },
      {
        "distribution": [
          { "item": "exodii_ingot_lead", "prob": 40 },
          { "item": "exodii_ingot_tin", "prob": 30 },
          { "item": "exodii_ingot_zinc", "prob": 20 }
        ],
        "prob": 20
      }
    ]
  },
  {
    "id": "SUS_exodii_storage_highvalue",
    "type": "item_group",
    "//": "SUS item groups are collections that contain a reasonable realistic distribution of items that might spawn in a given storage furniture.",
    "//2": "This group is for Exodii storage pods and lockers that processed ingots and the like, ready for use.",
    "subtype": "distribution",
    "entries": [
      { "collection": [ { "item": "pamd68", "count": [ 2, 3 ] }, { "item": "pamd71z", "count": [ 1, 2 ] } ], "prob": 5 },
      {
        "collection": [
          { "item": "exodiiminimag", "count": [ 2, 3 ] },
          { "item": "exodiiBRmag", "count": [ 1, 2 ] },
          { "item": "123ln", "count": [ 0, 100 ] }
        ],
        "prob": 5
      },
      {
        "distribution": [
          { "item": "exodii_ingot_aluminum", "prob": 30 },
          { "item": "exodii_ingot_plastic", "prob": 10 },
          { "item": "exodii_ingot_steel", "prob": 50 },
          { "item": "exodii_ingot_copper", "prob": 50 },
          { "item": "exodii_ingot_lead", "prob": 30 },
          { "item": "exodii_ingot_tin", "prob": 10 },
          { "item": "exodii_ingot_zinc", "prob": 10 }
        ],
        "prob": 60
      }
    ]
  },
  {
    "type": "item_group",
    "id": "SUS_exodii_storage_dryfood",
    "subtype": "distribution",
    "entries": [
      {
        "collection": [
          { "item": "flour", "prob": 50 },
          { "item": "cornmeal", "prob": 75 },
          { "item": "oatmeal", "prob": 90 },
          { "item": "barley", "prob": 90 }
        ],
        "prob": 20
      },
      {
        "collection": [
          { "item": "salt", "prob": 100 },
          { "group": "sugar_jar_glass_sealed_10_140", "prob": 25 },
          { "item": "chem_saltpetre", "prob": 10 },
          { "item": "yeast", "prob": 30 }
        ],
        "prob": 50
      },
      {
        "collection": [
          { "item": "dry_meat", "prob": 20 },
          { "item": "dry_fish", "prob": 30 },
          { "item": "dry_veggy", "prob": 80 },
          { "item": "dry_corn", "prob": 70 },
          { "item": "dry_fruit", "prob": 70 }
        ],
        "prob": 10
      },
      {
        "collection": [ { "item": "dry_beans", "prob": 80 }, { "item": "dry_lentils", "prob": 80 }, { "item": "dry_rice", "prob": 50 } ],
        "prob": 50
      },
      {
        "collection": [
          { "item": "chem_agar", "prob": 20 },
          { "item": "lye", "prob": 45 },
          { "item": "lye_powder", "prob": 20, "charges": [ 100, 200 ] },
          { "item": "chem_sulphur", "prob": 30, "charges": [ 100, -1 ], "container-item": "bottle_plastic_small" },
          { "item": "chem_peptone_broth", "prob": 95 }
        ],
        "prob": 20
      }
    ]
  },
  {
    "type": "item_group",
    "id": "SUS_exodii_botrack",
    "items": [
      [ "exodii_sensor", 20 ],
      [ "exodii_motor", 30 ],
      [ "spring", 50 ],
      [ "steel_lump", 10 ],
      [ "pipe", 10 ],
      [ "frame", 20 ],
      [ "hdframe", 20 ],
      [ "exodii_computer", 25 ],
      [ "exodii_chassis", 50 ],
      [ "exodii_drone_chassis", 40 ],
      [ "cyborg_matrix", 50 ],
      [ "sheet_metal", 10 ]
    ]
  }
]
