[
  {
    "id": "SUS_hunting_archery",
    "type": "item_group",
    "//": "items found in an archery space",
    "subtype": "collection",
    "entries": [
      { "item": "compbow", "prob": 40 },
      { "item": "compbow_high", "prob": 20 },
      { "item": "compbow_low", "prob": 30 },
      { "item": "compcrossbow", "prob": 25 },
      { "item": "recurbow", "prob": 25 },
      { "item": "takedown_recurbow", "prob": 3 },
      { "item": "quiver_takedown_bow", "prob": 1 },
      { "item": "reflexrecurvebow", "prob": 10 },
      { "item": "bow_sling", "prob": 10 }
    ]
  },
  {
    "id": "SUS_hunting_rifle",
    "type": "item_group",
    "//": "items found in a rifle hunting space",
    "subtype": "collection",
    "entries": [
      { "group": "modular_ar15", "prob": 150, "charges": [ 0, 30 ] },
      { "item": "marlin_9a", "prob": 20, "charges": [ 0, 19 ] },
      { "item": "remington700_270", "prob": 10, "charges": [ 0, 4 ] },
      { "item": "remington_700", "prob": 40, "charges": [ 0, 4 ] },
      { "item": "ruger_1022", "prob": 70, "charges": [ 0, 10 ] },
      { "item": "ruger_mini", "prob": 10, "charges": [ 0, 5 ] },
      { "item": "win70", "prob": 20, "charges": [ 0, 3 ] },
      { "item": "henry_big_boy", "prob": 2, "charges": [ 0, 10 ] },
      { "item": "weatherby_5", "prob": 2, "charges": [ 0, 3 ] },
      { "item": "single_sling", "prob": 10 }
    ]
  },
  {
    "id": "hunting_lodge_weapons",
    "type": "item_group",
    "//": "items found in a shotgun hunting space",
    "subtype": "distribution",
    "entries": [
      { "group": "guns_shotgun_common", "prob": 30 },
      { "group": "SUS_hunting_rifle", "prob": 20 },
      { "group": "SUS_hunting_archery", "prob": 15 }
    ]
  },
  {
    "id": "cannibal_weapons",
    "type": "item_group",
    "//": "items found in a most dangerous game space",
    "subtype": "distribution",
    "entries": [ { "group": "guns_shotgun_common", "prob": 30 }, { "group": "SUS_hunting_rifle", "prob": 20 } ]
  },
  {
    "id": "cannibal_food",
    "type": "item_group",
    "subtype": "collection",
    "entries": [
      { "item": "machete", "prob": 20 },
      { "item": "meat_salted", "components": [ "human_flesh", "salt" ], "prob": 30 },
      { "group": "preserved_food", "prob": 20 },
      { "group": "dry_goods", "prob": 30 },
      { "item": "meat_smoked", "components": [ "human_flesh" ], "prob": 60 },
      { "group": "pantry", "prob": 10 }
    ]
  }
]
