[
  {
    "id": "SUS_office_desk",
    "type": "item_group",
    "//": "SUS item groups are collections that contain a reasonable realistic distribution of items that might spawn in a given storage furniture.",
    "//2": "This group is for an office desk containing documents and electronics for work and some desk clutter.",
    "subtype": "collection",
    "entries": [
      { "item": "eink_tablet_pc", "prob": 20, "charges": [ 0, 100 ], "contents-group": "edevice_work" },
      { "item": "laptop", "prob": 60, "charges": [ 0, 500 ], "contents-group": "edevice_work" },
      { "item": "battery_charger", "prob": 80 },
      { "item": "usb_drive", "prob": 50 },
      { "item": "memory_card", "count": [ 1, 3 ], "prob": 30 },
      { "item": "file", "count": [ 1, 8 ], "prob": 50 },
      { "item": "paper", "count": [ 2, 9 ], "prob": 60 },
      { "group": "pens", "count": [ 1, 10 ], "prob": 95, "charges": [ 0, 100 ] },
      { "item": "book_binder", "prob": 90 },
      { "item": "stapler", "prob": 60 },
      { "item": "office_holepunch", "prob": 35 },
      { "item": "scissors", "prob": 35 },
      { "item": "phonebook", "prob": 10 },
      { "item": "family_photo", "prob": 10 },
      { "item": "coin_quarter", "prob": 10 },
      { "group": "oa_discarded_news", "count": [ 2, 12 ], "prob": 20 }
    ]
  },
  {
    "id": "SUS_office_filing_cabinet",
    "type": "item_group",
    "//": "SUS item groups are collections that contain a reasonable realistic distribution of items that might spawn in a given storage furniture.",
    "//2": "This group is for an office filing cabinet containing folders and documents.",
    "subtype": "collection",
    "entries": [
      { "item": "file", "count": [ 1, 15 ], "prob": 95 },
      { "item": "paper", "count": [ 2, 30 ], "prob": 80 },
      { "item": "book_binder", "prob": 80 },
      { "item": "memory_card", "count": [ 1, 5 ], "prob": 30 }
    ]
  },
  {
    "id": "SUS_janitors_closet",
    "type": "item_group",
    "//": "SUS item groups are collections that contain a reasonable realistic distribution of items that might spawn in a given storage furniture.",
    "//2": "This group is for a typical janitors closet with cleaning chemicals and tools.",
    "subtype": "collection",
    "entries": [
      { "item": "bleach", "prob": 90, "charges": [ 20, -1 ] },
      { "item": "ammonia_hydroxide", "prob": 75, "charges": [ 20, -1 ] },
      { "item": "broom", "prob": 95 },
      { "item": "mop", "prob": 60 },
      { "item": "mop_folded", "prob": 35 },
      { "item": "sponge", "prob": 90 },
      { "item": "cotton_patchwork", "count": [ 1, 6 ] },
      { "item": "towel", "count": [ 1, 2 ], "prob": 80 },
      { "item": "brush", "prob": 95 },
      { "item": "bucket", "prob": 90 },
      { "item": "bucket_5gal", "prob": 90, "count": [ 1, 2 ] },
      { "item": "boots_rubber", "prob": 90 },
      { "item": "gloves_rubber", "prob": 90 },
      { "item": "apron_plastic", "prob": 40 },
      { "item": "chem_hydrogen_peroxide", "prob": 40, "charges": [ 4, -1 ] },
      { "item": "soap", "count": [ 1, 2 ], "prob": 70 },
      { "item": "detergent", "count": [ 1, 2 ], "prob": 80 },
      { "item": "paper", "count": [ 1, 2 ], "prob": 90 }
    ]
  }
]
