[
  {
    "type": "TOOL",
    "id": "oven",
    "looks_like": "f_oven",
    "symbol": "#",
    "description": "A disconnected electric convection-based oven, commonly used for heating and cooking food.  Plug it into a vehicle or power grid to get cooking.",
    "color": "dark_gray_white",
    "name": { "str": "disconnected oven" },
    "material": [ "budget_steel" ],
    "longest_side": "69 cm",
    "insulation": 3,
    "volume": "290 L",
    "weight": "77 kg",
    "charged_qualities": [ [ "OVEN", 2 ] ],
    "pocket_data": [ { "pocket_type": "CONTAINER", "rigid": true, "max_contains_volume": "120 L", "max_contains_weight": "200 kg" } ]
  },
  {
    "type": "GENERIC",
    "id": "stationary_water_purifier",
    "looks_like": "f_water_purifier",
    "symbol": "W",
    "description": "A device that effectively sterilizes water, but it doesn't take batteries.  You'll need to connect it to a power source.",
    "color": "dark_gray_white",
    "name": { "str": "disconnected large water purifier" },
    "material": [ "budget_steel" ],
    "longest_side": "50 cm",
    "volume": "50 L",
    "weight": "20 kg"
  },
  {
    "type": "GENERIC",
    "id": "arcade_machine",
    "looks_like": "f_arcade_machine",
    "symbol": "6",
    "description": "A bulky upright arcade cabinet, brightly painted and slightly worn with age.  Ready to be plugged in and played.",
    "color": "red",
    "name": { "str": "disconnected arcade machine" },
    "material": [ "budget_steel" ],
    "longest_side": "200 cm",
    "volume": "290 L",
    "weight": "77 kg"
  },
  {
    "type": "GENERIC",
    "id": "arc_furnace",
    "looks_like": "f_arc_furnace",
    "symbol": "U",
    "description": "An arc furnace designed to burn a powdery mix of coke and limestone to create calcium carbide.  Needs to be placed and plugged into a power source.",
    "color": "blue",
    "name": { "str": "disconnected arc furnace" },
    "material": [ "budget_steel" ],
    "longest_side": "200 cm",
    "volume": "400 L",
    "weight": "1024 kg"
  },
  {
    "type": "GENERIC",
    "id": "drill_press",
    "looks_like": "f_machinery_light",
    "symbol": "7",
    "description": "A powerful drill mounted on a slide that lets it drop precisely down.  Useful in all kinds of projects, from industrial fabrication to home woodworking.  Needs to be placed and plugged into a power source.",
    "color": "yellow_red",
    "name": { "str": "disconnected drill press", "str_pl": "disconnected drill presses" },
    "material": [ "budget_steel" ],
    "//": "Based off JET J-2500 Drill Press",
    "longest_side": "137 cm",
    "volume": "200 L",
    "weight": "114 kg"
  },
  {
    "type": "GENERIC",
    "id": "tablesaw",
    "looks_like": "f_machinery_light",
    "symbol": "7",
    "description": "A rotating sawblade set into a large, flat table.  Used for making straight, measured cuts, it's a key tool in any carpenter's arsenal.  Needs to be placed and plugged into a power source.",
    "color": "yellow_red",
    "name": { "str": "disconnected table saw" },
    "material": [ "steel" ],
    "//": "Based off Powermatic PM1000 Table Saw",
    "longest_side": "135 cm",
    "volume": "500 L",
    "weight": "130 kg"
  },
  {
    "type": "GENERIC",
    "id": "mitresaw",
    "looks_like": "f_machinery_light",
    "symbol": "7",
    "description": "A circular sawblade on an arm that can slide and rotate in several directions, this is a staple tool for nearly any carpentry.  Needs to be placed and plugged into a power source.",
    "color": "yellow_cyan",
    "name": { "str": "disconnected mitre saw" },
    "material": [ { "type": "steel", "portion": 85 }, { "type": "plastic" } ],
    "//": "Based off DEWALT 12-Inch Sliding Compound Miter Saw",
    "longest_side": "120 cm",
    "volume": "170 L",
    "weight": "30 kg"
  },
  {
    "type": "GENERIC",
    "id": "bandsaw",
    "looks_like": "f_machinery_light",
    "symbol": "7",
    "description": "A ribbonlike sawblade runs in a single direction in this tool, allowing precise cuts at almost any angle.  Needs to be placed and plugged into a power source.",
    "color": "yellow_cyan",
    "name": { "str": "disconnected band saw" },
    "material": [ "steel" ],
    "//": "Based off JET JWBS-18-3 Woodworking Band Saw",
    "longest_side": "216 cm",
    "volume": "500 L",
    "weight": "225 kg"
  },
  {
    "type": "GENERIC",
    "id": "router",
    "looks_like": "f_machinery_light",
    "symbol": "7",
    "description": "This table has an inset router, a rotating motor with an exchangeable blade head for cutting specific profiles and grooves.  Needs to be placed and plugged into a power source.",
    "color": "yellow_green",
    "name": { "str": "disconnected router table" },
    "material": [ "steel" ],
    "//": "Based off Powermatic TS29 Shaper.  TODO: When support for multi-tile appliances is added, this can stretch two tiles",
    "longest_side": "147 cm",
    "volume": "500 L",
    "weight": "500 kg"
  },
  {
    "type": "GENERIC",
    "id": "planer",
    "looks_like": "f_machinery_light",
    "symbol": "7",
    "description": "A hefty tool that will take in a board and cut it smooth and flat to a specific width, particularly great if working with raw lumber stock, but also good just for shaving wood down to size.  Needs to be placed and plugged into a power source.",
    "color": "yellow_white",
    "name": { "str": "disconnected planer" },
    "material": [ "steel" ],
    "//": "Based off JET JWP-15BHH Woodworking Planer",
    "longest_side": "121 cm",
    "volume": "500 L",
    "weight": "130 kg"
  },
  {
    "type": "GENERIC",
    "id": "jointer",
    "looks_like": "f_machinery_light",
    "symbol": "7",
    "description": "A table-shaped tool with a rotating blade that will cut down, smooth out, and square off a board to make it nice and smooth.  Needs to be placed and plugged into a power source.",
    "color": "yellow_magenta",
    "name": { "str": "disconnected jointer" },
    "material": [ "steel" ],
    "//": "Based off Powermatic PJ-882 Jointer.  TODO: When support for multi-tile appliances is added, this can stretch two tiles",
    "longest_side": "220 cm",
    "volume": "260 L",
    "weight": "300 kg"
  },
  {
    "type": "GENERIC",
    "id": "hydraulic_press",
    "looks_like": "f_hydraulic_press",
    "symbol": "7",
    "description": "If you really want to squash something a lot, this is exactly the right industrial tool for you.  Needs to be placed and plugged into a power source.",
    "color": "black_red",
    "name": { "str": "disconnected hydraulic press", "str_pl": "disconnected hydraulic presses" },
    "material": [ "steel" ],
    "//": "Based off Daytona DSP20T Hydraulic Shop Press",
    "longest_side": "1580 mm",
    "volume": "500 L",
    "weight": "76 kg"
  },
  {
    "type": "GENERIC",
    "id": "air_compressor",
    "looks_like": "f_standing_tank",
    "symbol": "7",
    "description": "This durable tank is topped with a motor that will cram as much air into the tank as possible.  Needs to be placed and plugged into a power source.",
    "color": "black_yellow",
    "name": { "str": "disconnected air compressor" },
    "material": [ "steel" ],
    "//": "Based off Renegade Industrial 2.2HP 210LPM Air Compressor",
    "longest_side": "110 cm",
    "volume": "400 L",
    "weight": "80 kg"
  },
  {
    "id": "autoclave",
    "type": "TOOL",
    "name": { "str": "disconnected autoclave" },
    "description": "An autoclave, used to sterilize equipment with pressurized steam.  It requires a massive amount of power, so it will need to be plugged into a power grid.",
    "weight": "34500 g",
    "volume": "76 L",
    "price": "1 kUSD 626 USD 54 cent",
    "price_postapoc": "20 USD",
    "to_hit": { "grip": "bad", "length": "long", "surface": "any", "balance": "clumsy" },
    "material": [ "steel" ],
    "symbol": "A",
    "color": "yellow",
    "looks_like": "microwave",
    "pocket_data": [
      {
        "pocket_type": "CONTAINER",
        "rigid": true,
        "watertight": true,
        "max_contains_volume": "20 L",
        "max_contains_weight": "15 kg",
        "flag_restriction": [ "CBM" ],
        "item_restriction": [ "water_clean", "water" ]
      }
    ],
    "melee_damage": { "bash": 10 }
  },
  {
    "type": "GENERIC",
    "id": "wall_light",
    "name": { "str": "disconnected wall light" },
    "description": "A wall light that provides illumination when plugged into a grid.",
    "weight": "500 g",
    "to_hit": { "grip": "bad", "length": "hand", "surface": "any", "balance": "uneven" },
    "material": [ "plastic", "steel" ],
    "volume": "400 ml",
    "longest_side": "20 cm",
    "price": "90 USD",
    "price_postapoc": "5 USD",
    "symbol": "L",
    "color": "white",
    "melee_damage": { "bash": 2 }
  },
  {
    "type": "GENERIC",
    "id": "standing_lamp",
    "name": { "str": "disconnected standing lamp" },
    "description": "A tall standing lamp that provides illumination when plugged into a power outlet.",
    "weight": "2500 g",
    "to_hit": { "grip": "solid", "length": "long", "surface": "any", "balance": "uneven" },
    "material": [ "plastic", "steel" ],
    "volume": "2 L",
    "longest_side": "170 cm",
    "price": "90 USD",
    "price_postapoc": "5 USD",
    "symbol": "L",
    "color": "white",
    "looks_like": "f_floor_lamp",
    "melee_damage": { "bash": 5 }
  },
  {
    "type": "GENERIC",
    "id": "standing_floodlight",
    "name": { "str": "disconnected standing floodlight" },
    "description": "A large, heavy light designed to illuminate wide areas when plugged into a power outlet.",
    "weight": "2750 g",
    "to_hit": { "grip": "solid", "length": "long", "surface": "any", "balance": "clumsy" },
    "material": [ "plastic", "steel" ],
    "volume": "2 L",
    "longest_side": "170 cm",
    "price": "900 USD",
    "price_postapoc": "15 USD",
    "symbol": "F",
    "color": "white",
    "melee_damage": { "bash": 5 }
  },
  {
    "type": "GENERIC",
    "id": "standing_directed_floodlight",
    "name": { "str": "disconnected standing directed floodlight" },
    "description": "A large, heavy light designed to illuminate a wide semicircle in a chosen direction when plugged into a power outlet.",
    "weight": "2750 g",
    "to_hit": { "grip": "solid", "length": "long", "surface": "any", "balance": "clumsy" },
    "material": [ "plastic", "steel" ],
    "volume": "2 L",
    "longest_side": "170 cm",
    "price": "900 USD",
    "price_postapoc": "15 USD",
    "looks_like": "standing_floodlight",
    "symbol": "F",
    "color": "white",
    "melee_damage": { "bash": 5 }
  },
  {
    "type": "GENERIC",
    "id": "wall_wiring",
    "name": { "str": "wall wiring" },
    "description": "Electric wires used to run power through walls.",
    "weight": "1 g",
    "material": [ "plastic", "copper" ],
    "volume": "1 ml",
    "price": "1 USD",
    "price_postapoc": "10 cent",
    "symbol": "~",
    "color": "white"
  },
  {
    "type": "GENERIC",
    "category": "other",
    "id": "foot_locker_recharge_station",
    "name": { "str": "disconnected foot locker recharging station" },
    "description": "A universal recharging station integrated into a steel storage compartment.  When plugged in and powered, it will steadily charge all rechargeable batteries (battery cells, lead-acid batteries, etc) placed directly within its storage space.",
    "weight": "30000 g",
    "color": "cyan",
    "symbol": "]",
    "material": [ "steel", "plastic" ],
    "volume": "215 L",
    "price": "1 kUSD 50 USD",
    "price_postapoc": "14 USD",
    "looks_like": "recharge_station",
    "flags": [ "NO_SALVAGE" ],
    "pocket_data": [ { "pocket_type": "CONTAINER", "rigid": true, "max_contains_volume": "200 L", "max_contains_weight": "400 kg" } ]
  },
  {
    "type": "GENERIC",
    "category": "other",
    "id": "box_battery_charger",
    "name": { "str": "disconnected box battery charger" },
    "description": "A small device for recharging batteries integrated into a small wooden storage compartment.  When plugged in and powered, it will slowly charge all rechargeable batteries (battery cells, lead-acid batteries, etc) placed directly within its storage space.",
    "weight": "8100 g",
    "color": "cyan",
    "symbol": "]",
    "material": [ "wood", "plastic", "steel" ],
    "volume": "65 L",
    "price": "50 USD",
    "price_postapoc": "2 USD",
    "looks_like": "battery_charger",
    "flags": [ "NO_SALVAGE" ],
    "pocket_data": [ { "pocket_type": "CONTAINER", "rigid": true, "max_contains_volume": "50 L", "max_contains_weight": "100 kg" } ]
  },
  {
    "type": "GENERIC",
    "category": "other",
    "id": "compact_ASRG_containment",
    "name": { "str": "disconnected advanced Stirling radioisotope generator" },
    "looks_like": "t_plut_generator",
    "description": "A rather heavy brick of metal housing an ASRG, formerly designed by NASA and repurposed for terrestrial use.  Will provide about 130 W, basically forever as far as you're concerned.  Even though the alpha radiation these run off of isn't very dangerous in case of a breach, this unit appears to be armored to take a beating and is a good deal heavier owing to its composite plating.",
    "//0": "the base unit is 39x46x76cm (136 liters) and weighs 32 kg. I am assuming that XEDRA or another org added a lot of armor as a hedge against portal fuckery",
    "//1": "being enclosed in a solid box of milcomp plating I'm assuming about another 68 kg (3 armor platings' worth + shocks etc)",
    "weight": "100 kg",
    "to_hit": { "grip": "bad", "length": "long", "surface": "any", "balance": "clumsy" },
    "material": [ "lead", "steel" ],
    "volume": "150 L",
    "longest_side": "80 cm",
    "//": "I don't know how much these were worth pre-Cataclysm but the pu-238 alone is worth about 5-6 million and hundreds of millions were spent on research.  After the apocalypse these should basically be valuable beyond compare though.",
    "price": "10000 kUSD",
    "price_postapoc": "120 USD",
    "symbol": "O",
    "color": "green_white",
    "flags": [ "NO_SALVAGE" ],
    "melee_damage": { "bash": 5 }
  },
  {
    "type": "GENERIC",
    "category": "other",
    "id": "oxygen_concentrator",
    "name": { "str_sp": "oxygen concentrator" },
    "description": "A machine capable of generating pure oxygen from the air.  Can be placed and plugged into a power source.",
    "weight": "29 kg",
    "material": [ "plastic", "steel" ],
    "volume": "110 L",
    "longest_side": "70 cm",
    "price": "2 kUSD",
    "price_postapoc": "20 USD",
    "symbol": "&",
    "color": "light_gray"
  },
  {
    "type": "GENERIC",
    "category": "other",
    "id": "hd_compressor_unit",
    "name": { "str_sp": "high pressure compressor unit" },
    "description": "A machine designed to compress an input gas to a very high pressure.  Can be placed and plugged into a power source.",
    "weight": "52500 g",
    "material": [ "steel" ],
    "volume": "150 L",
    "longest_side": "63 cm",
    "price": "2 kUSD",
    "price_postapoc": "20 USD",
    "symbol": "&",
    "color": "light_gray"
  },
  {
    "type": "GENERIC",
    "category": "other",
    "id": "glassblowers_crucible",
    "name": { "str": "disconnected glassblower's crucible" },
    "description": "An electric crucible, powered by your electric grid.  Designed for melting large quantities of glass for batch crafting and production of large items, it needs to be placed and plugged into a power source.",
    "//": "Loosely based off Jen-Ken Kiln - Crucible 1813, but homemade",
    "weight": "50 kg",
    "material": [ "steel", "clay" ],
    "volume": "62500 ml",
    "longest_side": "100 cm",
    "price": "2179 USD",
    "price_postapoc": "25 USD",
    "symbol": "o",
    "color": "brown"
  }
]
