[
  {
    "id": "nested_ar15_retool_223_20",
    "type": "item_group",
    "//": "This is a distribution for the gun, reasonable number of backup mags, and some ammo to repack.  20 inch rifle barrel.",
    "subtype": "collection",
    "ammo": 100,
    "entries": [
      { "group": "ar15_223long", "charges": [ 0, 30 ] },
      { "item": "stanag30" },
      { "item": "stanag30", "prob": 50 },
      { "group": "on_hand_223" }
    ]
  },
  {
    "id": "nested_ar15_retool_223_16",
    "type": "item_group",
    "//": "This is a distribution for the gun, reasonable number of backup mags, and some ammo to repack.  16 inch rifle barrel.",
    "subtype": "collection",
    "ammo": 100,
    "entries": [
      { "group": "modular_ar15", "charges": [ 0, 30 ] },
      { "item": "stanag30" },
      { "item": "stanag30", "prob": 50 },
      { "group": "on_hand_223" }
    ]
  },
  {
    "id": "nested_ar15_retool_223_14",
    "type": "item_group",
    "//": "This is a distribution for the gun, reasonable number of backup mags, and some ammo to repack.  14 inch rifle barrel, shouldn't really spawn outside of criminal/survivor locations.",
    "subtype": "collection",
    "ammo": 100,
    "entries": [
      { "group": "ar15_223medium", "charges": [ 0, 30 ] },
      { "item": "stanag30" },
      { "item": "stanag30", "prob": 50 },
      { "group": "on_hand_223" }
    ]
  },
  {
    "id": "nested_ar15_retool_223_10",
    "type": "item_group",
    "//": "This is a distribution for the gun, reasonable number of backup mags, and some ammo to repack.  10 inch rifle barrel, shouldn't really spawn outside of criminal/survivor locations.",
    "subtype": "collection",
    "ammo": 100,
    "entries": [
      { "group": "ar15_223short", "charges": [ 0, 30 ] },
      { "item": "stanag30" },
      { "item": "stanag30", "prob": 50 },
      { "group": "on_hand_223" }
    ]
  },
  {
    "id": "nested_ar15_retool_300_16",
    "type": "item_group",
    "//": "This is a distribution for the gun, reasonable number of backup mags, and some ammo to repack.  16 inch rifle barrel.",
    "subtype": "collection",
    "ammo": 100,
    "entries": [
      { "group": "ar15_300", "charges": [ 0, 30 ] },
      { "item": "stanag30" },
      { "item": "stanag30", "prob": 50 },
      { "group": "on_hand_300BLK" }
    ]
  },
  {
    "id": "nested_ar15_retool_300_10",
    "type": "item_group",
    "//": "This is a distribution for the gun, reasonable number of backup mags, and some ammo to repack.  10 inch rifle barrel, shouldn't really spawn outside of criminal/survivor locations.",
    "subtype": "collection",
    "ammo": 100,
    "entries": [
      { "group": "ar15_300medium", "charges": [ 0, 30 ] },
      { "item": "stanag30" },
      { "item": "stanag30", "prob": 50 },
      { "group": "on_hand_300BLK" }
    ]
  },
  {
    "id": "nested_ar15_retool_50beowulf_18",
    "type": "item_group",
    "//": "This is a distribution for the gun, reasonable number of backup mags, and some ammo to repack.  18 inch rifle barrel.",
    "subtype": "collection",
    "ammo": 100,
    "entries": [
      { "group": "ar15_50", "charges": [ 0, 30 ] },
      { "item": "50beowulf_ar15mag" },
      { "item": "50beowulf_ar15mag", "prob": 50 },
      { "group": "on_hand_50beowulf" }
    ]
  },
  {
    "id": "nested_ar15_retool_50beowulf_16",
    "type": "item_group",
    "//": "This is a distribution for the gun, reasonable number of backup mags, and some ammo to repack.  16 inch rifle barrel.",
    "subtype": "collection",
    "ammo": 100,
    "entries": [
      { "group": "ar15_50medium", "charges": [ 0, 30 ] },
      { "item": "50beowulf_ar15mag" },
      { "item": "50beowulf_ar15mag", "prob": 50 },
      { "group": "on_hand_50beowulf" }
    ]
  },
  {
    "id": "nested_ar15_retool_50beowulf_7",
    "type": "item_group",
    "//": "This is a distribution for the gun, reasonable number of backup mags, and some ammo to repack.  7 inch rifle barrel, though keep in mind it's a pistol.",
    "subtype": "collection",
    "ammo": 100,
    "entries": [
      { "group": "ar15_50short", "charges": [ 0, 30 ] },
      { "item": "50beowulf_ar15mag" },
      { "item": "50beowulf_ar15mag", "prob": 50 },
      { "group": "on_hand_50beowulf" }
    ]
  },
  {
    "id": "nested_ar15_retool_450bushmaster_18",
    "type": "item_group",
    "//": "This is a distribution for the gun, reasonable number of backup mags, and some ammo to repack.  18 inch rifle barrel.",
    "subtype": "collection",
    "ammo": 100,
    "entries": [
      { "group": "ar15_450", "charges": [ 0, 30 ] },
      { "item": "450_ar15mag" },
      { "item": "450_ar15mag", "prob": 50 },
      { "group": "on_hand_450" }
    ]
  },
  {
    "id": "nested_ar15_retool_450bushmaster_10",
    "type": "item_group",
    "//": "This is a distribution for the gun, reasonable number of backup mags, and some ammo to repack.  10 inch rifle barrel, shouldn't really spawn outside of criminal/survivor locations.",
    "subtype": "collection",
    "ammo": 100,
    "entries": [
      { "group": "ar15_450medium", "charges": [ 0, 30 ] },
      { "item": "450_ar15mag" },
      { "item": "450_ar15mag", "prob": 50 },
      { "group": "on_hand_450" }
    ]
  },
  {
    "id": "nested_ar15_retool_450bushmaster_7",
    "type": "item_group",
    "//": "This is a distribution for the gun, reasonable number of backup mags, and some ammo to repack.  7 inch rifle barrel, though keep in mind it's a pistol.",
    "subtype": "collection",
    "ammo": 100,
    "entries": [
      { "group": "ar15_450short", "charges": [ 0, 30 ] },
      { "item": "450_ar15mag" },
      { "item": "450_ar15mag", "prob": 50 },
      { "group": "on_hand_450" }
    ]
  },
  {
    "id": "nested_ar15_retool_762",
    "type": "item_group",
    "//": "this is a distribution for the gun, reasonable number of backup mags, and some ammo to repack",
    "//2": "groups together all identical weapons rechambered for the same caliber and converted with different barrel-lengths.",
    "subtype": "collection",
    "ammo": 100,
    "entries": [
      { "group": "ar15_762", "charges": [ 0, 30 ] },
      { "item": "762_ar15mag_30rd" },
      { "item": "762_ar15mag_30rd", "prob": 50 },
      { "group": "on_hand_762" }
    ]
  },
  {
    "id": "nested_ar15_retool_22",
    "type": "item_group",
    "//": "this is a distribution for the gun, reasonable number of backup mags, and some ammo to repack",
    "//2": "groups together all identical weapons rechambered for the same caliber and converted with different barrel-lengths.",
    "subtype": "collection",
    "ammo": 100,
    "entries": [
      { "group": "ar15_22", "charges": [ 0, -1 ] },
      {
        "distribution": [
          { "collection": [ { "item": "22_ar15mag_10" }, { "item": "22_ar15mag_10", "prob": 50 } ] },
          { "collection": [ { "item": "22_ar15mag_28" }, { "item": "22_ar15mag_28", "prob": 50 } ] }
        ]
      },
      { "group": "on_hand_22" }
    ]
  },
  {
    "id": "nested_mdrx_retool_223rem",
    "type": "item_group",
    "//": "this is a distribution for the gun, reasonable number of backup mags, and some ammo to repack",
    "//2": "groups together all identical weapons rechambered for the same caliber and converted with different barrel-lengths.",
    "subtype": "collection",
    "ammo": 100,
    "entries": [
      {
        "distribution": [
          { "group": "mdrx_223", "charges": [ 0, 30 ], "prob": 10 },
          { "group": "mdrx_223short", "charges": [ 0, 30 ], "prob": 8 }
        ],
        "prob": 100
      },
      { "item": "stanag30" },
      { "item": "stanag30", "prob": 50 },
      { "group": "on_hand_223" }
    ]
  },
  {
    "id": "nested_mdrx_retool_223rem_civilian",
    "type": "item_group",
    "//": "this is a distribution for the gun, reasonable number of backup mags, and some ammo to repack",
    "//2": "A distribution that avoids NFA items (barrels under 16 inches)",
    "subtype": "collection",
    "ammo": 100,
    "entries": [
      {
        "distribution": [ { "group": "mdrx_223", "charges": [ 0, 30 ], "prob": 4 }, { "group": "mdrx", "charges": [ 0, 30 ], "prob": 5 } ],
        "prob": 100
      },
      { "item": "stanag30" },
      { "item": "stanag30", "prob": 50 },
      { "group": "on_hand_223" }
    ]
  },
  {
    "id": "nested_mdrx_retool_300blk",
    "type": "item_group",
    "//": "this is a distribution for the gun, reasonable number of backup mags, and some ammo to repack",
    "//2": "groups together all identical weapons rechambered for the same caliber and converted with different barrel-lengths.",
    "subtype": "collection",
    "ammo": 100,
    "entries": [
      { "group": "mdrx_300", "charges": [ 0, 30 ] },
      { "item": "stanag30" },
      { "item": "stanag30", "prob": 50 },
      { "group": "on_hand_300BLK" }
    ]
  },
  {
    "id": "nested_mdrx_retool_308win",
    "type": "item_group",
    "//": "this is a distribution for the gun, reasonable number of backup mags, and some ammo to repack",
    "//2": "groups together all identical weapons rechambered for the same caliber and converted with different barrel-lengths.",
    "subtype": "collection",
    "ammo": 100,
    "entries": [
      {
        "distribution": [
          { "group": "mdrx_308", "charges": [ 0, 20 ], "prob": 10 },
          { "group": "mdrx_308medium", "charges": [ 0, 20 ], "prob": 8 }
        ],
        "prob": 100
      },
      { "item": "ar10mag_20rd" },
      { "item": "ar10mag_20rd", "prob": 50 },
      { "group": "on_hand_308" }
    ]
  },
  {
    "id": "nested_axmc_retool_308win",
    "type": "item_group",
    "//": "this is a distribution for the gun, reasonable number of backup mags, and some ammo to repack",
    "//2": "groups together all identical weapons rechambered for the same caliber and converted with different barrel-lengths.",
    "subtype": "collection",
    "ammo": 100,
    "entries": [
      { "group": "axmc_308", "charges": [ 0, 10 ] },
      { "item": "ai_308mag_10" },
      { "item": "ai_308mag_10", "prob": 50 },
      { "group": "on_hand_308" }
    ]
  },
  {
    "id": "nested_axmc_retool_300win",
    "type": "item_group",
    "//": "this is a distribution for the gun, reasonable number of backup mags, and some ammo to repack",
    "//2": "groups together all identical weapons rechambered for the same caliber and converted with different barrel-lengths.",
    "subtype": "collection",
    "ammo": 100,
    "entries": [
      { "group": "axmc_300", "charges": [ 0, 10 ] },
      { "item": "ai_338mag_10" },
      { "item": "ai_338mag_10", "prob": 50 },
      { "group": "on_hand_300" }
    ]
  },
  {
    "type": "item_group",
    "subtype": "collection",
    "id": "nested_converted_mdrx",
    "//": "An item group for a random, personally-converted weapon to spawn.",
    "entries": [
      {
        "distribution": [
          { "group": "nested_mdrx_retool_223rem", "prob": 30 },
          { "group": "nested_mdrx_retool_300blk", "prob": 20 },
          { "group": "nested_mdrx_retool_308win", "prob": 15 }
        ],
        "prob": 100
      }
    ]
  },
  {
    "type": "item_group",
    "subtype": "collection",
    "id": "nested_converted_axmc",
    "//": "An item group for a random, personally-converted weapon to spawn.",
    "entries": [
      {
        "distribution": [ { "group": "nested_axmc_retool_300win", "prob": 20 }, { "group": "nested_axmc_retool_308win", "prob": 20 } ],
        "prob": 100
      }
    ]
  },
  {
    "id": "nested_converted_cz600",
    "type": "item_group",
    "//": "this is a distribution for the gun, reasonable number of backup mags, and some ammo to repack",
    "//2": "An item group for a random, personally-converted weapon to spawn.",
    "subtype": "collection",
    "ammo": 100,
    "entries": [
      { "group": "cz600_762", "charges": [ 0, 10 ] },
      { "item": "bren2_762mag10" },
      { "item": "bren2_762mag10", "prob": 50 },
      { "group": "on_hand_308" }
    ]
  }
]
