[
  {
    "id": "armor_nomad",
    "type": "ARMOR",
    "name": { "str": "nomad jumpsuit" },
    "description": "A reinforced but airy jumpsuit designed to survive the long-term wear and tear of exploring the apocalyptic wasteland.  Rather than advanced polymer fabrics which may not be available in many worlds, it is made of breathable twill fabric with leather reinforcements ensuring it can be produced easily regardless of technology level.  Its clever construction adds additional core support, helping you to carry more equipment.",
    "weight": "3600 g",
    "volume": "3500 ml",
    "price_postapoc": "17 USD 50 cent",
    "material": [ "denim", "leather" ],
    "symbol": "[",
    "looks_like": "touring_suit",
    "color": "light_red",
    "armor": [
      {
        "material": [
          { "type": "denim", "covered_by_mat": 100, "thickness": 1.0 },
          { "type": "leather", "covered_by_mat": 50, "thickness": 1.5 }
        ],
        "covers": [ "torso", "leg_l", "leg_r", "arm_l", "arm_r" ],
        "cover_vitals": 40,
        "coverage": 100,
        "encumbrance": [ 6, 6 ],
        "breathability": "AVERAGE"
      }
    ],
    "environmental_protection": 2,
    "warmth": 10,
    "material_thickness": 2,
    "relic_data": { "passive_effects": [ { "has": "WORN", "condition": "ALWAYS", "mutations": [ "well_distributed" ] } ] },
    "flags": [ "VARSIZE", "POCKETS", "STURDY", "MUNDANE" ]
  },
  {
    "id": "armor_nomad_advanced",
    "type": "TOOL_ARMOR",
    "name": { "str": "advanced nomad jumpsuit" },
    "description": "A reinforced but airy jumpsuit designed to survive the long-term wear and tear of exploring the apocalyptic wasteland.  Rather than advanced polymer fabrics which may not be available in many worlds, it is made of breathable twill fabric with leather reinforcements ensuring it can be produced easily regardless of technology level.  Its clever construction adds additional core support, helping you to carry more equipment.  A set of cooling tubes run throughout the clothing as well.",
    "weight": "4000 g",
    "volume": "3500 ml",
    "price": "350 USD",
    "price_postapoc": "17 USD 50 cent",
    "material": [ "denim", "leather" ],
    "symbol": "[",
    "looks_like": "touring_suit",
    "color": "light_red",
    "ammo": "battery",
    "armor": [
      {
        "material": [
          { "type": "denim", "covered_by_mat": 100, "thickness": 1.0 },
          { "type": "leather", "covered_by_mat": 50, "thickness": 1.5 }
        ],
        "covers": [ "torso", "leg_l", "leg_r", "arm_l", "arm_r" ],
        "cover_vitals": 40,
        "coverage": 100,
        "encumbrance": [ 6, 6 ],
        "breathability": "AVERAGE"
      }
    ],
    "environmental_protection": 2,
    "pocket_data": [
      {
        "pocket_type": "CONTAINER",
        "max_contains_volume": "1000 ml",
        "max_contains_weight": "2 kg",
        "moves": 80,
        "max_item_length": "15 cm",
        "description": "Pants pocket."
      },
      {
        "pocket_type": "CONTAINER",
        "max_contains_volume": "1000 ml",
        "max_contains_weight": "2 kg",
        "moves": 80,
        "max_item_length": "15 cm",
        "description": "Pants pocket."
      }
    ],
    "use_action": {
      "type": "transform",
      "msg": "You turn the climate control on.",
      "target": "armor_nomad_advanced_on",
      "active": true,
      "need_charges": 1,
      "need_charges_msg": "Your internal reservoir is empty."
    },
    "warmth": 10,
    "material_thickness": 4,
    "relic_data": {
      "passive_effects": [ { "has": "WORN", "condition": "ALWAYS", "mutations": [ "well_distributed" ] }, { "id": "ench_climate_control_all" } ]
    },
    "flags": [ "VARSIZE", "POCKETS", "STURDY", "USES_BIONIC_POWER", "MUNDANE" ]
  },
  {
    "id": "armor_nomad_advanced_on",
    "copy-from": "armor_nomad_advanced",
    "type": "TOOL_ARMOR",
    "name": { "str": "advanced nomad jumpsuit (on)", "str_pl": "advanced nomad jumpsuits (on)" },
    "description": "A reinforced but airy jumpsuit designed to survive the long-term wear and tear of exploring the apocalyptic wasteland.  Rather than advanced polymer fabrics which may not be available in many worlds, it is made of breathable twill fabric with leather reinforcements ensuring it can be produced easily regardless of technology level.  Its clever construction adds additional core support, helping you to carry more equipment.  The internal cooling tubes are active and humming.",
    "revert_to": "armor_nomad_advanced",
    "flags": [ "VARSIZE", "POCKETS", "STURDY", "USES_BIONIC_POWER", "MUNDANE" ],
    "power_draw": "100 W",
    "use_action": {
      "ammo_scale": 0,
      "type": "transform",
      "menu_text": "Turn off",
      "msg": "The %s pipes stop humming.",
      "target": "armor_nomad_advanced"
    }
  },
  {
    "id": "armor_nomad_light",
    "type": "ARMOR",
    "name": { "str": "light nomad jumpsuit" },
    "description": "A light, airy jumpsuit designed to survive the long-term wear and tear of exploring the apocalyptic wasteland.  Rather than advanced polymer fabrics which may not be available in many worlds, it is made of breathable twill fabric with leather reinforcements ensuring it can be produced easily regardless of technology level.  Its clever construction adds additional core support, helping you to carry more equipment.",
    "copy-from": "armor_nomad",
    "price_postapoc": "12 USD 50 cent",
    "material": [ "denim", "leather" ],
    "color": "light_gray",
    "armor": [
      {
        "material": [
          { "type": "denim", "covered_by_mat": 100, "thickness": 0.5 },
          { "type": "leather", "covered_by_mat": 30, "thickness": 1.5 }
        ],
        "covers": [ "torso", "leg_l", "leg_r", "arm_l", "arm_r" ],
        "cover_vitals": 30,
        "coverage": 100,
        "encumbrance": [ 2, 2 ],
        "breathability": "AVERAGE"
      }
    ],
    "environmental_protection": 1,
    "proportional": { "weight": 0.6, "volume": 0.75, "warmth": 0.75 },
    "use_action": [  ],
    "material_thickness": 0.5
  },
  {
    "id": "lsurvivor_jumpsuit",
    "type": "ARMOR",
    "category": "armor",
    "name": { "str": "light Kevlar jumpsuit" },
    "description": "A lightweight, hand-built combination armor made of Kevlar with a moisture-wicking core and additional padding in many places.  Protects from the elements as well as from harm.",
    "weight": "5200 g",
    "volume": "10500 ml",
    "price": "1 kUSD 100 USD",
    "price_postapoc": "50 USD",
    "material": [ "kevlar", "lycra", "nylon" ],
    "to_hit": { "grip": "bad", "length": "hand", "surface": "any", "balance": "uneven" },
    "symbol": "[",
    "looks_like": "survivor_jumpsuit",
    "color": "green",
    "armor": [
      {
        "material": [
          { "type": "lycra", "covered_by_mat": 100, "thickness": 0.2 },
          { "type": "kevlar", "covered_by_mat": 100, "thickness": 1.0 },
          { "type": "kevlar", "covered_by_mat": 90, "thickness": 1.0 },
          { "type": "nylon", "covered_by_mat": 100, "thickness": 0.3 }
        ],
        "covers": [ "torso", "leg_l", "leg_r", "arm_l", "arm_r" ],
        "coverage": 100,
        "encumbrance": [ 7, 7 ]
      }
    ],
    "pocket_data": [
      {
        "pocket_type": "CONTAINER",
        "max_contains_volume": "500 ml",
        "max_contains_weight": "2 kg",
        "moves": 80,
        "max_item_length": "15 cm",
        "description": "Pants pocket."
      },
      {
        "pocket_type": "CONTAINER",
        "max_contains_volume": "500 ml",
        "max_contains_weight": "2 kg",
        "moves": 80,
        "max_item_length": "15 cm",
        "description": "Pants pocket."
      }
    ],
    "warmth": 15,
    "environmental_protection": 3,
    "flags": [ "VARSIZE", "POCKETS", "HOOD", "RAINPROOF", "STURDY" ],
    "melee_damage": { "bash": 2 }
  },
  {
    "id": "xl_lsurvivor_jumpsuit",
    "type": "ARMOR",
    "name": { "str": "light Kevlar jumpsuit" },
    "copy-from": "lsurvivor_jumpsuit",
    "proportional": { "weight": 1.125, "volume": 1.13, "price": 1.25 },
    "extend": { "flags": [ "OVERSIZE", "PREFIX_XL" ] }
  },
  {
    "id": "xs_lsurvivor_jumpsuit",
    "type": "ARMOR",
    "name": { "str": "light Kevlar jumpsuit" },
    "copy-from": "lsurvivor_jumpsuit",
    "proportional": { "weight": 0.75, "volume": 0.75, "price": 0.5 },
    "extend": { "flags": [ "UNDERSIZE", "PREFIX_XS" ] }
  },
  {
    "id": "survivor_jumpsuit",
    "type": "ARMOR",
    "category": "armor",
    "name": { "str": "Kevlar jumpsuit" },
    "description": "A hand-built combination armor made of thick Kevlar with a moisture-wicking core and substantial padding in many places.  Protects from the elements as well as from harm.",
    "weight": "7500 g",
    "volume": "11500 ml",
    "price": "1 kUSD 500 USD",
    "price_postapoc": "50 USD",
    "material": [ "kevlar", "lycra", "nylon" ],
    "to_hit": { "grip": "bad", "length": "hand", "surface": "any", "balance": "uneven" },
    "symbol": "[",
    "looks_like": "touring_suit",
    "color": "brown",
    "armor": [
      {
        "material": [
          { "type": "lycra", "covered_by_mat": 100, "thickness": 0.2 },
          { "type": "kevlar", "covered_by_mat": 100, "thickness": 1.7 },
          { "type": "nylon", "covered_by_mat": 100, "thickness": 0.3 },
          { "type": "kevlar", "covered_by_mat": 90, "thickness": 1.0 },
          { "type": "kevlar", "covered_by_mat": 90, "thickness": 1.0 }
        ],
        "covers": [ "torso", "leg_l", "leg_r", "arm_l", "arm_r" ],
        "coverage": 100,
        "encumbrance": [ 12, 12 ]
      }
    ],
    "pocket_data": [
      {
        "pocket_type": "CONTAINER",
        "max_contains_volume": "500 ml",
        "max_contains_weight": "2 kg",
        "moves": 80,
        "max_item_length": "15 cm",
        "description": "Pants pocket."
      },
      {
        "pocket_type": "CONTAINER",
        "max_contains_volume": "500 ml",
        "max_contains_weight": "2 kg",
        "moves": 80,
        "max_item_length": "15 cm",
        "description": "Pants pocket."
      }
    ],
    "warmth": 25,
    "valid_mods": [ "steel_padded" ],
    "environmental_protection": 3,
    "flags": [ "VARSIZE", "POCKETS", "HOOD", "RAINPROOF", "STURDY" ],
    "melee_damage": { "bash": 2 }
  },
  {
    "id": "xlsurvivor_jumpsuit",
    "type": "ARMOR",
    "name": { "str": "Kevlar jumpsuit" },
    "copy-from": "survivor_jumpsuit",
    "proportional": { "weight": 1.125, "volume": 1.13, "price": 1.25 },
    "extend": { "flags": [ "OVERSIZE", "PREFIX_XL" ] }
  },
  {
    "id": "xssurvivor_jumpsuit",
    "type": "ARMOR",
    "name": { "str": "Kevlar jumpsuit" },
    "copy-from": "survivor_jumpsuit",
    "proportional": { "weight": 0.75, "volume": 0.75, "price": 0.75 },
    "extend": { "flags": [ "UNDERSIZE", "PREFIX_XS" ] }
  },
  {
    "id": "hsurvivor_jumpsuit",
    "type": "ARMOR",
    "category": "armor",
    "name": { "str": "steel-plated Kevlar jumpsuit" },
    "description": "A hand-built combination armor made of thick Kevlar with a moisture-wicking core and thin steel plating in many places.  Protects from the elements as well as from harm.",
    "weight": "9500 g",
    "volume": "12 L",
    "price": "2 kUSD",
    "price_postapoc": "70 USD",
    "to_hit": { "grip": "bad", "length": "hand", "surface": "any", "balance": "uneven" },
    "material": [ "kevlar", "qt_steel", "lycra", "nylon" ],
    "symbol": "[",
    "looks_like": "survivor_suit",
    "color": "dark_gray",
    "armor": [
      {
        "material": [
          { "type": "lycra", "covered_by_mat": 100, "thickness": 0.2 },
          { "type": "kevlar", "covered_by_mat": 100, "thickness": 2.3 },
          { "type": "nylon", "covered_by_mat": 100, "thickness": 0.3 },
          { "type": "qt_steel", "covered_by_mat": 90, "thickness": 0.6 },
          { "type": "qt_steel", "covered_by_mat": 90, "thickness": 0.6 }
        ],
        "covers": [ "torso", "leg_l", "leg_r", "arm_l", "arm_r" ],
        "coverage": 100,
        "encumbrance": [ 17, 17 ]
      }
    ],
    "pocket_data": [
      { "pocket_type": "CONTAINER", "max_contains_volume": "1 L", "max_contains_weight": "3 kg", "moves": 80 },
      { "pocket_type": "CONTAINER", "max_contains_volume": "1 L", "max_contains_weight": "3 kg", "moves": 80 }
    ],
    "warmth": 25,
    "environmental_protection": 3,
    "flags": [ "VARSIZE", "POCKETS", "HOOD", "RAINPROOF", "STURDY", "NORMAL" ],
    "melee_damage": { "bash": 2 }
  },
  {
    "id": "xl_hsurvivor_jumpsuit",
    "type": "ARMOR",
    "name": { "str": "steel-plated Kevlar jumpsuit" },
    "copy-from": "hsurvivor_jumpsuit",
    "proportional": { "weight": 1.13, "volume": 1.13, "price": 1.25 },
    "extend": { "flags": [ "OVERSIZE", "PREFIX_XL" ] }
  },
  {
    "id": "xs_hsurvivor_jumpsuit",
    "type": "ARMOR",
    "name": { "str": "steel-plated Kevlar jumpsuit" },
    "copy-from": "hsurvivor_jumpsuit",
    "proportional": { "weight": 0.75, "volume": 0.75, "price": 0.75 },
    "extend": { "flags": [ "UNDERSIZE", "PREFIX_XS" ] }
  },
  {
    "id": "wsurvivor_jumpsuit",
    "type": "ARMOR",
    "category": "armor",
    "name": { "str": "fur Kevlar jumpsuit" },
    "description": "A warm and heavy hand-built combination armor made from a moisture-wicking core padded with layers of Kevlar and fur.  Protects from the elements as well as from harm.",
    "weight": "8400 g",
    "volume": "14 L",
    "price": "2 kUSD",
    "price_postapoc": "50 USD",
    "to_hit": { "grip": "bad", "length": "hand", "surface": "any", "balance": "uneven" },
    "material": [ "kevlar", "fur", "lycra" ],
    "symbol": "[",
    "looks_like": "survivor_suit",
    "color": "dark_gray",
    "armor": [
      {
        "material": [
          { "type": "lycra", "covered_by_mat": 100, "thickness": 0.2 },
          { "type": "fur", "covered_by_mat": 100, "thickness": 2 },
          { "type": "kevlar", "covered_by_mat": 100, "thickness": 1.3 },
          { "type": "kevlar", "covered_by_mat": 90, "thickness": 1.0 }
        ],
        "covers": [ "torso", "leg_l", "leg_r", "arm_l", "arm_r" ],
        "coverage": 100,
        "encumbrance": [ 19, 19 ]
      }
    ],
    "pocket_data": [
      { "pocket_type": "CONTAINER", "max_contains_volume": "1 L", "max_contains_weight": "3 kg", "moves": 80 },
      { "pocket_type": "CONTAINER", "max_contains_volume": "1 L", "max_contains_weight": "3 kg", "moves": 80 }
    ],
    "warmth": 75,
    "environmental_protection": 5,
    "flags": [ "VARSIZE", "WATERPROOF", "POCKETS", "HOOD", "RAINPROOF", "STURDY" ],
    "melee_damage": { "bash": 2 }
  },
  {
    "id": "xl_wsurvivor_jumpsuit",
    "type": "ARMOR",
    "name": { "str": "fur Kevlar jumpsuit" },
    "copy-from": "wsurvivor_jumpsuit",
    "proportional": { "weight": 1.125, "volume": 1.13, "price": 1.25 },
    "extend": { "flags": [ "OVERSIZE", "PREFIX_XL" ] }
  },
  {
    "id": "xs_wsurvivor_jumpsuit",
    "type": "ARMOR",
    "name": { "str": "fur Kevlar jumpsuit" },
    "copy-from": "wsurvivor_jumpsuit",
    "proportional": { "weight": 0.75, "volume": 0.75, "price": 0.5 },
    "extend": { "flags": [ "UNDERSIZE", "PREFIX_XS" ] }
  },
  {
    "id": "wsurvivor_jumpsuit_nofur",
    "type": "ARMOR",
    "name": { "str": "faux fur Kevlar jumpsuit" },
    "description": "A warm and heavy hand-built combination armor made from a moisture-wicking core padded with layers of Kevlar and faux fur.  Protects from the elements as well as from harm.",
    "copy-from": "wsurvivor_jumpsuit",
    "material": [ "kevlar", "faux_fur", "lycra" ],
    "armor": [
      {
        "material": [
          { "type": "lycra", "covered_by_mat": 100, "thickness": 0.2 },
          { "type": "faux_fur", "covered_by_mat": 100, "thickness": 2 },
          { "type": "kevlar", "covered_by_mat": 100, "thickness": 1.3 },
          { "type": "kevlar", "covered_by_mat": 90, "thickness": 1.0 }
        ],
        "covers": [ "torso", "leg_l", "leg_r", "arm_l", "arm_r" ],
        "coverage": 100,
        "encumbrance": [ 19, 19 ]
      }
    ],
    "warmth": 65
  },
  {
    "id": "xs_wsurvivor_jumpsuit_nofur",
    "type": "ARMOR",
    "name": { "str": "faux fur Kevlar jumpsuit" },
    "copy-from": "wsurvivor_jumpsuit_nofur",
    "proportional": { "weight": 0.75, "volume": 0.75, "price": 0.5 },
    "extend": { "flags": [ "UNDERSIZE", "PREFIX_XS" ] }
  },
  {
    "id": "xl_wsurvivor_jumpsuit_nofur",
    "type": "ARMOR",
    "name": { "str": "faux fur Kevlar jumpsuit" },
    "copy-from": "wsurvivor_jumpsuit_nofur",
    "proportional": { "weight": 1.125, "volume": 1.13, "price": 1.25 },
    "extend": { "flags": [ "OVERSIZE", "PREFIX_XL" ] }
  },
  {
    "id": "h20survivor_jumpsuit",
    "type": "ARMOR",
    "category": "armor",
    "name": { "str": "Kevlar wetsuit" },
    "description": "A hand-built combination armor made from a wetsuit padded with layers of Kevlar.  Protects from the elements as well as from harm.",
    "weight": "8450 g",
    "volume": "9200 ml",
    "price_postapoc": "50 USD",
    "material": [ "neoprene", "kevlar" ],
    "symbol": "[",
    "to_hit": { "grip": "bad", "length": "hand", "surface": "any", "balance": "uneven" },
    "looks_like": "wetsuit",
    "color": "dark_gray",
    "armor": [
      {
        "material": [
          { "type": "nylon", "covered_by_mat": 100, "thickness": 0.2 },
          { "type": "neoprene", "covered_by_mat": 100, "thickness": 3.5 },
          { "type": "kevlar", "covered_by_mat": 100, "thickness": 1.5 }
        ],
        "covers": [ "torso", "leg_l", "leg_r", "arm_l", "arm_r" ],
        "coverage": 100,
        "encumbrance": [ 19, 19 ]
      }
    ],
    "//": "Pockets are half in size of those found on technical shorts and without a pocket in the flap.",
    "pocket_data": [
      {
        "pocket_type": "CONTAINER",
        "max_contains_volume": "500 ml",
        "max_contains_weight": "1 kg",
        "moves": 130,
        "max_item_length": "11 cm",
        "watertight": true,
        "description": "Back pocket."
      },
      {
        "pocket_type": "CONTAINER",
        "max_contains_volume": "500 ml",
        "max_contains_weight": "1 kg",
        "moves": 130,
        "max_item_length": "11 cm",
        "watertight": true,
        "description": "Back pocket."
      },
      {
        "pocket_type": "CONTAINER",
        "max_contains_volume": "1650 ml",
        "max_contains_weight": "2 kg",
        "max_item_length": "32 cm",
        "description": "Pants pocket.",
        "volume_encumber_modifier": 0.25,
        "moves": 80
      },
      {
        "pocket_type": "CONTAINER",
        "max_contains_volume": "1650 ml",
        "max_contains_weight": "2 kg",
        "max_item_length": "32 cm",
        "description": "Pants pocket.",
        "volume_encumber_modifier": 0.25,
        "moves": 80
      }
    ],
    "warmth": 41,
    "environmental_protection": 12,
    "flags": [ "VARSIZE", "WATER_FRIENDLY", "WATERPROOF", "STURDY", "SKINTIGHT", "NORMAL" ],
    "melee_damage": { "bash": 2 }
  },
  {
    "id": "xs_h20survivor_jumpsuit",
    "type": "ARMOR",
    "name": { "str": "Kevlar wetsuit" },
    "copy-from": "h20survivor_jumpsuit",
    "proportional": { "weight": 0.75, "volume": 0.75, "price": 0.5 },
    "extend": { "flags": [ "UNDERSIZE", "PREFIX_XS" ] }
  },
  {
    "id": "xl_h20survivor_jumpsuit",
    "type": "ARMOR",
    "name": { "str": "Kevlar wetsuit" },
    "copy-from": "h20survivor_jumpsuit",
    "proportional": { "weight": 1.125, "volume": 1.13, "price": 1.25 },
    "extend": { "flags": [ "OVERSIZE", "PREFIX_XL" ] }
  },
  {
    "id": "h20survivor_jumpsuit_light",
    "type": "ARMOR",
    "category": "armor",
    "name": { "str": "light Kevlar wetsuit oversuit" },
    "description": "A hand-built light combination armor made from an expanded and lightened wetsuit padded with layers of Kevlar.  Protects from the elements as well as from harm.",
    "weight": "6400 g",
    "volume": "7000 ml",
    "price_postapoc": "50 USD",
    "material": [ "neoprene", "kevlar" ],
    "symbol": "[",
    "to_hit": { "grip": "bad", "length": "hand", "surface": "any", "balance": "uneven" },
    "looks_like": "wetsuit",
    "color": "dark_gray",
    "armor": [
      {
        "material": [
          { "type": "nylon", "covered_by_mat": 100, "thickness": 0.2 },
          { "type": "neoprene", "covered_by_mat": 100, "thickness": 2.0 },
          { "type": "kevlar", "covered_by_mat": 100, "thickness": 1.5 }
        ],
        "covers": [ "torso", "leg_l", "leg_r", "arm_l", "arm_r" ],
        "coverage": 100,
        "encumbrance": [ 11, 11 ]
      }
    ],
    "//": "Pockets are half in size of those found on technical shorts and without a pocket in the flap.",
    "pocket_data": [
      {
        "pocket_type": "CONTAINER",
        "max_contains_volume": "500 ml",
        "max_contains_weight": "1 kg",
        "moves": 130,
        "max_item_length": "11 cm",
        "watertight": true,
        "description": "Back pocket."
      },
      {
        "pocket_type": "CONTAINER",
        "max_contains_volume": "500 ml",
        "max_contains_weight": "1 kg",
        "moves": 130,
        "max_item_length": "11 cm",
        "watertight": true,
        "description": "Back pocket."
      },
      {
        "pocket_type": "CONTAINER",
        "max_contains_volume": "1650 ml",
        "max_contains_weight": "2 kg",
        "max_item_length": "32 cm",
        "description": "Pants pocket.",
        "volume_encumber_modifier": 0.2,
        "moves": 80
      },
      {
        "pocket_type": "CONTAINER",
        "max_contains_volume": "1650 ml",
        "max_contains_weight": "2 kg",
        "max_item_length": "32 cm",
        "description": "Pants pocket.",
        "volume_encumber_modifier": 0.2,
        "moves": 80
      }
    ],
    "warmth": 30,
    "environmental_protection": 10,
    "flags": [ "VARSIZE", "WATER_FRIENDLY", "WATERPROOF", "STURDY" ],
    "melee_damage": { "bash": 2 }
  },
  {
    "id": "xs_h20survivor_jumpsuit_light",
    "type": "ARMOR",
    "name": { "str": "light Kevlar wetsuit oversuit" },
    "copy-from": "h20survivor_jumpsuit_light",
    "proportional": { "weight": 0.75, "volume": 0.75, "price": 0.5 },
    "extend": { "flags": [ "UNDERSIZE", "PREFIX_XS" ] }
  },
  {
    "id": "xl_h20survivor_jumpsuit_light",
    "type": "ARMOR",
    "name": { "str": "light Kevlar wetsuit oversuit" },
    "copy-from": "h20survivor_jumpsuit_light",
    "proportional": { "weight": 1.125, "volume": 1.13, "price": 1.25 },
    "extend": { "flags": [ "OVERSIZE", "PREFIX_XL" ] }
  },
  {
    "id": "thick_h20survivor_jumpsuit",
    "type": "ARMOR",
    "category": "armor",
    "name": { "str": "thick Kevlar wetsuit" },
    "description": "A hand-built combination armor made from a thick wetsuit padded with layers of Kevlar.  While uncomfortably warm and hard to move in it provides substantial protection from harm and from the elements.",
    "weight": "14905 g",
    "volume": "15000 ml",
    "price_postapoc": "50 USD",
    "material": [ "neoprene", "nylon", "kevlar" ],
    "symbol": "[",
    "to_hit": { "grip": "bad", "length": "hand", "surface": "any", "balance": "uneven" },
    "looks_like": "wetsuit",
    "color": "dark_gray",
    "armor": [
      {
        "material": [
          { "type": "nylon", "covered_by_mat": 100, "thickness": 0.4 },
          { "type": "neoprene", "covered_by_mat": 100, "thickness": 5.0 },
          { "type": "kevlar", "covered_by_mat": 100, "thickness": 3.0 }
        ],
        "covers": [ "torso", "leg_l", "leg_r", "arm_l", "arm_r" ],
        "coverage": 100,
        "encumbrance": [ 26, 26 ]
      }
    ],
    "//": "Pockets are from normal thick wetsuit with back pockets added on.",
    "pocket_data": [
      {
        "pocket_type": "CONTAINER",
        "max_contains_volume": "500 ml",
        "max_contains_weight": "1 kg",
        "moves": 130,
        "max_item_length": "11 cm",
        "watertight": true,
        "description": "Back pocket."
      },
      {
        "pocket_type": "CONTAINER",
        "max_contains_volume": "500 ml",
        "max_contains_weight": "1 kg",
        "moves": 130,
        "max_item_length": "11 cm",
        "watertight": true,
        "description": "Back pocket."
      },
      {
        "pocket_type": "CONTAINER",
        "max_contains_volume": "1000 ml",
        "max_contains_weight": "1500 g",
        "moves": 130,
        "max_item_length": "20 cm",
        "watertight": true,
        "description": "Hip pocket."
      },
      {
        "pocket_type": "CONTAINER",
        "max_contains_volume": "1000 ml",
        "max_contains_weight": "1500 g",
        "moves": 130,
        "max_item_length": "20 cm",
        "watertight": true,
        "description": "Hip pocket."
      }
    ],
    "warmth": 70,
    "environmental_protection": 14,
    "flags": [ "VARSIZE", "WATER_FRIENDLY", "WATERPROOF", "STURDY", "SKINTIGHT", "NORMAL" ],
    "melee_damage": { "bash": 2 }
  },
  {
    "id": "xs_thick_h20survivor_jumpsuit",
    "type": "ARMOR",
    "name": { "str": "thick Kevlar wetsuit" },
    "copy-from": "thick_h20survivor_jumpsuit",
    "proportional": { "weight": 0.75, "volume": 0.75, "price": 0.5 },
    "extend": { "flags": [ "UNDERSIZE", "PREFIX_XS" ] }
  },
  {
    "id": "xl_thick_h20survivor_jumpsuit",
    "type": "ARMOR",
    "name": { "str": "thick Kevlar wetsuit" },
    "copy-from": "thick_h20survivor_jumpsuit",
    "proportional": { "weight": 1.125, "volume": 1.13, "price": 1.25 },
    "extend": { "flags": [ "OVERSIZE", "PREFIX_XL" ] }
  },
  {
    "id": "fsurvivor_jumpsuit",
    "type": "ARMOR",
    "category": "armor",
    "name": { "str": "Kevlar firesuit" },
    "description": "A heavy, hand-built combination armor made from flame-resistant Nomex padded with layers of Kevlar.  Protects from fire as well as from harm.",
    "weight": "6800 g",
    "volume": "11500 ml",
    "price": "2 kUSD",
    "price_postapoc": "50 USD",
    "to_hit": { "grip": "bad", "length": "hand", "surface": "any", "balance": "uneven" },
    "material": [ "nomex", "kevlar" ],
    "symbol": "[",
    "looks_like": "survivor_suit",
    "color": "light_gray",
    "armor": [
      {
        "material": [
          { "type": "nomex", "covered_by_mat": 100, "thickness": 2 },
          { "type": "kevlar", "covered_by_mat": 100, "thickness": 1.3 },
          { "type": "kevlar", "covered_by_mat": 90, "thickness": 1.0 }
        ],
        "covers": [ "torso", "leg_l", "leg_r", "arm_l", "arm_r" ],
        "coverage": 100,
        "encumbrance": [ 19, 19 ]
      }
    ],
    "pocket_data": [
      { "pocket_type": "CONTAINER", "max_contains_volume": "1 L", "max_contains_weight": "3 kg", "moves": 80 },
      { "pocket_type": "CONTAINER", "max_contains_volume": "1 L", "max_contains_weight": "3 kg", "moves": 80 }
    ],
    "warmth": 15,
    "environmental_protection": 4,
    "flags": [ "VARSIZE", "WATERPROOF", "POCKETS", "RAINPROOF", "STURDY" ],
    "melee_damage": { "bash": 2 }
  },
  {
    "id": "xs_fsurvivor_jumpsuit",
    "type": "ARMOR",
    "name": { "str": "Kevlar firesuit" },
    "copy-from": "fsurvivor_jumpsuit",
    "proportional": { "weight": 0.75, "volume": 0.75, "price": 0.5 },
    "extend": { "flags": [ "UNDERSIZE", "PREFIX_XS" ] }
  },
  {
    "id": "xl_fsurvivor_jumpsuit",
    "type": "ARMOR",
    "name": { "str": "Kevlar firesuit" },
    "copy-from": "fsurvivor_jumpsuit",
    "proportional": { "weight": 1.125, "volume": 1.13, "price": 1.25 },
    "extend": { "flags": [ "OVERSIZE", "PREFIX_XL" ] }
  }
]
