[
  {
    "type": "effect_on_condition",
    "id": "EOC_godco_hate_u_mutant",
    "recurrence": [ 20, 40 ],
    "condition": {
      "or": [
        {
          "u_has_any_trait": [
            "THRESH_LIZARD",
            "THRESH_GASTROPOD",
            "THRESH_BIRD",
            "THRESH_FISH",
            "THRESH_BEAST",
            "THRESH_FELINE",
            "THRESH_LUPINE",
            "THRESH_URSINE",
            "THRESH_CATTLE",
            "THRESH_INSECT",
            "THRESH_PLANT",
            "THRESH_SLIME",
            "THRESH_TROGLOBITE",
            "THRESH_CEPHALOPOD",
            "THRESH_SPIDER",
            "THRESH_RAT",
            "THRESH_ELPHA",
            "THRESH_CHIMERA",
            "THRESH_RAPTOR",
            "THRESH_BATRACHIAN",
            "THRESH_MOUSE",
            "THRESH_MARLOSS",
            "THRESH_MYCUS",
            "THRESH_CRUSTACEAN",
            "THRESH_CHIROPTERAN",
            "THRESH_RABBIT"
          ]
        }
      ]
    },
    "deactivate_condition": { "compare_string": [ "yes", { "u_val": "dialogue_godco_godco_notalk_to_u" } ] },
    "effect": [ { "u_add_var": "dialogue_godco_godco_notalk_to_u", "value": "yes" } ]
  },
  {
    "type": "effect_on_condition",
    "id": "theresa_remove",
    "recurrence": 100,
    "global": true,
    "condition": {
      "and": [
        { "compare_string": [ "yes", { "u_val": "general_completed_theresa_going_away" } ] },
        { "u_near_om_location": "godco_3", "range": 12 }
      ]
    },
    "deactivate_condition": { "compare_string": [ "yes", { "u_val": "general_completed_theresa_gone" } ] },
    "effect": [
      { "mapgen_update": "theresa_remove", "om_terrain": "godco_3" },
      { "u_lose_var": "general_completed_theresa_going_away" },
      { "u_add_var": "general_completed_theresa_gone", "value": "yes" }
    ]
  },
  {
    "type": "effect_on_condition",
    "id": "godco_place_trader",
    "recurrence": 100,
    "global": false,
    "condition": {
      "and": [
        { "math": [ "godco_met_merchants == 0" ] },
        { "math": [ "time_since('cataclysm', 'unit':'days') >= 7" ] },
        { "u_near_om_location": "godco_enter", "range": 2 },
        { "not": { "u_near_om_location": "godco_enter", "range": 1 } }
      ]
    },
    "deactivate_condition": { "math": [ "godco_met_merchants == 1" ] },
    "effect": [
      { "mapgen_update": "godco_permanent_trader_predatory_add", "om_terrain": "godco_enter" },
      { "math": [ "godco_met_merchants = 1" ] }
    ]
  },
  {
    "type": "effect_on_condition",
    "id": "godco_change_trader",
    "recurrence": 100,
    "global": false,
    "condition": {
      "and": [
        { "math": [ "freemerch_godco_trader_investigated == 1" ] },
        { "u_near_om_location": "godco_enter", "range": 2 },
        { "not": { "u_near_om_location": "godco_enter", "range": 1 } }
      ]
    },
    "deactivate_condition": { "math": [ "freemerch_godco_trader_investigated == 2" ] },
    "effect": [
      { "mapgen_update": "godco_permanent_trader_change", "om_terrain": "godco_enter" },
      { "math": [ "freemerch_godco_trader_investigated = 2" ] }
    ]
  },
  {
    "type": "effect_on_condition",
    "id": "GODCO_TRADER_MISSION_DEATHFAIL",
    "eoc_type": "NPC_DEATH",
    "effect": [
      { "math": [ "godco_freemerch_representative_dead = 0" ] },
      { "u_lose_var": "general_trade_u_think_suspicious_price" },
      { "finish_mission": "MISSION_INVESTIGATE_TRADER", "success": false }
    ]
  },
  {
    "type": "effect_on_condition",
    "id": "GODCO_EDDIE_CANNING_MISSION_ADD",
    "condition": {
      "and": [
        { "math": [ "godco_has_canningpots == 1" ] },
        { "not": { "compare_string": [ "yes", { "npc_val": "dialogue_missions_got_mission" } ] } }
      ]
    },
    "deactivate_condition": { "compare_string": [ "yes", { "npc_val": "dialogue_missions_got_mission" } ] },
    "effect": [
      { "offer_mission": "MISSION_GODCO_FOOD_GUARD_CANNING_STARTUP" },
      { "npc_add_var": "dialogue_missions_got_mission", "value": "yes" }
    ]
  }
]
