[
  {
    "type": "effect_on_condition",
    "id": "EOC_quietfarm_nearby",
    "eoc_type": "EVENT",
    "required_event": "avatar_enters_omt",
    "condition": {
      "and": [
        { "or": [ { "u_near_om_location": "unvitrified_farm_0" }, { "u_near_om_location": "unvitrified_orchard" } ] },
        { "math": [ "u_vitri_glass_entered < 1" ] }
      ]
    },
    "effect": [
      {
        "u_message": "There is a soft, sonorous tone filling the air, like wind over brittle ice.  It sets your teeth on edge.",
        "type": "neutral",
        "popup": true
      },
      { "math": [ "u_vitri_glass_entered = 1" ] },
      { "math": [ "u_back_from_vitri_glass = 0" ] }
    ]
  },
  {
    "type": "effect_on_condition",
    "id": "EOC_vitrified_farm_entry_event",
    "eoc_type": "EVENT",
    "required_event": "avatar_enters_omt",
    "condition": { "or": [ { "u_at_om_location": "unvitrified_farm_0" }, { "u_at_om_location": "unvitrified_orchard" } ] },
    "effect": [ { "run_eocs": "EOC_vitrified_farm_init" } ]
  },
  {
    "type": "effect_on_condition",
    "id": "EOC_vitrified_farm_init",
    "condition": {
      "and": [
        { "or": [ { "u_at_om_location": "unvitrified_farm_0" }, { "u_at_om_location": "unvitrified_orchard" } ] },
        {
          "and": [
            { "not": { "u_has_effect": "VITRIFYING" } },
            { "not": { "u_has_trait": "NOT_GLASS" } },
            { "not": { "u_is_on_terrain": "t_quietfarm_border_ground" } },
            { "not": { "u_is_on_terrain": "t_quietfarm_border_fence" } },
            { "not": { "u_is_on_terrain": "t_quietfarm_border_fence_closed" } },
            { "not": { "u_is_on_terrain": "t_quietfarm_border_fence_open" } },
            { "math": [ "u_vitri_glass_entered < 2" ] }
          ]
        }
      ]
    },
    "false_effect": [
      {
        "if": {
          "and": [
            { "not": { "u_has_trait": "NOT_GLASS" } },
            { "or": [ { "u_at_om_location": "unvitrified_farm_0" }, { "u_at_om_location": "unvitrified_orchard" } ] }
          ]
        },
        "then": { "run_eocs": [ "EOC_vitrified_farm_init" ], "time_in_future": "1 seconds" }
      }
    ],
    "effect": [
      {
        "place_override": { "global_val": "place_name", "default_str": "Quiet Farmhouse" },
        "length": "1 day",
        "key": "vitrified_farm_escape_key"
      },
      { "custom_light_level": 70, "length": "1 day", "key": "vitrified_farm_escape_key" },
      { "math": [ "u_glass_health_head = u_hp('head')" ] },
      { "math": [ "u_glass_health_torso = u_hp('torso')" ] },
      { "math": [ "u_glass_health_arm_l = u_hp('arm_l')" ] },
      { "math": [ "u_glass_health_arm_r = u_hp('arm_r')" ] },
      { "math": [ "u_glass_health_leg_l = u_hp('leg_l')" ] },
      { "math": [ "u_glass_health_leg_r = u_hp('leg_r')" ] },
      { "math": [ "u_glass_sleepiness = u_val('sleepiness')" ] },
      {
        "u_location_variable": { "global_val": "vitrified_farm_ground" },
        "target_params": { "om_terrain": "unvitrified_farm_0", "search_range": 100, "min_distance": 0, "z": 0 },
        "z_adjust": 6,
        "z_override": true
      },
      {
        "u_location_variable": { "global_val": "vitrified_farm_upper" },
        "target_params": { "om_terrain": "unvitrified_farm_1", "search_range": 100, "min_distance": 0, "z": 0 },
        "z_adjust": 7,
        "z_override": true
      },
      {
        "u_location_variable": { "global_val": "vitrified_farm_basement" },
        "target_params": { "om_terrain": "unvitrified_farm_neg_1", "search_range": 100, "min_distance": 0, "z": 0 },
        "z_adjust": 5,
        "z_override": true
      },
      {
        "u_location_variable": { "global_val": "vitrified_farm_roof" },
        "target_params": { "om_terrain": "unvitrified_farm_2", "search_range": 100, "min_distance": 0, "z": 0 },
        "z_adjust": 8,
        "z_override": true
      },
      {
        "u_location_variable": { "global_val": "vitrified_sky_1" },
        "target_params": { "om_terrain": "unvitrified_farm_2", "search_range": 100, "min_distance": 0, "z": 0 },
        "z_adjust": 9,
        "z_override": true
      },
      {
        "u_location_variable": { "global_val": "vitrified_apples" },
        "target_params": { "om_terrain": "unvitrified_orchard", "search_range": 100, "min_distance": 0, "z": 0 },
        "z_adjust": 6,
        "z_override": true
      },
      {
        "u_location_variable": { "global_val": "vitrified_apples_sky_lower" },
        "target_params": { "om_terrain": "unvitrified_orchard", "search_range": 100, "min_distance": 0, "z": 0 },
        "z_adjust": 7,
        "z_override": true
      },
      {
        "u_location_variable": { "global_val": "vitrified_apples_sky_upper" },
        "target_params": { "om_terrain": "unvitrified_orchard", "search_range": 100, "min_distance": 0, "z": 0 },
        "z_adjust": 8,
        "z_override": true
      },
      {
        "u_location_variable": { "global_val": "vitrified_sky_2" },
        "target_params": { "om_terrain": "unvitrified_orchard", "search_range": 100, "min_distance": 0, "z": 0 },
        "z_adjust": 9,
        "z_override": true
      },
      {
        "revert_location": { "global_val": "vitrified_farm_ground" },
        "time_in_future": "infinite",
        "key": "vitrified_farm_escape_key"
      },
      {
        "revert_location": { "global_val": "vitrified_farm_upper" },
        "time_in_future": "infinite",
        "key": "vitrified_farm_escape_key"
      },
      {
        "revert_location": { "global_val": "vitrified_farm_basement" },
        "time_in_future": "infinite",
        "key": "vitrified_farm_escape_key"
      },
      {
        "revert_location": { "global_val": "vitrified_farm_roof" },
        "time_in_future": "infinite",
        "key": "vitrified_farm_escape_key"
      },
      {
        "revert_location": { "global_val": "vitrified_sky_1" },
        "time_in_future": "infinite",
        "key": "vitrified_farm_escape_key"
      },
      {
        "revert_location": { "global_val": "vitrified_apples" },
        "time_in_future": "infinite",
        "key": "vitrified_farm_escape_key"
      },
      {
        "revert_location": { "global_val": "vitrified_apples_sky_lower" },
        "time_in_future": "infinite",
        "key": "vitrified_farm_escape_key"
      },
      {
        "revert_location": { "global_val": "vitrified_apples_sky_upper" },
        "time_in_future": "infinite",
        "key": "vitrified_farm_escape_key"
      },
      {
        "revert_location": { "global_val": "vitrified_sky_2" },
        "time_in_future": "infinite",
        "key": "vitrified_farm_escape_key"
      },
      { "mapgen_update": "vitrified_farm_0", "target_var": { "global_val": "vitrified_farm_ground" } },
      { "mapgen_update": "vitrified_farm_1", "target_var": { "global_val": "vitrified_farm_upper" } },
      { "mapgen_update": "vitrified_farm_-1", "target_var": { "global_val": "vitrified_farm_basement" } },
      { "mapgen_update": "vitrified_farm_2", "target_var": { "global_val": "vitrified_farm_roof" } },
      { "mapgen_update": "vitrified_sky", "target_var": { "global_val": "vitrified_sky_1" } },
      { "mapgen_update": "vitrified_orchard", "target_var": { "global_val": "vitrified_apples" } },
      { "mapgen_update": "vitrified_orchard_sky", "target_var": { "global_val": "vitrified_apples_sky_lower" } },
      { "mapgen_update": "vitrified_orchard_sky", "target_var": { "global_val": "vitrified_apples_sky_upper" } },
      { "mapgen_update": "vitrified_sky", "target_var": { "global_val": "vitrified_sky_2" } },
      { "u_location_variable": { "u_val": "vitrifaction_entry" }, "z_adjust": 6 },
      { "u_teleport": { "u_val": "vitrifaction_entry" }, "fail_message": "Oops!", "force": true },
      {
        "u_message": "You arrive at the farmhouse, after what feels like an eternity.  It's not quite what you were expecting, but it's very peaceful.",
        "type": "good",
        "popup": true
      },
      { "math": [ "u_vitri_vitrified = 1" ] },
      { "math": [ "u_vitri_glassed = 0" ] },
      { "math": [ "u_vitri_glass_entered = 2" ] },
      { "u_add_effect": "VITRIFYING", "duration": "PERMANENT", "intensity": { "math": [ "u_vitri_vitrified" ] } },
      { "run_eocs": "EOC_vitrified_farm_explore", "time_in_future": "1 minutes" }
    ]
  },
  {
    "type": "effect_on_condition",
    "id": "EOC_vitrified_farm_explore",
    "condition": { "u_has_effect": "VITRIFYING" },
    "effect": [
      { "run_eocs": "EOC_vitrified_farm_explore", "time_in_future": "1 minutes" },
      {
        "switch": { "math": [ "u_vitri_vitrified" ] },
        "cases": [
          {
            "case": 1,
            "effect": [
              { "u_message": "Vitrifaction_Ambient_1", "snippet": true, "type": "good" },
              { "math": [ "u_vitri_glassed++" ] },
              { "u_add_morale": "morale_vitri_placid", "bonus": 3, "max_bonus": 50 },
              { "run_eocs": "EOC_queue_vitrified_int_drain" }
            ]
          },
          {
            "case": 2,
            "effect": [
              { "u_message": "Vitrifaction_Ambient_2", "snippet": true, "type": "good" },
              { "math": [ "u_vitri_glassed++" ] },
              { "u_add_morale": "morale_vitri_placid", "bonus": 5, "max_bonus": 99 },
              { "run_eocs": "EOC_queue_vitrified_int_drain" }
            ]
          },
          {
            "case": 3,
            "effect": [
              { "u_message": "Vitrifaction_Ambient_3", "snippet": true, "type": "good" },
              { "math": [ "u_vitri_glassed++" ] },
              { "u_add_morale": "morale_vitri_placid", "bonus": 7, "max_bonus": 99 },
              { "run_eocs": "EOC_queue_vitrified_int_drain" }
            ]
          },
          {
            "case": 4,
            "effect": [
              { "u_message": "Vitrifaction_Ambient_4", "snippet": true, "type": "good" },
              { "math": [ "u_vitri_glassed++" ] },
              { "u_add_morale": "morale_vitri_placid", "bonus": 10, "max_bonus": 99 },
              { "run_eocs": "EOC_queue_vitrified_int_drain" }
            ]
          },
          {
            "case": 5,
            "effect": [
              { "u_message": "Vitrifaction_Ambient_5", "snippet": true, "type": "good" },
              { "math": [ "u_vitri_glassed++" ] },
              { "u_add_morale": "morale_vitri_placid", "bonus": 15, "max_bonus": 99 },
              { "run_eocs": "EOC_queue_vitrified_int_drain" }
            ]
          },
          {
            "case": 6,
            "effect": [
              { "u_message": "Vitrifaction_Ambient_6", "snippet": true, "type": "good" },
              { "math": [ "u_vitri_glassed++" ] },
              { "u_add_morale": "morale_vitri_placid", "bonus": 20, "max_bonus": 99 },
              { "run_eocs": "EOC_queue_vitrified_int_drain" }
            ]
          },
          {
            "case": 7,
            "effect": [
              { "u_message": "Vitrifaction_Final", "snippet": true, "popup": true, "type": "good" },
              { "math": [ "u_hp('ALL') = 0" ] }
            ]
          }
        ]
      }
    ]
  },
  {
    "type": "effect_on_condition",
    "id": "vitrified_bleed_check",
    "recurrence": 10,
    "condition": { "and": [ { "u_has_effect": "VITRIFYING" }, { "u_has_effect": "bleed" } ] },
    "effect": [
      {
        "switch": { "math": [ "u_vitri_vitrified" ] },
        "cases": [
          { "case": 0, "effect": { "u_message": "Vitrifaction_Bleed_1", "snippet": true, "type": "good" } },
          { "case": 3, "effect": { "u_message": "Vitrifaction_Bleed_2", "snippet": true, "type": "good" } },
          { "case": 5, "effect": { "u_message": "Vitrifaction_Bleed_3", "snippet": true, "type": "good" } }
        ]
      }
    ]
  },
  {
    "type": "effect_on_condition",
    "id": "vitrified_death",
    "eoc_type": "AVATAR_DEATH",
    "condition": { "u_has_effect": "VITRIFYING" },
    "effect": { "u_message": "Vitrifaction_Final", "snippet": true, "type": "good" }
  },
  {
    "type": "effect_on_condition",
    "id": "EOC_queue_vitrified_int_drain",
    "effect": { "run_eocs": "EOC_vitrified_int_drain", "time_in_future": "1 seconds" }
  },
  {
    "type": "effect_on_condition",
    "id": "EOC_vitrified_int_drain",
    "condition": { "and": [ { "x_in_y_chance": { "x": 1, "y": 2 } }, { "math": [ "u_vitri_glassed >= 5" ] } ] },
    "effect": [
      { "math": [ "u_vitri_vitrified++" ] },
      { "u_add_effect": "VITRIFYING", "duration": "PERMANENT", "intensity": { "math": [ "u_vitri_vitrified" ] } },
      { "math": [ "u_vitri_glassed = 0" ] }
    ]
  },
  {
    "type": "effect_on_condition",
    "id": "EOC_queue_unvitrified_return",
    "condition": { "math": [ "u_back_from_vitri_glass < 1" ] },
    "effect": [
      { "run_eocs": "EOC_unvitrified_return", "time_in_future": "1 seconds" },
      { "math": [ "u_back_from_vitri_glass = 1" ] }
    ]
  },
  {
    "type": "effect_on_condition",
    "id": "EOC_unvitrified_return",
    "effect": [
      { "u_lose_effect": "VITRIFYING" },
      { "u_add_trait": "NOT_GLASS" },
      { "u_location_variable": { "u_val": "vitrifaction_exit" }, "x_adjust": 0, "y_adjust": 0, "z_adjust": -6 },
      { "u_teleport": { "u_val": "vitrifaction_exit" }, "fail_message": "Oops!", "force": true },
      { "u_remove_item_with": "imperfect_doll_complete" },
      { "u_remove_item_with": "black_glass_shard" },
      { "alter_timed_events": "vitrified_farm_escape_key" },
      { "math": [ "u_hp('head') = u_glass_health_head" ] },
      { "math": [ "u_hp('torso') = u_glass_health_torso" ] },
      { "math": [ "u_hp('arm_l') = u_glass_health_arm_l" ] },
      { "math": [ "u_hp('arm_r') = u_glass_health_arm_r" ] },
      { "math": [ "u_hp('leg_l') = u_glass_health_leg_l" ] },
      { "math": [ "u_hp('leg_r') = u_glass_health_leg_r" ] },
      { "math": [ "u_val('sleepiness') = u_glass_sleepiness" ] },
      { "u_lose_morale": "morale_vitri_placid" },
      {
        "u_message": "You suck in a deep, ragged draught of air that burns in your chest.  Have you been holding your breath?  You must have been.  All you can hear for a moment is your heart hammering in your ears.  It takes a while to settle down.",
        "type": "good",
        "popup": true
      }
    ]
  },
  {
    "type": "effect_on_condition",
    "id": "EOC_vitrified_succession",
    "eoc_type": "EVENT",
    "required_event": "game_avatar_new",
    "global": true,
    "effect": { "alter_timed_events": "vitrified_farm_escape_key" }
  },
  {
    "id": "morale_vitri_placid",
    "type": "morale_type",
    "text": "Content amidst the glass"
  }
]
