[
  {
    "type": "construction",
    "id": "constr_apiary",
    "group": "build_bee_hive",
    "category": "FARM_WOOD",
    "required_skills": [ [ "fabrication", 2 ] ],
    "time": "4 h",
    "qualities": [ [ { "id": "HAMMER", "level": 2 }, { "id": "SAW_W", "level": 2 }, { "id": "DRILL", "level": 1 } ] ],
    "components": [
      [ [ "2x4", 14 ] ],
      [ [ "wood_panel", 8 ] ],
      [ [ "nails", 28, "LIST" ] ],
      [ [ "swarm_bees", 1 ] ],
      [ [ "sweet_water", 10 ], [ "honey_bottled", 10 ], [ "honeycomb", 10 ] ]
    ],
    "pre_special": "check_empty",
    "post_terrain": "t_apiary_empty"
  },
  {
    "type": "construction",
    "id": "constr_cut_grass_alien",
    "group": "cut_grass",
    "category": "OTHER",
    "qualities": [ [ { "id": "GRASS_CUT", "level": 2 } ] ],
    "required_skills": [ [ "survival", 0 ] ],
    "time": "1 m",
    "pre_special": "check_empty_lite",
    "pre_terrain": "t_grass_alien",
    "post_terrain": "t_dirt"
  },
  {
    "type": "construction",
    "id": "constr_cut_grass_dead",
    "group": "cut_grass",
    "category": "OTHER",
    "qualities": [ [ { "id": "GRASS_CUT", "level": 1 } ] ],
    "required_skills": [ [ "survival", 0 ] ],
    "time": "4 m",
    "byproducts": [ { "item": "straw_pile", "count": [ 1, 2 ] } ],
    "pre_special": "check_empty_lite",
    "pre_terrain": "t_grass_dead",
    "post_terrain": "t_grass"
  },
  {
    "type": "construction",
    "id": "constr_cut_grass_dead_advanced",
    "group": "cut_grass",
    "category": "OTHER",
    "qualities": [ [ { "id": "GRASS_CUT", "level": 2 } ] ],
    "required_skills": [ [ "survival", 0 ] ],
    "time": "40 s",
    "byproducts": [ { "item": "straw_pile", "count": [ 2, 4 ] } ],
    "pre_special": "check_empty_lite",
    "pre_terrain": "t_grass_dead",
    "post_terrain": "t_grass"
  },
  {
    "type": "construction",
    "id": "constr_cut_grass_long",
    "group": "cut_grass",
    "category": "OTHER",
    "qualities": [ [ { "id": "GRASS_CUT", "level": 1 } ] ],
    "required_skills": [ [ "survival", 0 ] ],
    "time": "4 m",
    "byproducts": [ { "item": "straw_pile", "count": [ 1, 3 ] } ],
    "pre_special": "check_empty_lite",
    "pre_terrain": "t_grass_long",
    "post_terrain": "t_grass"
  },
  {
    "type": "construction",
    "id": "constr_cut_grass_long_advanced",
    "group": "cut_grass",
    "category": "OTHER",
    "qualities": [ [ { "id": "GRASS_CUT", "level": 2 } ] ],
    "required_skills": [ [ "survival", 0 ] ],
    "time": "40 s",
    "byproducts": [ { "item": "straw_pile", "count": [ 3, 6 ] } ],
    "pre_special": "check_empty_lite",
    "pre_terrain": "t_grass_long",
    "post_terrain": "t_grass"
  },
  {
    "type": "construction",
    "id": "constr_cut_grass_tall",
    "group": "cut_grass",
    "category": "OTHER",
    "qualities": [ [ { "id": "GRASS_CUT", "level": 1 } ] ],
    "required_skills": [ [ "survival", 0 ] ],
    "time": "5 m",
    "byproducts": [ { "item": "straw_pile", "count": [ 2, 4 ] } ],
    "pre_special": "check_empty_lite",
    "pre_terrain": "t_grass_tall",
    "post_terrain": "t_grass"
  },
  {
    "type": "construction",
    "id": "constr_cut_grass_tall_advanced",
    "group": "cut_grass",
    "category": "OTHER",
    "qualities": [ [ { "id": "GRASS_CUT", "level": 2 } ] ],
    "required_skills": [ [ "survival", 0 ] ],
    "time": "50 s",
    "byproducts": [ { "item": "straw_pile", "count": [ 4, 8 ] } ],
    "pre_special": "check_empty_lite",
    "pre_terrain": "t_grass_tall",
    "post_terrain": "t_grass"
  },
  {
    "type": "construction",
    "id": "constr_grass_white",
    "group": "paint_grass_white",
    "category": "DECORATE",
    "required_skills": [ [ "fabrication", 0 ] ],
    "time": "4 m",
    "tools": [ [ "paint_brush" ] ],
    "components": [ [ [ "paint_white", 3 ] ] ],
    "pre_terrain": "t_grass",
    "post_terrain": "t_grass_white"
  },
  {
    "type": "construction",
    "id": "constr_grass_white_dead",
    "group": "paint_grass_white",
    "category": "DECORATE",
    "required_skills": [ [ "fabrication", 0 ] ],
    "time": "4 m",
    "tools": [ [ "paint_brush" ] ],
    "components": [ [ [ "paint_white", 3 ] ] ],
    "pre_terrain": "t_grass_dead",
    "post_terrain": "t_grass_white"
  },
  {
    "type": "construction",
    "id": "constr_grass_white_golf",
    "group": "paint_grass_white",
    "category": "DECORATE",
    "required_skills": [ [ "fabrication", 0 ] ],
    "time": "4 m",
    "tools": [ [ "paint_brush" ] ],
    "components": [ [ [ "paint_white", 3 ] ] ],
    "pre_terrain": "t_grass_golf",
    "post_terrain": "t_grass_white"
  },
  {
    "type": "construction",
    "id": "constr_remove_grass",
    "group": "remove_grass",
    "category": "OTHER",
    "required_skills": [ [ "survival", 0 ] ],
    "time": "4 m",
    "qualities": [ [ { "id": "DIG", "level": 1 } ] ],
    "pre_special": "check_empty_lite",
    "pre_terrain": "t_grass",
    "post_terrain": "t_dirt"
  },
  {
    "type": "construction",
    "id": "constr_remove_grass_dead",
    "group": "remove_grass",
    "category": "OTHER",
    "required_skills": [ [ "survival", 0 ] ],
    "time": "6 m",
    "qualities": [ [ { "id": "DIG", "level": 1 } ] ],
    "byproducts": [ { "item": "straw_pile", "count": [ 0, 1 ] } ],
    "pre_special": "check_empty_lite",
    "pre_terrain": "t_grass_dead",
    "post_terrain": "t_dirt"
  },
  {
    "type": "construction",
    "id": "constr_remove_grass_golf",
    "group": "remove_grass",
    "category": "OTHER",
    "required_skills": [ [ "survival", 0 ] ],
    "time": "6 m",
    "qualities": [ [ { "id": "DIG", "level": 1 } ] ],
    "pre_special": "check_empty_lite",
    "pre_terrain": "t_grass_golf",
    "post_terrain": "t_dirt"
  },
  {
    "type": "construction",
    "id": "constr_remove_grass_long",
    "group": "remove_grass",
    "category": "OTHER",
    "required_skills": [ [ "survival", 0 ] ],
    "time": "6 m",
    "qualities": [ [ { "id": "DIG", "level": 1 } ] ],
    "byproducts": [ { "item": "straw_pile", "count": [ 0, 1 ] } ],
    "pre_special": "check_empty_lite",
    "pre_terrain": "t_grass_long",
    "post_terrain": "t_dirt"
  },
  {
    "type": "construction",
    "id": "constr_remove_grass_tall",
    "group": "remove_grass",
    "category": "OTHER",
    "required_skills": [ [ "survival", 0 ] ],
    "time": "8 m",
    "qualities": [ [ { "id": "DIG", "level": 1 } ] ],
    "byproducts": [ { "item": "straw_pile", "count": [ 1, 2 ] } ],
    "pre_special": "check_empty_lite",
    "pre_terrain": "t_grass_tall",
    "post_terrain": "t_dirt"
  },
  {
    "type": "construction",
    "id": "constr_remove_grass_white",
    "group": "remove_grass",
    "category": "OTHER",
    "required_skills": [ [ "survival", 0 ] ],
    "time": "6 m",
    "qualities": [ [ { "id": "DIG", "level": 1 } ] ],
    "pre_special": "check_empty_lite",
    "pre_terrain": "t_grass_white",
    "post_terrain": "t_dirt"
  }
]
