[
  {
    "type": "construction",
    "id": "constr_decorative_tree",
    "group": "build_decorative_tree",
    "category": "FURN",
    "required_skills": [ [ "fabrication", 0 ] ],
    "time": "20 m",
    "qualities": [ [ { "id": "HAMMER", "level": 2 } ], [ { "id": "SAW_W", "level": 1 } ] ],
    "components": [ [ [ "stick", 4 ], [ "stick_long", 2 ], [ "log", 1 ] ], [ [ "nails", 20, "LIST" ] ], [ [ "pine_bough", 8 ] ] ],
    "pre_special": "check_empty",
    "post_terrain": "f_decorative_tree"
  }
]
