[
  {
    "type": "construction",
    "id": "constr_adobe_brick_wall",
    "group": "build_brick_wall_from_adobe",
    "//": "Step 2: finish wall",
    "category": "CONSTRUCT",
    "required_skills": [ [ "fabrication", 3 ] ],
    "time": "120 m",
    "qualities": [ [ { "id": "SMOOTH", "level": 1 } ] ],
    "components": [
      [ [ "adobe_brick", 10 ] ],
      [ [ "mortar_adobe", 1 ] ],
      [ [ "water", 1 ], [ "water_clean", 1 ] ],
      [ [ "material_sand", 20 ] ]
    ],
    "pre_terrain": "t_adobe_brick_wall_halfway",
    "post_terrain": "t_adobe_brick_wall"
  },
  {
    "type": "construction",
    "id": "constr_adobe_brick_wall_halfway",
    "group": "build_brick_wall_from_adobe",
    "//": "Step 1: start wall",
    "category": "CONSTRUCT",
    "required_skills": [ [ "fabrication", 3 ] ],
    "time": "120 m",
    "qualities": [ [ { "id": "SMOOTH", "level": 1 } ] ],
    "components": [
      [ [ "adobe_brick", 10 ] ],
      [ [ "mortar_adobe", 1 ] ],
      [ [ "water", 1 ], [ "water_clean", 1 ] ],
      [ [ "material_sand", 20 ] ]
    ],
    "pre_terrain": "t_dirt",
    "post_terrain": "t_adobe_brick_wall_halfway"
  },
  {
    "type": "construction",
    "id": "constr_bars",
    "group": "build_metal_bars",
    "category": "CONSTRUCT",
    "required_skills": [ [ "fabrication", 5 ] ],
    "time": "60 m",
    "tools": [ [ [ "oxy_torch", 4 ], [ "welder", 20 ], [ "welder_crude", 30 ], [ "toolset", 30 ] ] ],
    "qualities": [ [ { "id": "SAW_M", "level": 1 } ], [ { "id": "GLARE", "level": 1 } ] ],
    "components": [ [ [ "pipe", 6 ] ], [ [ "sheet_metal", 2 ] ] ],
    "pre_terrain": "t_floor",
    "post_terrain": "t_bars"
  },
  {
    "type": "construction",
    "id": "constr_brick_wall",
    "group": "build_brick_wall",
    "//": "Step 2: finish wall",
    "category": "CONSTRUCT",
    "required_skills": [ [ "fabrication", 3 ] ],
    "time": "120 m",
    "qualities": [ [ { "id": "SMOOTH", "level": 1 } ] ],
    "components": [ [ [ "brick", 15 ] ], [ [ "mortar_build", 1 ], [ "mortar_lime", 1 ] ], [ [ "water", 1 ], [ "water_clean", 1 ] ] ],
    "pre_terrain": "t_brick_wall_halfway",
    "post_terrain": "t_brick_wall"
  },
  {
    "type": "construction",
    "id": "constr_brick_wall_halfway",
    "group": "build_brick_wall",
    "//": "Step 1: start wall",
    "category": "CONSTRUCT",
    "required_skills": [ [ "fabrication", 3 ] ],
    "time": "120 m",
    "qualities": [ [ { "id": "SMOOTH", "level": 1 } ] ],
    "components": [ [ [ "brick", 15 ] ], [ [ "mortar_build", 1 ], [ "mortar_lime", 1 ] ], [ [ "water", 1 ], [ "water_clean", 1 ] ] ],
    "pre_terrain": "t_dirt",
    "post_terrain": "t_brick_wall_halfway"
  },
  {
    "type": "construction",
    "id": "constr_column",
    "group": "build_concrete_column",
    "//": "Step 3: finish column",
    "category": "CONSTRUCT",
    "required_skills": [ [ "fabrication", 6 ] ],
    "time": "120 m",
    "tools": [ [ [ "concrete_mix_tool", 50 ] ] ],
    "qualities": [ [ { "id": "SMOOTH", "level": 2 } ] ],
    "components": [ [ [ "concrete", 6 ] ], [ [ "water", 4 ], [ "water_clean", 4 ] ] ],
    "pre_terrain": "t_column_halfway",
    "post_terrain": "t_column"
  },
  {
    "type": "construction",
    "id": "constr_column_halfway",
    "group": "build_concrete_column",
    "//": "Step 2: foundation",
    "category": "CONSTRUCT",
    "required_skills": [ [ "fabrication", 6 ] ],
    "time": "120 m",
    "tools": [ [ [ "concrete_mix_tool", 50 ] ] ],
    "qualities": [ [ { "id": "SMOOTH", "level": 2 } ] ],
    "components": [ [ [ "concrete", 6 ] ], [ [ "2x4", 12 ] ], [ [ "water", 4 ], [ "water_clean", 4 ] ] ],
    "pre_terrain": "t_reb_cage",
    "post_terrain": "t_column_halfway"
  },
  {
    "type": "construction",
    "id": "constr_concrete_wall_b",
    "group": "paint_wall_blue",
    "category": "DECORATE",
    "required_skills": [ [ "fabrication", 0 ] ],
    "time": "4 m",
    "tools": [ [ "paint_brush" ] ],
    "components": [ [ [ "paint_blue", 3 ] ] ],
    "pre_terrain": "t_concrete_wall",
    "post_terrain": "t_concrete_wall_b"
  },
  {
    "type": "construction",
    "id": "constr_concrete_wall_black",
    "group": "paint_wall_black",
    "category": "DECORATE",
    "required_skills": [ [ "fabrication", 0 ] ],
    "time": "4 m",
    "tools": [ [ "paint_brush" ] ],
    "components": [ [ [ "paint_black", 3 ] ] ],
    "pre_terrain": "t_concrete_wall",
    "post_terrain": "t_concrete_wall_black"
  },
  {
    "type": "construction",
    "id": "constr_concrete_wall_brown",
    "group": "paint_wall_brown",
    "category": "DECORATE",
    "required_skills": [ [ "fabrication", 0 ] ],
    "time": "4 m",
    "tools": [ [ "paint_brush" ] ],
    "components": [ [ [ "paint_brown", 3 ] ] ],
    "pre_terrain": "t_concrete_wall",
    "post_terrain": "t_concrete_wall_brown"
  },
  {
    "type": "construction",
    "id": "constr_concrete_wall_cyan",
    "group": "paint_wall_cyan",
    "category": "DECORATE",
    "required_skills": [ [ "fabrication", 0 ] ],
    "time": "4 m",
    "tools": [ [ "paint_brush" ] ],
    "components": [ [ [ "paint_cyan", 3 ] ] ],
    "pre_terrain": "t_concrete_wall",
    "post_terrain": "t_concrete_wall_cyan"
  },
  {
    "type": "construction",
    "id": "constr_concrete_wall_g",
    "group": "paint_wall_green",
    "category": "DECORATE",
    "required_skills": [ [ "fabrication", 0 ] ],
    "time": "4 m",
    "tools": [ [ "paint_brush" ] ],
    "components": [ [ [ "paint_green", 3 ] ] ],
    "pre_terrain": "t_concrete_wall",
    "post_terrain": "t_concrete_wall_g"
  },
  {
    "type": "construction",
    "id": "constr_concrete_wall_gray",
    "group": "paint_wall_gray",
    "category": "DECORATE",
    "required_skills": [ [ "fabrication", 0 ] ],
    "time": "4 m",
    "tools": [ [ "paint_brush" ] ],
    "components": [ [ [ "paint_gray", 3 ] ] ],
    "pre_terrain": "t_concrete_wall",
    "post_terrain": "t_concrete_wall_gray"
  },
  {
    "type": "construction",
    "id": "constr_concrete_wall_orange",
    "group": "paint_wall_orange",
    "category": "DECORATE",
    "required_skills": [ [ "fabrication", 0 ] ],
    "time": "4 m",
    "tools": [ [ "paint_brush" ] ],
    "components": [ [ [ "paint_orange", 3 ] ] ],
    "pre_terrain": "t_concrete_wall",
    "post_terrain": "t_concrete_wall_orange"
  },
  {
    "type": "construction",
    "id": "constr_concrete_wall_p",
    "group": "paint_wall_purple",
    "category": "DECORATE",
    "required_skills": [ [ "fabrication", 0 ] ],
    "time": "4 m",
    "tools": [ [ "paint_brush" ] ],
    "components": [ [ [ "paint_purple", 3 ] ] ],
    "pre_terrain": "t_concrete_wall",
    "post_terrain": "t_concrete_wall_p"
  },
  {
    "type": "construction",
    "id": "constr_concrete_wall_pink",
    "group": "paint_wall_pink",
    "category": "DECORATE",
    "required_skills": [ [ "fabrication", 0 ] ],
    "time": "4 m",
    "tools": [ [ "paint_brush" ] ],
    "components": [ [ [ "paint_pink", 3 ] ] ],
    "pre_terrain": "t_concrete_wall",
    "post_terrain": "t_concrete_wall_P"
  },
  {
    "type": "construction",
    "id": "constr_concrete_wall_r",
    "group": "paint_wall_red",
    "category": "DECORATE",
    "required_skills": [ [ "fabrication", 0 ] ],
    "time": "4 m",
    "tools": [ [ "paint_brush" ] ],
    "components": [ [ [ "paint_red", 3 ] ] ],
    "pre_terrain": "t_concrete_wall",
    "post_terrain": "t_concrete_wall_r"
  },
  {
    "type": "construction",
    "id": "constr_concrete_wall_w",
    "group": "paint_wall_white",
    "category": "DECORATE",
    "required_skills": [ [ "fabrication", 0 ] ],
    "time": "4 m",
    "tools": [ [ "paint_brush" ] ],
    "components": [ [ [ "paint_white", 3 ] ] ],
    "pre_terrain": "t_concrete_wall",
    "post_terrain": "t_concrete_wall_w"
  },
  {
    "type": "construction",
    "id": "constr_concrete_wall_y",
    "group": "paint_wall_yellow",
    "category": "DECORATE",
    "required_skills": [ [ "fabrication", 0 ] ],
    "time": "4 m",
    "tools": [ [ "paint_brush" ] ],
    "components": [ [ [ "paint_yellow", 3 ] ] ],
    "pre_terrain": "t_concrete_wall",
    "post_terrain": "t_concrete_wall_y"
  },
  {
    "type": "construction",
    "id": "constr_glass_wall",
    "group": "build_glass_wall",
    "category": "CONSTRUCT",
    "required_skills": [ [ "fabrication", 3 ] ],
    "time": "60 m",
    "qualities": [ [ { "id": "HAMMER_SOFT", "level": 1 } ] ],
    "components": [
      [ [ "frame_wood", 1 ] ],
      [ [ "chunk_rubber", 16 ] ],
      [ [ "glass_sheet", 2 ] ],
      [ [ "super_glue", 2 ], [ "duct_tape", 10 ] ]
    ],
    "pre_note": "Must be supported on at least two sides.",
    "pre_special": "check_support",
    "post_terrain": "t_wall_glass"
  },
  {
    "type": "construction",
    "id": "constr_junk_palisade",
    "group": "build_junk_metal_barrier",
    "category": "CONSTRUCT",
    "required_skills": [ [ "fabrication", 4 ] ],
    "time": "120 m",
    "qualities": [
      [ { "id": "DIG", "level": 1 } ],
      [ { "id": "HAMMER", "level": 1 } ],
      [ { "id": "WRENCH", "level": 2 } ],
      [ { "id": "DRILL", "level": 1 } ]
    ],
    "components": [
      [ [ "pipe", 6 ], [ "frame", 1 ], [ "xlframe", 1 ] ],
      [ [ "lc_wire", 8 ], [ "spike", 8 ], [ "nails", 16, "LIST" ] ],
      [ [ "scrap", 40 ], [ "sheet_metal", 1 ], [ "sheet_metal_small", 20 ] ]
    ],
    "pre_terrain": "t_pit",
    "post_terrain": "t_junk_palisade"
  },
  {
    "type": "construction",
    "id": "constr_junk_wall_bolts",
    "group": "reinforce_junk_metal_wall_using_bolts",
    "category": "CONSTRUCT",
    "required_skills": [ [ "fabrication", 4 ] ],
    "time": "120 m",
    "qualities": [
      [ { "id": "SAW_M", "level": 1 } ],
      [ { "id": "HAMMER", "level": 1 } ],
      [ { "id": "WRENCH", "level": 2 } ],
      [ { "id": "DRILL", "level": 1 } ]
    ],
    "components": [
      [ [ "lc_wire", 16 ], [ "spike", 16 ], [ "nails", 32, "LIST" ] ],
      [ [ "sheet_metal_small", 20 ], [ "scrap", 40 ] ],
      [
        [ "sheet_metal", 4 ],
        [ "steel_plate", 2 ],
        [ "frame", 2 ],
        [ "hdframe", 1 ],
        [ "xlframe", 4 ],
        [ "pipe", 12 ]
      ]
    ],
    "pre_terrain": "t_junk_palisade",
    "post_terrain": "t_junk_wall"
  },
  {
    "type": "construction",
    "id": "constr_junk_wall_spot_weld",
    "group": "reinforce_junk_metal_wall_using_spot_welds",
    "category": "CONSTRUCT",
    "required_skills": [ [ "fabrication", 4 ] ],
    "time": "90 m",
    "qualities": [ [ { "id": "SAW_M", "level": 1 } ] ],
    "using": [ [ "welding_standard", 400 ] ],
    "components": [
      [ [ "sheet_metal_small", 15 ], [ "scrap", 30 ] ],
      [
        [ "sheet_metal", 4 ],
        [ "steel_plate", 2 ],
        [ "frame", 2 ],
        [ "hdframe", 1 ],
        [ "xlframe", 4 ],
        [ "pipe", 12 ]
      ]
    ],
    "pre_terrain": "t_junk_palisade",
    "post_terrain": "t_junk_wall"
  },
  {
    "type": "construction",
    "id": "constr_reb_cage_column",
    "group": "build_concrete_column",
    "//": "Step 1: rebar cage",
    "category": "CONSTRUCT",
    "required_skills": [ [ "fabrication", 6 ] ],
    "time": "120 m",
    "//1": "4cm of weld per rebar",
    "using": [ [ "welding_standard", 64 ] ],
    "components": [ [ [ "rebar", 16 ] ] ],
    "pre_terrain": "t_pit",
    "post_terrain": "t_reb_cage"
  },
  {
    "type": "construction",
    "id": "constr_reb_cage_strconc_wall",
    "group": "build_reinforced_concrete_wall",
    "//": "Step 1: rebar cage",
    "category": "CONSTRUCT",
    "required_skills": [ [ "fabrication", 6 ] ],
    "time": "120 m",
    "//1": "4cm of weld per rebar",
    "using": [ [ "welding_standard", 64 ] ],
    "components": [ [ [ "rebar", 16 ] ] ],
    "pre_terrain": "t_pit",
    "post_terrain": "t_reb_cage"
  },
  {
    "type": "construction",
    "id": "constr_repair_wall_log",
    "group": "repair_log_wall",
    "//": "Fix the chipped back to normal",
    "category": "REPAIR",
    "required_skills": [ [ "fabrication", 2 ] ],
    "time": "30 m",
    "qualities": [ [ { "id": "HAMMER", "level": 2 } ] ],
    "components": [ [ [ "2x4", 4 ] ], [ [ "nails", 16, "LIST" ] ] ],
    "pre_terrain": "t_wall_log_chipped",
    "post_terrain": "t_wall_log"
  },
  {
    "type": "construction",
    "id": "constr_repair_wall_log_chipped",
    "group": "repair_log_wall",
    "//": "fix broken back to chipped",
    "category": "REPAIR",
    "required_skills": [ [ "fabrication", 2 ] ],
    "time": "50 m",
    "qualities": [ [ { "id": "HAMMER", "level": 2 } ] ],
    "components": [ [ [ "log", 1 ] ], [ [ "2x4", 2 ] ], [ [ "nails", 24, "LIST" ] ] ],
    "pre_terrain": "t_wall_log_broken",
    "post_terrain": "t_wall_log_chipped"
  },
  {
    "type": "construction",
    "id": "constr_repair_wall_wattle",
    "group": "repair_wattle_and_daub_wall",
    "category": "REPAIR",
    "required_skills": [ [ "fabrication", 2 ], [ "survival", 2 ] ],
    "time": "30 m",
    "qualities": [ { "id": "CUT", "level": 2 }, { "id": "HAMMER", "level": 1 } ],
    "components": [
      [ [ "2x4", 2 ], [ "stick", 4 ], [ "stick_long", 2 ] ],
      [ [ "material_quicklime", 2 ], [ "material_limestone", 2 ], [ "clay_lump", 2 ] ],
      [ [ "pebble", 4 ], [ "material_sand", 4 ] ],
      [ [ "straw_pile", 2 ], [ "cattail_stalk", 2 ], [ "dogbane", 2 ], [ "pine_bough", 2 ] ],
      [ [ "water", 2 ], [ "water_clean", 2 ] ]
    ],
    "pre_terrain": "t_wall_wattle_broken",
    "post_terrain": "t_wall_wattle"
  },
  {
    "type": "construction",
    "id": "constr_repair_wall_wood",
    "group": "repair_wood_wall",
    "//": "fix a chip",
    "category": "REPAIR",
    "required_skills": [ [ "fabrication", 1 ] ],
    "time": "30 m",
    "qualities": [ [ { "id": "HAMMER", "level": 2 } ] ],
    "components": [ [ [ "2x4", 4 ], [ "wood_panel", 1 ] ], [ [ "nails", 16, "LIST" ] ] ],
    "pre_terrain": "t_wall_wood_chipped",
    "post_terrain": "t_wall_wood"
  },
  {
    "type": "construction",
    "id": "constr_repair_wall_wood_chipped",
    "group": "repair_wood_wall",
    "//": "fix the broken to chipped",
    "category": "REPAIR",
    "required_skills": [ [ "fabrication", 1 ] ],
    "time": "60 m",
    "qualities": [ [ { "id": "HAMMER", "level": 2 } ] ],
    "components": [ [ [ "2x4", 8 ], [ "wood_panel", 1 ] ], [ [ "nails", 32, "LIST" ] ] ],
    "pre_terrain": "t_wall_wood_broken",
    "post_terrain": "t_wall_wood_chipped"
  },
  {
    "type": "construction",
    "id": "constr_revert_concrete_wall_paint",
    "group": "take_paint_off_wall",
    "category": "DECORATE",
    "required_skills": [ [ "fabrication", 0 ] ],
    "time": "10 m",
    "tools": [ [ "chipper" ] ],
    "pre_terrain": [
      "t_concrete_wall_b",
      "t_concrete_wall_black",
      "t_concrete_wall_brown",
      "t_concrete_wall_cyan",
      "t_concrete_wall_g",
      "t_concrete_wall_gray",
      "t_concrete_wall_orange",
      "t_concrete_wall_p",
      "t_concrete_wall_P",
      "t_concrete_wall_r",
      "t_concrete_wall_w",
      "t_concrete_wall_y"
    ],
    "post_terrain": "t_concrete_wall"
  },
  {
    "type": "construction",
    "id": "constr_revert_sconc_wall_paint",
    "group": "take_paint_off_wall",
    "category": "DECORATE",
    "required_skills": [ [ "fabrication", 0 ] ],
    "time": "10 m",
    "tools": [ [ "chipper" ] ],
    "pre_terrain": [
      "t_sconc_wall_b",
      "t_sconc_wall_black",
      "t_sconc_wall_brown",
      "t_sconc_wall_cyan",
      "t_sconc_wall_g",
      "t_sconc_wall_gray",
      "t_sconc_wall_orange",
      "t_sconc_wall_p",
      "t_sconc_wall_P",
      "t_sconc_wall_r",
      "t_sconc_wall_w",
      "t_sconc_wall_y"
    ],
    "post_terrain": "t_sconc_wall"
  },
  {
    "type": "construction",
    "id": "constr_revert_strconc_wall_paint",
    "group": "take_paint_off_wall",
    "category": "DECORATE",
    "required_skills": [ [ "fabrication", 0 ] ],
    "time": "10 m",
    "tools": [ [ "chipper" ] ],
    "pre_terrain": [
      "t_strconc_wall_b",
      "t_strconc_wall_black",
      "t_strconc_wall_brown",
      "t_strconc_wall_cyan",
      "t_strconc_wall_g",
      "t_strconc_wall_gray",
      "t_strconc_wall_orange",
      "t_strconc_wall_p",
      "t_strconc_wall_P",
      "t_strconc_wall_r",
      "t_strconc_wall_w",
      "t_strconc_wall_y"
    ],
    "post_terrain": "t_strconc_wall"
  },
  {
    "type": "construction",
    "id": "constr_revert_wall_paint",
    "group": "take_paint_off_wall",
    "//": "For vertical walls",
    "category": "DECORATE",
    "required_skills": [ [ "fabrication", 0 ] ],
    "time": "10 m",
    "tools": [ [ "chipper" ] ],
    "pre_flags": "CHIP",
    "post_terrain": "t_wall"
  },
  {
    "type": "construction",
    "id": "constr_revert_wood_wall_paint",
    "group": "take_paint_off_wall",
    "category": "DECORATE",
    "required_skills": [ [ "fabrication", 0 ] ],
    "time": "10 m",
    "tools": [ [ "chipper" ] ],
    "pre_terrain": [
      "t_wood_wall_b",
      "t_wood_wall_black",
      "t_wood_wall_brown",
      "t_wood_wall_cyan",
      "t_wood_wall_g",
      "t_wood_wall_gray",
      "t_wood_wall_orange",
      "t_wood_wall_p",
      "t_wood_wall_P",
      "t_wood_wall_r",
      "t_wood_wall_w",
      "t_wood_wall_y"
    ],
    "post_terrain": "t_wall_wood"
  },
  {
    "type": "construction",
    "id": "constr_sconc_wall",
    "group": "build_simple_concrete_wall",
    "//": "Step 2: finish wall",
    "category": "CONSTRUCT",
    "required_skills": [ [ "fabrication", 4 ] ],
    "time": "180 m",
    "tools": [ [ [ "concrete_mix_tool", 50 ] ] ],
    "qualities": [ [ { "id": "SMOOTH", "level": 2 } ] ],
    "components": [ [ [ "concrete", 4 ] ], [ [ "2x4", 12 ] ], [ [ "water", 4 ], [ "water_clean", 4 ] ] ],
    "pre_terrain": "t_sconc_wall_halfway",
    "post_terrain": "t_sconc_wall"
  },
  {
    "type": "construction",
    "id": "constr_sconc_wall_b",
    "group": "paint_wall_blue",
    "category": "DECORATE",
    "required_skills": [ [ "fabrication", 0 ] ],
    "time": "4 m",
    "tools": [ [ "paint_brush" ] ],
    "components": [ [ [ "paint_blue", 3 ] ] ],
    "pre_terrain": "t_sconc_wall",
    "post_terrain": "t_sconc_wall_b"
  },
  {
    "type": "construction",
    "id": "constr_sconc_wall_black",
    "group": "paint_wall_black",
    "category": "DECORATE",
    "required_skills": [ [ "fabrication", 0 ] ],
    "time": "4 m",
    "tools": [ [ "paint_brush" ] ],
    "components": [ [ [ "paint_black", 3 ] ] ],
    "pre_terrain": "t_sconc_wall",
    "post_terrain": "t_sconc_wall_black"
  },
  {
    "type": "construction",
    "id": "constr_sconc_wall_brown",
    "group": "paint_wall_brown",
    "category": "DECORATE",
    "required_skills": [ [ "fabrication", 0 ] ],
    "time": "4 m",
    "tools": [ [ "paint_brush" ] ],
    "components": [ [ [ "paint_brown", 3 ] ] ],
    "pre_terrain": "t_sconc_wall",
    "post_terrain": "t_sconc_wall_brown"
  },
  {
    "type": "construction",
    "id": "constr_sconc_wall_cyan",
    "group": "paint_wall_cyan",
    "category": "DECORATE",
    "required_skills": [ [ "fabrication", 0 ] ],
    "time": "4 m",
    "tools": [ [ "paint_brush" ] ],
    "components": [ [ [ "paint_cyan", 3 ] ] ],
    "pre_terrain": "t_sconc_wall",
    "post_terrain": "t_sconc_wall_cyan"
  },
  {
    "type": "construction",
    "id": "constr_sconc_wall_g",
    "group": "paint_wall_green",
    "category": "DECORATE",
    "required_skills": [ [ "fabrication", 0 ] ],
    "time": "4 m",
    "tools": [ [ "paint_brush" ] ],
    "components": [ [ [ "paint_green", 3 ] ] ],
    "pre_terrain": "t_sconc_wall",
    "post_terrain": "t_sconc_wall_g"
  },
  {
    "type": "construction",
    "id": "constr_sconc_wall_gray",
    "group": "paint_wall_gray",
    "category": "DECORATE",
    "required_skills": [ [ "fabrication", 0 ] ],
    "time": "4 m",
    "tools": [ [ "paint_brush" ] ],
    "components": [ [ [ "paint_gray", 3 ] ] ],
    "pre_terrain": "t_sconc_wall",
    "post_terrain": "t_sconc_wall_gray"
  },
  {
    "type": "construction",
    "id": "constr_sconc_wall_halfway",
    "group": "build_simple_concrete_wall",
    "//": "Step 1: foundation",
    "category": "CONSTRUCT",
    "required_skills": [ [ "fabrication", 4 ] ],
    "time": "180 m",
    "tools": [ [ [ "concrete_mix_tool", 50 ] ] ],
    "qualities": [ [ { "id": "SMOOTH", "level": 2 } ] ],
    "components": [ [ [ "concrete", 4 ] ], [ [ "2x4", 12 ] ], [ [ "water", 4 ], [ "water_clean", 4 ] ] ],
    "pre_terrain": "t_pit_shallow",
    "post_terrain": "t_sconc_wall_halfway"
  },
  {
    "type": "construction",
    "id": "constr_sconc_wall_orange",
    "group": "paint_wall_orange",
    "category": "DECORATE",
    "required_skills": [ [ "fabrication", 0 ] ],
    "time": "4 m",
    "tools": [ [ "paint_brush" ] ],
    "components": [ [ [ "paint_orange", 3 ] ] ],
    "pre_terrain": "t_sconc_wall",
    "post_terrain": "t_sconc_wall_orange"
  },
  {
    "type": "construction",
    "id": "constr_sconc_wall_p",
    "group": "paint_wall_purple",
    "category": "DECORATE",
    "required_skills": [ [ "fabrication", 0 ] ],
    "time": "4 m",
    "tools": [ [ "paint_brush" ] ],
    "components": [ [ [ "paint_purple", 3 ] ] ],
    "pre_terrain": "t_sconc_wall",
    "post_terrain": "t_sconc_wall_p"
  },
  {
    "type": "construction",
    "id": "constr_sconc_wall_pink",
    "group": "paint_wall_pink",
    "category": "DECORATE",
    "required_skills": [ [ "fabrication", 0 ] ],
    "time": "4 m",
    "tools": [ [ "paint_brush" ] ],
    "components": [ [ [ "paint_pink", 3 ] ] ],
    "pre_terrain": "t_sconc_wall",
    "post_terrain": "t_sconc_wall_P"
  },
  {
    "type": "construction",
    "id": "constr_sconc_wall_r",
    "group": "paint_wall_red",
    "category": "DECORATE",
    "required_skills": [ [ "fabrication", 0 ] ],
    "time": "4 m",
    "tools": [ [ "paint_brush" ] ],
    "components": [ [ [ "paint_red", 3 ] ] ],
    "pre_terrain": "t_sconc_wall",
    "post_terrain": "t_sconc_wall_r"
  },
  {
    "type": "construction",
    "id": "constr_sconc_wall_w",
    "group": "paint_wall_white",
    "category": "DECORATE",
    "required_skills": [ [ "fabrication", 0 ] ],
    "time": "4 m",
    "tools": [ [ "paint_brush" ] ],
    "components": [ [ [ "paint_white", 3 ] ] ],
    "pre_terrain": "t_sconc_wall",
    "post_terrain": "t_sconc_wall_w"
  },
  {
    "type": "construction",
    "id": "constr_sconc_wall_y",
    "group": "paint_wall_yellow",
    "category": "DECORATE",
    "required_skills": [ [ "fabrication", 0 ] ],
    "time": "4 m",
    "tools": [ [ "paint_brush" ] ],
    "components": [ [ [ "paint_yellow", 3 ] ] ],
    "pre_terrain": "t_sconc_wall",
    "post_terrain": "t_sconc_wall_y"
  },
  {
    "type": "construction",
    "id": "constr_scrap_wall",
    "group": "build_metal_wall",
    "//": "Step 2: finish wall",
    "category": "CONSTRUCT",
    "required_skills": [ [ "fabrication", 4 ] ],
    "time": "90 m",
    "qualities": [ { "id": "GLARE", "level": 1 } ],
    "tools": [ [ [ "oxy_torch", 10 ], [ "welder", 50 ], [ "welder_crude", 75 ], [ "toolset", 75 ] ] ],
    "components": [ [ [ "steel_plate", 2 ] ] ],
    "pre_terrain": "t_scrap_wall_halfway",
    "post_terrain": "t_scrap_wall"
  },
  {
    "type": "construction",
    "id": "constr_scrap_wall_halfway",
    "group": "build_metal_wall",
    "//": "Step 1: foundation",
    "category": "CONSTRUCT",
    "required_skills": [ [ "fabrication", 4 ] ],
    "time": "90 m",
    "qualities": [ { "id": "GLARE", "level": 1 } ],
    "tools": [ [ [ "oxy_torch", 10 ], [ "welder", 50 ], [ "welder_crude", 75 ], [ "toolset", 75 ] ] ],
    "components": [ [ [ "steel_plate", 2 ] ] ],
    "pre_terrain": "t_pit_shallow",
    "post_terrain": "t_scrap_wall_halfway"
  },
  {
    "type": "construction",
    "id": "constr_strconc_wall",
    "group": "build_reinforced_concrete_wall",
    "//": "Step 3: finish wall",
    "category": "CONSTRUCT",
    "required_skills": [ [ "fabrication", 6 ] ],
    "time": "120 m",
    "tools": [ [ [ "concrete_mix_tool", 50 ] ] ],
    "qualities": [ [ { "id": "SMOOTH", "level": 2 } ] ],
    "components": [ [ [ "concrete", 6 ] ], [ [ "2x4", 12 ] ], [ [ "water", 4 ], [ "water_clean", 4 ] ] ],
    "pre_terrain": "t_strconc_wall_halfway",
    "post_terrain": "t_strconc_wall"
  },
  {
    "type": "construction",
    "id": "constr_strconc_wall_b",
    "group": "paint_wall_blue",
    "category": "DECORATE",
    "required_skills": [ [ "fabrication", 0 ] ],
    "time": "4 m",
    "tools": [ [ "paint_brush" ] ],
    "components": [ [ [ "paint_blue", 3 ] ] ],
    "pre_terrain": "t_strconc_wall",
    "post_terrain": "t_strconc_wall_b"
  },
  {
    "type": "construction",
    "id": "constr_strconc_wall_black",
    "group": "paint_wall_black",
    "category": "DECORATE",
    "required_skills": [ [ "fabrication", 0 ] ],
    "time": "4 m",
    "tools": [ [ "paint_brush" ] ],
    "components": [ [ [ "paint_black", 3 ] ] ],
    "pre_terrain": "t_strconc_wall",
    "post_terrain": "t_strconc_wall_black"
  },
  {
    "type": "construction",
    "id": "constr_strconc_wall_brown",
    "group": "paint_wall_brown",
    "category": "DECORATE",
    "required_skills": [ [ "fabrication", 0 ] ],
    "time": "4 m",
    "tools": [ [ "paint_brush" ] ],
    "components": [ [ [ "paint_brown", 3 ] ] ],
    "pre_terrain": "t_strconc_wall",
    "post_terrain": "t_strconc_wall_brown"
  },
  {
    "type": "construction",
    "id": "constr_strconc_wall_cyan",
    "group": "paint_wall_cyan",
    "category": "DECORATE",
    "required_skills": [ [ "fabrication", 0 ] ],
    "time": "4 m",
    "tools": [ [ "paint_brush" ] ],
    "components": [ [ [ "paint_cyan", 3 ] ] ],
    "pre_terrain": "t_strconc_wall",
    "post_terrain": "t_strconc_wall_cyan"
  },
  {
    "type": "construction",
    "id": "constr_strconc_wall_g",
    "group": "paint_wall_green",
    "category": "DECORATE",
    "required_skills": [ [ "fabrication", 0 ] ],
    "time": "4 m",
    "tools": [ [ "paint_brush" ] ],
    "components": [ [ [ "paint_green", 3 ] ] ],
    "pre_terrain": "t_strconc_wall",
    "post_terrain": "t_strconc_wall_g"
  },
  {
    "type": "construction",
    "id": "constr_strconc_wall_gray",
    "group": "paint_wall_gray",
    "category": "DECORATE",
    "required_skills": [ [ "fabrication", 0 ] ],
    "time": "4 m",
    "tools": [ [ "paint_brush" ] ],
    "components": [ [ [ "paint_gray", 3 ] ] ],
    "pre_terrain": "t_strconc_wall",
    "post_terrain": "t_strconc_wall_gray"
  },
  {
    "type": "construction",
    "id": "constr_strconc_wall_halfway",
    "group": "build_reinforced_concrete_wall",
    "//": "Step 2: foundation",
    "category": "CONSTRUCT",
    "required_skills": [ [ "fabrication", 6 ] ],
    "time": "120 m",
    "tools": [ [ [ "concrete_mix_tool", 50 ] ] ],
    "qualities": [ [ { "id": "SMOOTH", "level": 2 } ] ],
    "components": [ [ [ "concrete", 6 ] ], [ [ "2x4", 12 ] ], [ [ "water", 4 ], [ "water_clean", 4 ] ] ],
    "pre_terrain": "t_reb_cage",
    "post_terrain": "t_strconc_wall_halfway"
  },
  {
    "type": "construction",
    "id": "constr_strconc_wall_orange",
    "group": "paint_wall_orange",
    "category": "DECORATE",
    "required_skills": [ [ "fabrication", 0 ] ],
    "time": "4 m",
    "tools": [ [ "paint_brush" ] ],
    "components": [ [ [ "paint_orange", 3 ] ] ],
    "pre_terrain": "t_strconc_wall",
    "post_terrain": "t_strconc_wall_orange"
  },
  {
    "type": "construction",
    "id": "constr_strconc_wall_p",
    "group": "paint_wall_purple",
    "category": "DECORATE",
    "required_skills": [ [ "fabrication", 0 ] ],
    "time": "4 m",
    "tools": [ [ "paint_brush" ] ],
    "components": [ [ [ "paint_purple", 3 ] ] ],
    "pre_terrain": "t_strconc_wall",
    "post_terrain": "t_strconc_wall_p"
  },
  {
    "type": "construction",
    "id": "constr_strconc_wall_pink",
    "group": "paint_wall_pink",
    "category": "DECORATE",
    "required_skills": [ [ "fabrication", 0 ] ],
    "time": "4 m",
    "tools": [ [ "paint_brush" ] ],
    "components": [ [ [ "paint_pink", 3 ] ] ],
    "pre_terrain": "t_strconc_wall",
    "post_terrain": "t_strconc_wall_P"
  },
  {
    "type": "construction",
    "id": "constr_strconc_wall_r",
    "group": "paint_wall_red",
    "category": "DECORATE",
    "required_skills": [ [ "fabrication", 0 ] ],
    "time": "4 m",
    "tools": [ [ "paint_brush" ] ],
    "components": [ [ [ "paint_red", 3 ] ] ],
    "pre_terrain": "t_strconc_wall",
    "post_terrain": "t_strconc_wall_r"
  },
  {
    "type": "construction",
    "id": "constr_strconc_wall_rope",
    "group": "build_reinforced_concrete_wall_ropes",
    "//": "Step 3: finish wall",
    "category": "CONSTRUCT",
    "required_skills": [ [ "fabrication", 6 ] ],
    "time": "120 m",
    "tools": [ [ [ "concrete_mix_tool", 50 ] ] ],
    "qualities": [ [ { "id": "SMOOTH", "level": 2 } ] ],
    "components": [ [ [ "concrete", 6 ] ], [ [ "2x4", 12 ] ], [ [ "rope_6", 8 ] ], [ [ "water", 4 ], [ "water_clean", 4 ] ] ],
    "pre_terrain": "t_strconc_wall_halfway",
    "post_terrain": "t_concrete_wall_rope"
  },
  {
    "type": "construction",
    "id": "constr_strconc_wall_w",
    "group": "paint_wall_white",
    "category": "DECORATE",
    "required_skills": [ [ "fabrication", 0 ] ],
    "time": "4 m",
    "tools": [ [ "paint_brush" ] ],
    "components": [ [ [ "paint_white", 3 ] ] ],
    "pre_terrain": "t_strconc_wall",
    "post_terrain": "t_strconc_wall_w"
  },
  {
    "type": "construction",
    "id": "constr_strconc_wall_y",
    "group": "paint_wall_yellow",
    "category": "DECORATE",
    "required_skills": [ [ "fabrication", 0 ] ],
    "time": "4 m",
    "tools": [ [ "paint_brush" ] ],
    "components": [ [ [ "paint_yellow", 3 ] ] ],
    "pre_terrain": "t_strconc_wall",
    "post_terrain": "t_strconc_wall_y"
  },
  {
    "type": "construction",
    "id": "constr_support_l",
    "group": "build_large_metal_support",
    "category": "CONSTRUCT",
    "required_skills": [ [ "fabrication", 9 ] ],
    "time": "600 m",
    "qualities": [ [ { "id": "SAW_M", "level": 1 } ], [ { "id": "WRENCH", "level": 1 } ], [ { "id": "SCREW", "level": 1 } ] ],
    "//1": "50cm weld per frame",
    "using": [ [ "welding_standard", 500 ], [ "welding_standard", 500 ] ],
    "components": [ [ [ "frame", 10 ] ], [ [ "nuts_bolts", 200 ] ] ],
    "pre_terrain": "t_concrete",
    "post_terrain": "t_support_l"
  },
  {
    "type": "construction",
    "id": "constr_support_s",
    "group": "build_small_metal_support",
    "category": "CONSTRUCT",
    "required_skills": [ [ "fabrication", 8 ] ],
    "time": "240 m",
    "qualities": [ [ { "id": "SAW_M", "level": 1 } ], [ { "id": "WRENCH", "level": 1 } ], [ { "id": "SCREW", "level": 1 } ] ],
    "//1": "3cm per pipe",
    "using": [ [ "welding_standard", 54 ] ],
    "components": [ [ [ "pipe", 18 ] ], [ [ "pipe_fittings", 6 ] ] ],
    "pre_terrain": "t_concrete",
    "post_terrain": "t_support_s"
  },
  {
    "type": "construction",
    "id": "constr_wall_b",
    "group": "paint_wall_blue",
    "category": "DECORATE",
    "required_skills": [ [ "fabrication", 0 ] ],
    "time": "4 m",
    "tools": [ [ "paint_brush" ] ],
    "components": [ [ [ "paint_blue", 3 ] ] ],
    "pre_terrain": "t_wall",
    "post_terrain": "t_wall_b"
  },
  {
    "type": "construction",
    "id": "constr_wall_black",
    "group": "paint_wall_black",
    "category": "DECORATE",
    "required_skills": [ [ "fabrication", 0 ] ],
    "time": "4 m",
    "tools": [ [ "paint_brush" ] ],
    "components": [ [ [ "paint_black", 3 ] ] ],
    "pre_terrain": "t_wall",
    "post_terrain": "t_wall_black"
  },
  {
    "type": "construction",
    "id": "constr_wall_brown",
    "group": "paint_wall_brown",
    "category": "DECORATE",
    "required_skills": [ [ "fabrication", 0 ] ],
    "time": "4 m",
    "tools": [ [ "paint_brush" ] ],
    "components": [ [ [ "paint_brown", 3 ] ] ],
    "pre_terrain": "t_wall",
    "post_terrain": "t_wall_brown"
  },
  {
    "type": "construction",
    "id": "constr_wall_cyan",
    "group": "paint_wall_cyan",
    "category": "DECORATE",
    "required_skills": [ [ "fabrication", 0 ] ],
    "time": "4 m",
    "tools": [ [ "paint_brush" ] ],
    "components": [ [ [ "paint_cyan", 3 ] ] ],
    "pre_terrain": "t_wall",
    "post_terrain": "t_wall_cyan"
  },
  {
    "type": "construction",
    "id": "constr_wall_g",
    "group": "paint_wall_green",
    "category": "DECORATE",
    "required_skills": [ [ "fabrication", 0 ] ],
    "time": "4 m",
    "tools": [ [ "paint_brush" ] ],
    "components": [ [ [ "paint_green", 3 ] ] ],
    "pre_terrain": "t_wall",
    "post_terrain": "t_wall_g"
  },
  {
    "type": "construction",
    "id": "constr_wall_gray",
    "group": "paint_wall_gray",
    "category": "DECORATE",
    "required_skills": [ [ "fabrication", 0 ] ],
    "time": "4 m",
    "tools": [ [ "paint_brush" ] ],
    "components": [ [ [ "paint_gray", 3 ] ] ],
    "pre_terrain": "t_wall",
    "post_terrain": "t_wall_gray"
  },
  {
    "type": "construction",
    "id": "constr_wall_half",
    "group": "build_wood_wall",
    "//": "Step 1: frame wall in an empty space",
    "category": "CONSTRUCT",
    "required_skills": [ [ "fabrication", 2 ] ],
    "time": "60 m",
    "qualities": [ [ { "id": "HAMMER", "level": 2 } ] ],
    "components": [ [ [ "2x4", 10 ] ], [ [ "nails", 20, "LIST" ] ] ],
    "pre_special": "check_empty",
    "post_terrain": "t_wall_half"
  },
  {
    "type": "construction",
    "id": "constr_wall_half_window_empty",
    "group": "build_wood_wall",
    "//": "Step 1: half of a wall where a window used to be",
    "category": "CONSTRUCT",
    "required_skills": [ [ "fabrication", 2 ] ],
    "time": "50 m",
    "qualities": [ [ { "id": "HAMMER", "level": 2 } ] ],
    "components": [ [ [ "2x4", 10 ] ], [ [ "nails", 20, "LIST" ] ] ],
    "pre_terrain": "t_window_empty",
    "post_terrain": "t_wall_half"
  },
  {
    "type": "construction",
    "id": "constr_wall_log",
    "group": "build_log_wall",
    "//": "Step 2: Finish the log wall",
    "category": "CONSTRUCT",
    "required_skills": [ [ "fabrication", 3 ] ],
    "time": "60 m",
    "qualities": [ [ { "id": "DIG", "level": 2 } ] ],
    "components": [ [ [ "log", 2 ] ], [ [ "stick", 3 ], [ "2x4", 6 ] ] ],
    "pre_terrain": "t_wall_log_half",
    "post_terrain": "t_wall_log"
  },
  {
    "type": "construction",
    "id": "constr_wall_log_half",
    "group": "build_log_wall",
    "//": "Step 1: half of a log wall",
    "category": "CONSTRUCT",
    "required_skills": [ [ "fabrication", 3 ] ],
    "time": "60 m",
    "qualities": [ [ { "id": "DIG", "level": 2 } ] ],
    "components": [ [ [ "log", 2 ] ], [ [ "stick", 3 ], [ "2x4", 6 ] ] ],
    "pre_terrain": "t_pit_shallow",
    "post_terrain": "t_wall_log_half"
  },
  {
    "type": "construction",
    "id": "constr_wall_orange",
    "group": "paint_wall_orange",
    "category": "DECORATE",
    "required_skills": [ [ "fabrication", 0 ] ],
    "time": "4 m",
    "tools": [ [ "paint_brush" ] ],
    "components": [ [ [ "paint_orange", 3 ] ] ],
    "pre_terrain": "t_wall",
    "post_terrain": "t_wall_orange"
  },
  {
    "type": "construction",
    "id": "constr_wall_pink",
    "group": "paint_wall_pink",
    "category": "DECORATE",
    "required_skills": [ [ "fabrication", 0 ] ],
    "time": "4 m",
    "tools": [ [ "paint_brush" ] ],
    "components": [ [ [ "paint_pink", 3 ] ] ],
    "pre_terrain": "t_wall",
    "post_terrain": "t_wall_P"
  },
  {
    "type": "construction",
    "id": "constr_wall_p",
    "group": "paint_wall_purple",
    "category": "DECORATE",
    "required_skills": [ [ "fabrication", 0 ] ],
    "time": "4 m",
    "tools": [ [ "paint_brush" ] ],
    "components": [ [ [ "paint_purple", 3 ] ] ],
    "pre_terrain": "t_wall",
    "post_terrain": "t_wall_p"
  },
  {
    "type": "construction",
    "id": "constr_wall_r",
    "group": "paint_wall_red",
    "category": "DECORATE",
    "required_skills": [ [ "fabrication", 0 ] ],
    "time": "4 m",
    "tools": [ [ "paint_brush" ] ],
    "components": [ [ [ "paint_red", 3 ] ] ],
    "pre_terrain": "t_wall",
    "post_terrain": "t_wall_r"
  },
  {
    "type": "construction",
    "id": "constr_wall_rammed_earth",
    "group": "build_rammed_earth_wall",
    "category": "CONSTRUCT",
    "required_skills": [ [ "fabrication", 2 ], [ "survival", 2 ] ],
    "time": "360 m",
    "//": "30 cm x 1 m x 4 m wall, 3 parts of soil (558 L), 2 parts of sand (372 L), 1 part of gravel (186 L), 7% of cement/quicklime (84 L), and then water is added as 10% of total mass of a wall (120 kg)",
    "qualities": [ { "id": "HAMMER", "level": 2 } ],
    "tools": [ [ "frame_wood_light" ], [ "log" ] ],
    "components": [
      [ [ "material_soil", 112 ] ],
      [ [ "material_sand", 46500 ] ],
      [ [ "material_gravel", 37200 ] ],
      [ [ "material_quicklime", 16800 ], [ "material_cement", 16800 ] ],
      [ [ "water", 480 ], [ "water_clean", 480 ] ]
    ],
    "pre_terrain": "t_fence_post",
    "post_terrain": "t_wall_rammed_earth"
  },
  {
    "type": "construction",
    "id": "constr_wall_resin",
    "group": "extrude_resin_wall",
    "category": "CONSTRUCT",
    "skill": "fabrication",
    "difficulty": 0,
    "time": "30 m",
    "components": [ [ [ "alien_pod_resin", 2 ] ] ],
    "pre_special": "check_empty",
    "post_terrain": "t_wall_resin"
  },
  {
    "type": "construction",
    "id": "constr_wall_resin_cage",
    "group": "extrude_resin_lattice",
    "category": "CONSTRUCT",
    "skill": "fabrication",
    "difficulty": 1,
    "time": "120 m",
    "//": "Fairly time consuming as you have to extrude the resin slowly and wait for it to dry, then layer it on itself",
    "components": [ [ [ "alien_pod_resin", 1 ] ] ],
    "pre_special": "check_empty",
    "post_terrain": "t_wall_resin_cage"
  },
  {
    "type": "construction",
    "id": "constr_wall_w",
    "group": "paint_wall_white",
    "category": "DECORATE",
    "required_skills": [ [ "fabrication", 0 ] ],
    "time": "4 m",
    "tools": [ [ "paint_brush" ] ],
    "components": [ [ [ "paint_white", 3 ] ] ],
    "pre_terrain": "t_wall",
    "post_terrain": "t_wall_w"
  },
  {
    "type": "construction",
    "id": "constr_wall_wattle",
    "group": "build_wattle_and_daub_wall",
    "//": "Step 2: complete the half made wall",
    "category": "CONSTRUCT",
    "required_skills": [ [ "fabrication", 3 ], [ "survival", 3 ] ],
    "time": "50 m",
    "qualities": [ { "id": "CUT", "level": 2 }, { "id": "HAMMER", "level": 1 } ],
    "using": [ [ "daub_fill", 1 ] ],
    "components": [
      [ [ "2x4", 5 ], [ "stick", 10 ], [ "stick_long", 5 ] ],
      [ [ "straw_pile", 4 ], [ "cattail_stalk", 4 ], [ "dogbane", 4 ], [ "pine_bough", 4 ] ],
      [ [ "water", 5 ], [ "water_clean", 5 ] ]
    ],
    "pre_terrain": "t_wall_wattle_half",
    "post_terrain": "t_wall_wattle"
  },
  {
    "type": "construction",
    "id": "constr_wall_wattle_from_fence",
    "group": "build_wattle_and_daub_wall",
    "//": "Upgrade a woven wattle fence to a full wall",
    "category": "CONSTRUCT",
    "required_skills": [ [ "fabrication", 3 ], [ "survival", 3 ] ],
    "time": "60 m",
    "qualities": [ [ { "id": "CUT", "level": 2 } ], [ { "id": "HAMMER", "level": 1 } ] ],
    "using": [ [ "daub_fill", 1 ] ],
    "components": [
      [ [ "2x4", 5 ], [ "stick", 10 ], [ "stick_long", 5 ] ],
      [ [ "straw_pile", 8 ], [ "cattail_stalk", 8 ], [ "dogbane", 8 ], [ "pine_bough", 8 ] ],
      [ [ "water", 10 ], [ "water_clean", 10 ] ]
    ],
    "pre_terrain": "t_wattle_fence",
    "post_terrain": "t_wall_wattle"
  },
  {
    "type": "construction",
    "id": "constr_wall_wattle_half",
    "group": "build_wattle_and_daub_wall",
    "//": "Step 1: half of a wall in an empty space",
    "category": "CONSTRUCT",
    "required_skills": [ [ "fabrication", 3 ], [ "survival", 3 ] ],
    "time": "50 m",
    "qualities": [ { "id": "CUT", "level": 2 }, { "id": "HAMMER", "level": 1 } ],
    "using": [ [ "daub_fill", 1 ] ],
    "components": [
      [ [ "2x4", 5 ], [ "stick", 10 ], [ "stick_long", 5 ] ],
      [ [ "straw_pile", 4 ], [ "cattail_stalk", 4 ], [ "dogbane", 4 ], [ "pine_bough", 4 ] ],
      [ [ "water", 5 ], [ "water_clean", 5 ] ]
    ],
    "pre_special": "check_empty",
    "post_terrain": "t_wall_wattle_half"
  },
  {
    "type": "construction",
    "id": "constr_wall_wood",
    "group": "build_wood_wall",
    "//": "Step 2: complete the half made wall by putting paneling on it",
    "category": "CONSTRUCT",
    "required_skills": [ [ "fabrication", 2 ] ],
    "time": "30 m",
    "qualities": [ [ { "id": "HAMMER", "level": 2 } ], [ { "id": "SAW_W", "level": 2 } ] ],
    "components": [ [ [ "wood_sheet", 1 ], [ "wood_panel", 2 ] ], [ [ "nails", 20, "LIST" ] ] ],
    "pre_terrain": "t_wall_half",
    "post_terrain": "t_wall_wood"
  },
  {
    "type": "construction",
    "id": "constr_wall_y",
    "group": "paint_wall_yellow",
    "category": "DECORATE",
    "required_skills": [ [ "fabrication", 0 ] ],
    "time": "4 m",
    "tools": [ [ "paint_brush" ] ],
    "components": [ [ [ "paint_yellow", 3 ] ] ],
    "pre_terrain": "t_wall",
    "post_terrain": "t_wall_y"
  },
  {
    "type": "construction",
    "id": "constr_wood_wall_b",
    "group": "paint_wall_blue",
    "category": "DECORATE",
    "required_skills": [ [ "fabrication", 0 ] ],
    "time": "4 m",
    "tools": [ [ "paint_brush" ] ],
    "components": [ [ [ "paint_blue", 3 ] ] ],
    "pre_terrain": "t_wall_wood",
    "post_terrain": "t_wood_wall_b"
  },
  {
    "type": "construction",
    "id": "constr_wood_wall_black",
    "group": "paint_wall_black",
    "category": "DECORATE",
    "required_skills": [ [ "fabrication", 0 ] ],
    "time": "4 m",
    "tools": [ [ "paint_brush" ] ],
    "components": [ [ [ "paint_black", 3 ] ] ],
    "pre_terrain": "t_wall_wood",
    "post_terrain": "t_wood_wall_black"
  },
  {
    "type": "construction",
    "id": "constr_wood_wall_brown",
    "group": "paint_wall_brown",
    "category": "DECORATE",
    "required_skills": [ [ "fabrication", 0 ] ],
    "time": "4 m",
    "tools": [ [ "paint_brush" ] ],
    "components": [ [ [ "paint_brown", 3 ] ] ],
    "pre_terrain": "t_wall_wood",
    "post_terrain": "t_wood_wall_g"
  },
  {
    "type": "construction",
    "id": "constr_wood_wall_cyan",
    "group": "paint_wall_cyan",
    "category": "DECORATE",
    "required_skills": [ [ "fabrication", 0 ] ],
    "time": "4 m",
    "tools": [ [ "paint_brush" ] ],
    "components": [ [ [ "paint_cyan", 3 ] ] ],
    "pre_terrain": "t_wall_wood",
    "post_terrain": "t_wood_wall_cyan"
  },
  {
    "type": "construction",
    "id": "constr_wood_wall_g",
    "group": "paint_wall_green",
    "category": "DECORATE",
    "required_skills": [ [ "fabrication", 0 ] ],
    "time": "4 m",
    "tools": [ [ "paint_brush" ] ],
    "components": [ [ [ "paint_green", 3 ] ] ],
    "pre_terrain": "t_wall_wood",
    "post_terrain": "t_wood_wall_g"
  },
  {
    "type": "construction",
    "id": "constr_wood_wall_gray",
    "group": "paint_wall_gray",
    "category": "DECORATE",
    "required_skills": [ [ "fabrication", 0 ] ],
    "time": "4 m",
    "tools": [ [ "paint_brush" ] ],
    "components": [ [ [ "paint_gray", 3 ] ] ],
    "pre_terrain": "t_wall_wood",
    "post_terrain": "t_wood_wall_gray"
  },
  {
    "type": "construction",
    "id": "constr_wood_wall_orange",
    "group": "paint_wall_orange",
    "category": "DECORATE",
    "required_skills": [ [ "fabrication", 0 ] ],
    "time": "4 m",
    "tools": [ [ "paint_brush" ] ],
    "components": [ [ [ "paint_orange", 3 ] ] ],
    "pre_terrain": "t_wall_wood",
    "post_terrain": "t_wood_wall_orange"
  },
  {
    "type": "construction",
    "id": "constr_wood_wall_p",
    "group": "paint_wall_purple",
    "category": "DECORATE",
    "required_skills": [ [ "fabrication", 0 ] ],
    "time": "4 m",
    "tools": [ [ "paint_brush" ] ],
    "components": [ [ [ "paint_purple", 3 ] ] ],
    "pre_terrain": "t_wall_wood",
    "post_terrain": "t_wood_wall_p"
  },
  {
    "type": "construction",
    "id": "constr_wood_wall_pink",
    "group": "paint_wall_pink",
    "category": "DECORATE",
    "required_skills": [ [ "fabrication", 0 ] ],
    "time": "4 m",
    "tools": [ [ "paint_brush" ] ],
    "components": [ [ [ "paint_pink", 3 ] ] ],
    "pre_terrain": "t_wall_wood",
    "post_terrain": "t_wood_wall_P"
  },
  {
    "type": "construction",
    "id": "constr_wood_wall_r",
    "group": "paint_wall_red",
    "category": "DECORATE",
    "required_skills": [ [ "fabrication", 0 ] ],
    "time": "4 m",
    "tools": [ [ "paint_brush" ] ],
    "components": [ [ [ "paint_red", 3 ] ] ],
    "pre_terrain": "t_wall_wood",
    "post_terrain": "t_wood_wall_r"
  },
  {
    "type": "construction",
    "id": "constr_wood_wall_w",
    "group": "paint_wall_white",
    "category": "DECORATE",
    "required_skills": [ [ "fabrication", 0 ] ],
    "time": "4 m",
    "tools": [ [ "paint_brush" ] ],
    "components": [ [ [ "paint_white", 3 ] ] ],
    "pre_terrain": "t_wall_wood",
    "post_terrain": "t_wood_wall_w"
  },
  {
    "type": "construction",
    "id": "constr_wood_wall_y",
    "group": "paint_wall_yellow",
    "category": "DECORATE",
    "required_skills": [ [ "fabrication", 0 ] ],
    "time": "4 m",
    "tools": [ [ "paint_brush" ] ],
    "components": [ [ [ "paint_yellow", 3 ] ] ],
    "pre_terrain": "t_wall_wood",
    "post_terrain": "t_wood_wall_y"
  }
]
