[
  {
    "id": "artifact_teleportitis_aura",
    "type": "effect_type",
    "name": [ "Strange Pressure" ],
    "desc": [ "You feel a strange force pressing you inwards and inside-out" ],
    "enchantments": [
      {
        "intermittent_activation": { "effects": [ { "frequency": "4 seconds", "spell_effects": [ { "id": "AEA_TELEPORT" } ] } ] }
      }
    ]
  },
  {
    "id": "artifact_slow_aura",
    "type": "effect_type",
    "name": [ "Temporal Distortion" ],
    "desc": [ "A slight temporal distortion appears to be centered around you" ],
    "enchantments": [ { "values": [ { "value": "ATTACK_SPEED", "multiply": 1.5 }, { "value": "SPEED", "multiply": 0.5 } ] } ]
  }
]
