[
  {
    "id": "armor_lc_brigandine",
    "type": "ARMOR",
    "category": "armor",
    "name": { "str": "mild steel brigandine" },
    "description": "A vest made from tough fabric with steel plates riveted on the inside.  Can be comfortably worn over chainmail for extra protection.",
    "weight": "6873 g",
    "volume": "6137 ml",
    "price": "600 USD",
    "price_postapoc": "120 USD",
    "to_hit": { "grip": "none", "length": "short", "surface": "any", "balance": "clumsy" },
    "material": [ "lc_steel", "canvas" ],
    "melee_damage": { "bash": 6 },
    "symbol": "[",
    "looks_like": "armor_larmor",
    "color": "light_gray",
    "longest_side": "60 cm",
    "flags": [ "OUTER", "STURDY", "ABLATIVE_CHAINMAIL_TORSO", "VARSIZE" ],
    "armor": [
      {
        "material": [
          { "type": "lc_steel", "covered_by_mat": 100, "thickness": 1.0 },
          { "type": "canvas", "covered_by_mat": 100, "thickness": 2.0 }
        ],
        "covers": [ "torso" ],
        "coverage": 95,
        "encumbrance": 12
      }
    ],
    "pocket_data": [
      {
        "pocket_type": "CONTAINER",
        "ablative": true,
        "volume_encumber_modifier": 0,
        "max_contains_volume": "3 L",
        "max_contains_weight": "3000 g",
        "max_item_length": "60 cm",
        "moves": 3000,
        "description": "Attachment for additional plating placed on top.",
        "flag_restriction": [ "EXTRA_PLATING" ]
      }
    ]
  },
  {
    "id": "xl_armor_lc_brigandine",
    "type": "ARMOR",
    "copy-from": "armor_lc_brigandine",
    "name": { "str": "mild steel brigandine" },
    "proportional": { "weight": 1.125, "volume": 1.13, "price": 1.25 },
    "extend": { "flags": [ "OVERSIZE", "PREFIX_XL" ] }
  },
  {
    "id": "armor_lc_brigandine_xs",
    "type": "ARMOR",
    "copy-from": "armor_lc_brigandine",
    "name": { "str": "mild steel brigandine" },
    "proportional": { "weight": 0.75, "volume": 0.75, "price": 0.5 },
    "extend": { "flags": [ "UNDERSIZE", "PREFIX_XS" ] }
  },
  {
    "id": "armor_lc_brigandine_shoulders",
    "type": "ARMOR",
    "category": "armor",
    "name": { "str": "mild steel brigandine with shoulder guards", "str_pl": "mild steel brigandines with shoulder guards" },
    "description": "A vest made from tough fabric with steel plates riveted on the inside, with shoulder guards attached to it.  Can be comfortably worn over chainmail for extra protection.",
    "weight": "7311 g",
    "volume": "6593 ml",
    "price": "600 USD",
    "price_postapoc": "120 USD",
    "to_hit": { "grip": "none", "length": "hand", "surface": "any", "balance": "uneven" },
    "material": [ "lc_steel", "canvas" ],
    "melee_damage": { "bash": 6 },
    "symbol": "[",
    "looks_like": "armor_larmor",
    "color": "light_gray",
    "longest_side": "60 cm",
    "flags": [ "OUTER", "STURDY", "ABLATIVE_CHAINMAIL_TORSO", "VARSIZE" ],
    "armor": [
      {
        "material": [
          { "type": "lc_steel", "covered_by_mat": 100, "thickness": 1.0 },
          { "type": "canvas", "covered_by_mat": 100, "thickness": 2.0 }
        ],
        "covers": [ "torso" ],
        "coverage": 95,
        "encumbrance": 12
      },
      {
        "material": [ { "type": "lc_steel", "covered_by_mat": 100, "thickness": 1.2 } ],
        "covers": [ "arm_l", "arm_r" ],
        "specifically_covers": [ "arm_shoulder_l", "arm_shoulder_r" ],
        "coverage": 80,
        "cover_vitals": 100,
        "encumbrance": 4
      }
    ],
    "pocket_data": [
      {
        "pocket_type": "CONTAINER",
        "ablative": true,
        "volume_encumber_modifier": 0,
        "max_contains_volume": "3 L",
        "max_contains_weight": "3000 g",
        "max_item_length": "60 cm",
        "moves": 3000,
        "description": "Attachment for additional plating placed on top.",
        "flag_restriction": [ "EXTRA_PLATING" ]
      }
    ]
  },
  {
    "id": "xl_armor_lc_brigandine_shoulders",
    "type": "ARMOR",
    "copy-from": "armor_lc_brigandine_shoulders",
    "name": { "str": "mild steel brigandine with shoulder guards", "str_pl": "mild steel brigandines with shoulder guards" },
    "proportional": { "weight": 1.125, "volume": 1.13, "price": 1.25 },
    "extend": { "flags": [ "OVERSIZE", "PREFIX_XL" ] }
  },
  {
    "id": "armor_lc_brigandine_shoulders_xs",
    "type": "ARMOR",
    "copy-from": "armor_lc_brigandine_shoulders",
    "name": { "str": "mild steel brigandine with shoulder guards", "str_pl": "mild steel brigandines with shoulder guards" },
    "proportional": { "weight": 0.75, "volume": 0.75, "price": 0.5 },
    "extend": { "flags": [ "UNDERSIZE", "PREFIX_XS" ] }
  },
  {
    "id": "armor_lc_coat_brigandine",
    "type": "ARMOR",
    "category": "armor",
    "name": { "str": "mild steel brigandine coat" },
    "description": "A coat made from tough fabric with steel plates riveted on the inside.  Can be comfortably worn over chainmail for extra protection.",
    "weight": "7646 g",
    "volume": "6880 ml",
    "price": "600 USD",
    "price_postapoc": "120 USD",
    "to_hit": { "grip": "none", "length": "short", "surface": "any", "balance": "clumsy" },
    "material": [ "lc_steel", "canvas" ],
    "melee_damage": { "bash": 6 },
    "symbol": "[",
    "looks_like": "armor_larmor",
    "color": "light_gray",
    "longest_side": "60 cm",
    "flags": [ "OUTER", "STURDY", "ABLATIVE_CHAINMAIL_TORSO", "VARSIZE", "ALLOWS_TAIL" ],
    "armor": [
      {
        "material": [
          { "type": "lc_steel", "covered_by_mat": 100, "thickness": 1.0 },
          { "type": "canvas", "covered_by_mat": 100, "thickness": 2.0 }
        ],
        "covers": [ "torso" ],
        "coverage": 95,
        "encumbrance": 12
      },
      {
        "material": [
          { "type": "lc_steel", "covered_by_mat": 90, "thickness": 1.0 },
          { "type": "canvas", "covered_by_mat": 100, "thickness": 2.0 }
        ],
        "covers": [ "leg_l", "leg_r" ],
        "specifically_covers": [ "leg_hip_l", "leg_hip_r" ],
        "coverage": 85,
        "cover_vitals": 100,
        "encumbrance": 4
      }
    ],
    "pocket_data": [
      {
        "pocket_type": "CONTAINER",
        "ablative": true,
        "volume_encumber_modifier": 0,
        "max_contains_volume": "3 L",
        "max_contains_weight": "3000 g",
        "max_item_length": "60 cm",
        "moves": 3000,
        "description": "Attachment for additional plating placed on top.",
        "flag_restriction": [ "EXTRA_PLATING" ]
      }
    ]
  },
  {
    "id": "xl_armor_lc_coat_brigandine",
    "type": "ARMOR",
    "copy-from": "armor_lc_coat_brigandine",
    "name": { "str": "mild steel brigandine coat" },
    "proportional": { "weight": 1.125, "volume": 1.13, "price": 1.25 },
    "extend": { "flags": [ "OVERSIZE", "PREFIX_XL" ] }
  },
  {
    "id": "armor_lc_coat_brigandine_xs",
    "type": "ARMOR",
    "copy-from": "armor_lc_coat_brigandine",
    "name": { "str": "mild steel brigandine coat" },
    "proportional": { "weight": 0.75, "volume": 0.75, "price": 0.5 },
    "extend": { "flags": [ "UNDERSIZE", "PREFIX_XS" ] }
  },
  {
    "id": "armor_lc_coat_brigandine_shoulders",
    "type": "ARMOR",
    "category": "armor",
    "name": {
      "str": "mild steel brigandine coat with shoulder guards",
      "str_pl": "mild steel brigandine coats with shoulder guards"
    },
    "description": "A coat made from tough fabric with steel plates riveted on the inside, with shoulder guards attached to it.  Can be comfortably worn over chainmail for extra protection.",
    "weight": "8084 g",
    "volume": "7336 ml",
    "price": "600 USD",
    "price_postapoc": "120 USD",
    "to_hit": { "grip": "none", "length": "hand", "surface": "any", "balance": "uneven" },
    "material": [ "lc_steel", "canvas" ],
    "melee_damage": { "bash": 6 },
    "symbol": "[",
    "looks_like": "armor_larmor",
    "color": "light_gray",
    "longest_side": "60 cm",
    "flags": [ "OUTER", "STURDY", "ABLATIVE_CHAINMAIL_TORSO", "VARSIZE", "ALLOWS_TAIL" ],
    "armor": [
      {
        "material": [
          { "type": "lc_steel", "covered_by_mat": 100, "thickness": 1.0 },
          { "type": "canvas", "covered_by_mat": 100, "thickness": 2.0 }
        ],
        "covers": [ "torso" ],
        "coverage": 95,
        "encumbrance": 12
      },
      {
        "material": [
          { "type": "lc_steel", "covered_by_mat": 90, "thickness": 1.0 },
          { "type": "canvas", "covered_by_mat": 100, "thickness": 2.0 }
        ],
        "covers": [ "leg_l", "leg_r" ],
        "specifically_covers": [ "leg_hip_l", "leg_hip_r" ],
        "coverage": 85,
        "cover_vitals": 100,
        "encumbrance": 4
      },
      {
        "material": [ { "type": "lc_steel", "covered_by_mat": 100, "thickness": 1.2 } ],
        "covers": [ "arm_l", "arm_r" ],
        "specifically_covers": [ "arm_shoulder_l", "arm_shoulder_r" ],
        "coverage": 80,
        "cover_vitals": 100,
        "encumbrance": 4
      }
    ],
    "pocket_data": [
      {
        "pocket_type": "CONTAINER",
        "ablative": true,
        "volume_encumber_modifier": 0,
        "max_contains_volume": "3 L",
        "max_contains_weight": "3000 g",
        "max_item_length": "60 cm",
        "moves": 3000,
        "description": "Attachment for additional plating placed on top.",
        "flag_restriction": [ "EXTRA_PLATING" ]
      }
    ]
  },
  {
    "id": "xl_armor_lc_coat_brigandine_shoulders",
    "type": "ARMOR",
    "copy-from": "armor_lc_coat_brigandine_shoulders",
    "name": {
      "str": "mild steel brigandine coat with shoulder guards",
      "str_pl": "mild steel brigandine coats with shoulder guards"
    },
    "proportional": { "weight": 1.125, "volume": 1.13, "price": 1.25 },
    "extend": { "flags": [ "OVERSIZE", "PREFIX_XL" ] }
  },
  {
    "id": "armor_lc_coat_brigandine_shoulders_xs",
    "type": "ARMOR",
    "copy-from": "armor_lc_coat_brigandine_shoulders",
    "name": {
      "str": "mild steel brigandine coat with shoulder guards",
      "str_pl": "mild steel brigandine coats with shoulder guards"
    },
    "proportional": { "weight": 0.75, "volume": 0.75, "price": 0.5 },
    "extend": { "flags": [ "UNDERSIZE", "PREFIX_XS" ] }
  },
  {
    "id": "armor_mc_brigandine",
    "type": "ARMOR",
    "name": { "str": "medium steel brigandine" },
    "copy-from": "armor_lc_brigandine",
    "replace_materials": { "lc_steel": "mc_steel" }
  },
  {
    "id": "xl_armor_mc_brigandine",
    "type": "ARMOR",
    "copy-from": "armor_mc_brigandine",
    "name": { "str": "medium steel brigandine" },
    "proportional": { "weight": 1.125, "volume": 1.13, "price": 1.25 },
    "extend": { "flags": [ "OVERSIZE", "PREFIX_XL" ] }
  },
  {
    "id": "armor_mc_brigandine_xs",
    "type": "ARMOR",
    "copy-from": "armor_mc_brigandine",
    "name": { "str": "medium steel brigandine" },
    "proportional": { "weight": 0.75, "volume": 0.75, "price": 0.5 },
    "extend": { "flags": [ "UNDERSIZE", "PREFIX_XS" ] }
  },
  {
    "id": "armor_mc_brigandine_shoulders",
    "type": "ARMOR",
    "name": { "str": "medium steel brigandine with shoulder guards", "str_pl": "medium steel brigandines with shoulder guards" },
    "copy-from": "armor_lc_brigandine_shoulders",
    "replace_materials": { "lc_steel": "mc_steel" }
  },
  {
    "id": "xl_armor_mc_brigandine_shoulders",
    "type": "ARMOR",
    "copy-from": "armor_mc_brigandine_shoulders",
    "name": { "str": "medium steel brigandine with shoulder guards", "str_pl": "medium steel brigandines with shoulder guards" },
    "proportional": { "weight": 1.125, "volume": 1.13, "price": 1.25 },
    "extend": { "flags": [ "OVERSIZE", "PREFIX_XL" ] }
  },
  {
    "id": "armor_mc_brigandine_shoulders_xs",
    "type": "ARMOR",
    "copy-from": "armor_mc_brigandine_shoulders",
    "name": { "str": "medium steel brigandine with shoulder guards", "str_pl": "medium steel brigandines with shoulder guards" },
    "proportional": { "weight": 0.75, "volume": 0.75, "price": 0.5 },
    "extend": { "flags": [ "UNDERSIZE", "PREFIX_XS" ] }
  },
  {
    "id": "armor_mc_coat_brigandine",
    "type": "ARMOR",
    "name": { "str": "medium steel brigandine coat" },
    "copy-from": "armor_lc_coat_brigandine",
    "replace_materials": { "lc_steel": "mc_steel" }
  },
  {
    "id": "xl_armor_mc_coat_brigandine",
    "type": "ARMOR",
    "copy-from": "armor_mc_coat_brigandine",
    "name": { "str": "medium steel brigandine coat" },
    "proportional": { "weight": 1.125, "volume": 1.13, "price": 1.25 },
    "extend": { "flags": [ "OVERSIZE", "PREFIX_XL" ] }
  },
  {
    "id": "armor_mc_coat_brigandine_xs",
    "type": "ARMOR",
    "copy-from": "armor_mc_coat_brigandine",
    "name": { "str": "medium steel brigandine coat" },
    "proportional": { "weight": 0.75, "volume": 0.75, "price": 0.5 },
    "extend": { "flags": [ "UNDERSIZE", "PREFIX_XS" ] }
  },
  {
    "id": "armor_mc_coat_brigandine_shoulders",
    "type": "ARMOR",
    "name": {
      "str": "medium steel brigandine coat with shoulder guards",
      "str_pl": "medium steel brigandine coats with shoulder guards"
    },
    "copy-from": "armor_lc_coat_brigandine_shoulders",
    "replace_materials": { "lc_steel": "mc_steel" }
  },
  {
    "id": "xl_armor_mc_coat_brigandine_shoulders",
    "type": "ARMOR",
    "copy-from": "armor_mc_coat_brigandine_shoulders",
    "name": {
      "str": "medium steel brigandine coat with shoulder guards",
      "str_pl": "medium steel brigandine coats with shoulder guards"
    },
    "proportional": { "weight": 1.125, "volume": 1.13, "price": 1.25 },
    "extend": { "flags": [ "OVERSIZE", "PREFIX_XL" ] }
  },
  {
    "id": "armor_mc_coat_brigandine_shoulders_xs",
    "type": "ARMOR",
    "copy-from": "armor_mc_coat_brigandine_shoulders",
    "name": {
      "str": "medium steel brigandine coat with shoulder guards",
      "str_pl": "medium steel brigandine coats with shoulder guards"
    },
    "proportional": { "weight": 0.75, "volume": 0.75, "price": 0.5 },
    "extend": { "flags": [ "UNDERSIZE", "PREFIX_XS" ] }
  },
  {
    "id": "armor_hc_brigandine",
    "type": "ARMOR",
    "name": { "str": "high steel brigandine" },
    "copy-from": "armor_lc_brigandine",
    "replace_materials": { "lc_steel": "hc_steel" }
  },
  {
    "id": "xl_armor_hc_brigandine",
    "type": "ARMOR",
    "copy-from": "armor_hc_brigandine",
    "name": { "str": "high steel brigandine" },
    "proportional": { "weight": 1.125, "volume": 1.13, "price": 1.25 },
    "extend": { "flags": [ "OVERSIZE", "PREFIX_XL" ] }
  },
  {
    "id": "armor_hc_brigandine_xs",
    "type": "ARMOR",
    "copy-from": "armor_hc_brigandine",
    "name": { "str": "high steel brigandine" },
    "proportional": { "weight": 0.75, "volume": 0.75, "price": 0.5 },
    "extend": { "flags": [ "UNDERSIZE", "PREFIX_XS" ] }
  },
  {
    "id": "armor_hc_brigandine_shoulders",
    "type": "ARMOR",
    "name": { "str": "high steel brigandine with shoulder guards", "str_pl": "high steel brigandines with shoulder guards" },
    "copy-from": "armor_lc_brigandine_shoulders",
    "replace_materials": { "lc_steel": "hc_steel" }
  },
  {
    "id": "xl_armor_hc_brigandine_shoulders",
    "type": "ARMOR",
    "copy-from": "armor_hc_brigandine_shoulders",
    "name": { "str": "high steel brigandine with shoulder guards", "str_pl": "high steel brigandines with shoulder guards" },
    "proportional": { "weight": 1.125, "volume": 1.13, "price": 1.25 },
    "extend": { "flags": [ "OVERSIZE", "PREFIX_XL" ] }
  },
  {
    "id": "armor_hc_brigandine_shoulders_xs",
    "type": "ARMOR",
    "copy-from": "armor_hc_brigandine_shoulders",
    "name": { "str": "high steel brigandine with shoulder guards", "str_pl": "high steel brigandines with shoulder guards" },
    "proportional": { "weight": 0.75, "volume": 0.75, "price": 0.5 },
    "extend": { "flags": [ "UNDERSIZE", "PREFIX_XS" ] }
  },
  {
    "id": "armor_hc_coat_brigandine",
    "type": "ARMOR",
    "name": { "str": "high steel brigandine coat" },
    "copy-from": "armor_lc_coat_brigandine",
    "replace_materials": { "lc_steel": "hc_steel" }
  },
  {
    "id": "xl_armor_hc_coat_brigandine",
    "type": "ARMOR",
    "copy-from": "armor_hc_coat_brigandine",
    "name": { "str": "high steel brigandine coat" },
    "proportional": { "weight": 1.125, "volume": 1.13, "price": 1.25 },
    "extend": { "flags": [ "OVERSIZE", "PREFIX_XL" ] }
  },
  {
    "id": "armor_hc_coat_brigandine_xs",
    "type": "ARMOR",
    "copy-from": "armor_hc_coat_brigandine",
    "name": { "str": "high steel brigandine coat" },
    "proportional": { "weight": 0.75, "volume": 0.75, "price": 0.5 },
    "extend": { "flags": [ "UNDERSIZE", "PREFIX_XS" ] }
  },
  {
    "id": "armor_hc_coat_brigandine_shoulders",
    "type": "ARMOR",
    "name": {
      "str": "high steel brigandine coat with shoulder guards",
      "str_pl": "high steel brigandine coats with shoulder guards"
    },
    "copy-from": "armor_lc_coat_brigandine_shoulders",
    "replace_materials": { "lc_steel": "hc_steel" }
  },
  {
    "id": "xl_armor_hc_coat_brigandine_shoulders",
    "type": "ARMOR",
    "copy-from": "armor_hc_coat_brigandine_shoulders",
    "name": {
      "str": "high steel brigandine coat with shoulder guards",
      "str_pl": "high steel brigandine coats with shoulder guards"
    },
    "proportional": { "weight": 1.125, "volume": 1.13, "price": 1.25 },
    "extend": { "flags": [ "OVERSIZE", "PREFIX_XL" ] }
  },
  {
    "id": "armor_hc_coat_brigandine_shoulders_xs",
    "type": "ARMOR",
    "copy-from": "armor_hc_coat_brigandine_shoulders",
    "name": {
      "str": "high steel brigandine coat with shoulder guards",
      "str_pl": "high steel brigandine coats with shoulder guards"
    },
    "proportional": { "weight": 0.75, "volume": 0.75, "price": 0.5 },
    "extend": { "flags": [ "UNDERSIZE", "PREFIX_XS" ] }
  },
  {
    "id": "armor_ch_brigandine",
    "type": "ARMOR",
    "name": { "str": "hardened brigandine" },
    "copy-from": "armor_lc_brigandine",
    "replace_materials": { "lc_steel": "ch_steel" }
  },
  {
    "id": "xl_armor_ch_brigandine",
    "type": "ARMOR",
    "copy-from": "armor_ch_brigandine",
    "name": { "str": "hardened brigandine" },
    "proportional": { "weight": 1.125, "volume": 1.13, "price": 1.25 },
    "extend": { "flags": [ "OVERSIZE", "PREFIX_XL" ] }
  },
  {
    "id": "armor_ch_brigandine_xs",
    "type": "ARMOR",
    "copy-from": "armor_ch_brigandine",
    "name": { "str": "hardened brigandine" },
    "proportional": { "weight": 0.75, "volume": 0.75, "price": 0.5 },
    "extend": { "flags": [ "UNDERSIZE", "PREFIX_XS" ] }
  },
  {
    "id": "armor_ch_brigandine_shoulders",
    "type": "ARMOR",
    "name": { "str": "hardened brigandine with shoulder guards", "str_pl": "hardened brigandines with shoulder guards" },
    "copy-from": "armor_lc_brigandine_shoulders",
    "replace_materials": { "lc_steel": "ch_steel" }
  },
  {
    "id": "xl_armor_ch_brigandine_shoulders",
    "type": "ARMOR",
    "copy-from": "armor_ch_brigandine_shoulders",
    "name": { "str": "hardened brigandine with shoulder guards", "str_pl": "hardened brigandines with shoulder guards" },
    "proportional": { "weight": 1.125, "volume": 1.13, "price": 1.25 },
    "extend": { "flags": [ "OVERSIZE", "PREFIX_XL" ] }
  },
  {
    "id": "armor_ch_brigandine_shoulders_xs",
    "type": "ARMOR",
    "copy-from": "armor_ch_brigandine_shoulders",
    "name": { "str": "hardened brigandine with shoulder guards", "str_pl": "hardened brigandines with shoulder guards" },
    "proportional": { "weight": 0.75, "volume": 0.75, "price": 0.5 },
    "extend": { "flags": [ "UNDERSIZE", "PREFIX_XS" ] }
  },
  {
    "id": "armor_ch_coat_brigandine",
    "type": "ARMOR",
    "name": { "str": "hardened brigandine coat" },
    "copy-from": "armor_lc_coat_brigandine",
    "replace_materials": { "lc_steel": "ch_steel" }
  },
  {
    "id": "xl_armor_ch_coat_brigandine",
    "type": "ARMOR",
    "copy-from": "armor_ch_coat_brigandine",
    "name": { "str": "hardened brigandine coat" },
    "proportional": { "weight": 1.125, "volume": 1.13, "price": 1.25 },
    "extend": { "flags": [ "OVERSIZE", "PREFIX_XL" ] }
  },
  {
    "id": "armor_ch_coat_brigandine_xs",
    "type": "ARMOR",
    "copy-from": "armor_ch_coat_brigandine",
    "name": { "str": "hardened brigandine coat" },
    "proportional": { "weight": 0.75, "volume": 0.75, "price": 0.5 },
    "extend": { "flags": [ "UNDERSIZE", "PREFIX_XS" ] }
  },
  {
    "id": "armor_ch_coat_brigandine_shoulders",
    "type": "ARMOR",
    "name": { "str": "hardened brigandine coat with shoulder guards", "str_pl": "hardened brigandine coats with shoulder guards" },
    "copy-from": "armor_lc_coat_brigandine_shoulders",
    "replace_materials": { "lc_steel": "ch_steel" }
  },
  {
    "id": "xl_armor_ch_coat_brigandine_shoulders",
    "type": "ARMOR",
    "copy-from": "armor_ch_coat_brigandine_shoulders",
    "name": { "str": "hardened brigandine coat with shoulder guards", "str_pl": "hardened brigandine coats with shoulder guards" },
    "proportional": { "weight": 1.125, "volume": 1.13, "price": 1.25 },
    "extend": { "flags": [ "OVERSIZE", "PREFIX_XL" ] }
  },
  {
    "id": "armor_ch_coat_brigandine_shoulders_xs",
    "type": "ARMOR",
    "copy-from": "armor_ch_coat_brigandine_shoulders",
    "name": { "str": "hardened brigandine coat with shoulder guards", "str_pl": "hardened brigandine coats with shoulder guards" },
    "proportional": { "weight": 0.75, "volume": 0.75, "price": 0.5 },
    "extend": { "flags": [ "UNDERSIZE", "PREFIX_XS" ] }
  },
  {
    "id": "armor_qt_brigandine",
    "type": "ARMOR",
    "name": { "str": "tempered brigandine" },
    "copy-from": "armor_lc_brigandine",
    "replace_materials": { "lc_steel": "qt_steel" }
  },
  {
    "id": "xl_armor_qt_brigandine",
    "type": "ARMOR",
    "copy-from": "armor_qt_brigandine",
    "name": { "str": "tempered brigandine" },
    "proportional": { "weight": 1.125, "volume": 1.13, "price": 1.25 },
    "extend": { "flags": [ "OVERSIZE", "PREFIX_XL" ] }
  },
  {
    "id": "armor_qt_brigandine_xs",
    "type": "ARMOR",
    "copy-from": "armor_qt_brigandine",
    "name": { "str": "tempered brigandine" },
    "proportional": { "weight": 0.75, "volume": 0.75, "price": 0.5 },
    "extend": { "flags": [ "UNDERSIZE", "PREFIX_XS" ] }
  },
  {
    "id": "armor_qt_brigandine_shoulders",
    "type": "ARMOR",
    "name": { "str": "tempered brigandine with shoulder guards", "str_pl": "tempered brigandines with shoulder guards" },
    "copy-from": "armor_lc_brigandine_shoulders",
    "replace_materials": { "lc_steel": "qt_steel" }
  },
  {
    "id": "xl_armor_qt_brigandine_shoulders",
    "type": "ARMOR",
    "copy-from": "armor_qt_brigandine_shoulders",
    "name": { "str": "tempered brigandine with shoulder guards", "str_pl": "tempered brigandines with shoulder guards" },
    "proportional": { "weight": 1.125, "volume": 1.13, "price": 1.25 },
    "extend": { "flags": [ "OVERSIZE", "PREFIX_XL" ] }
  },
  {
    "id": "armor_qt_brigandine_shoulders_xs",
    "type": "ARMOR",
    "copy-from": "armor_qt_brigandine_shoulders",
    "name": { "str": "tempered brigandine with shoulder guards", "str_pl": "tempered brigandines with shoulder guards" },
    "proportional": { "weight": 0.75, "volume": 0.75, "price": 0.5 },
    "extend": { "flags": [ "UNDERSIZE", "PREFIX_XS" ] }
  },
  {
    "id": "armor_qt_coat_brigandine",
    "type": "ARMOR",
    "name": { "str": "tempered brigandine coat" },
    "copy-from": "armor_lc_coat_brigandine",
    "replace_materials": { "lc_steel": "qt_steel" }
  },
  {
    "id": "xl_armor_qt_coat_brigandine",
    "type": "ARMOR",
    "copy-from": "armor_qt_coat_brigandine",
    "name": { "str": "tempered brigandine coat" },
    "proportional": { "weight": 1.125, "volume": 1.13, "price": 1.25 },
    "extend": { "flags": [ "OVERSIZE", "PREFIX_XL" ] }
  },
  {
    "id": "armor_qt_coat_brigandine_xs",
    "type": "ARMOR",
    "copy-from": "armor_qt_coat_brigandine",
    "name": { "str": "tempered brigandine coat" },
    "proportional": { "weight": 0.75, "volume": 0.75, "price": 0.5 },
    "extend": { "flags": [ "UNDERSIZE", "PREFIX_XS" ] }
  },
  {
    "id": "armor_qt_coat_brigandine_shoulders",
    "type": "ARMOR",
    "name": { "str": "tempered brigandine coat with shoulder guards", "str_pl": "tempered brigandine coats with shoulder guards" },
    "copy-from": "armor_lc_coat_brigandine_shoulders",
    "replace_materials": { "lc_steel": "qt_steel" }
  },
  {
    "id": "xl_armor_qt_coat_brigandine_shoulders",
    "type": "ARMOR",
    "copy-from": "armor_qt_coat_brigandine_shoulders",
    "name": { "str": "tempered brigandine coat with shoulder guards", "str_pl": "tempered brigandine coats with shoulder guards" },
    "proportional": { "weight": 1.125, "volume": 1.13, "price": 1.25 },
    "extend": { "flags": [ "OVERSIZE", "PREFIX_XL" ] }
  },
  {
    "id": "armor_qt_coat_brigandine_shoulders_xs",
    "type": "ARMOR",
    "copy-from": "armor_qt_coat_brigandine_shoulders",
    "name": { "str": "tempered brigandine coat with shoulder guards", "str_pl": "tempered brigandine coats with shoulder guards" },
    "proportional": { "weight": 0.75, "volume": 0.75, "price": 0.5 },
    "extend": { "flags": [ "UNDERSIZE", "PREFIX_XS" ] }
  },
  {
    "id": "armguard_lc_brigandine",
    "type": "ARMOR",
    "category": "armor",
    "name": { "str": "pair of mild steel splint arm guards", "str_pl": "pairs of mild steel splint arm guards" },
    "description": "A pair of arm guards made of tough fabric sandwiched between alternating strips of steel.  Can be comfortably worn over chainmail for extra protection.",
    "weight": "1744 g",
    "volume": "2138 ml",
    "longest_side": "30 cm",
    "price": "300 USD",
    "price_postapoc": "10 USD",
    "material": [ "lc_steel", "canvas" ],
    "symbol": "[",
    "looks_like": "armguard_hard",
    "color": "light_gray",
    "environmental_protection": 1,
    "flags": [ "OUTER", "BLOCK_WHILE_WORN", "STURDY", "ABLATIVE_CHAINMAIL_ARMS", "VARSIZE" ],
    "armor": [
      {
        "material": [
          { "type": "canvas", "covered_by_mat": 100, "thickness": 1.5 },
          { "type": "lc_steel", "covered_by_mat": 90, "thickness": 0.8 }
        ],
        "covers": [ "arm_l", "arm_r" ],
        "encumbrance": 6,
        "coverage": 100,
        "cover_melee": 100,
        "cover_ranged": 100,
        "cover_vitals": 90,
        "specifically_covers": [ "arm_lower_r", "arm_lower_l", "arm_upper_r", "arm_upper_l" ]
      }
    ]
  },
  {
    "id": "xl_armguard_lc_brigandine",
    "type": "ARMOR",
    "copy-from": "armguard_lc_brigandine",
    "name": { "str": "pair of mild steel splint arm guards", "str_pl": "pairs of mild steel splint arm guards" },
    "proportional": { "weight": 1.125, "volume": 1.13, "price": 1.25 },
    "extend": { "flags": [ "OVERSIZE", "PREFIX_XL" ] }
  },
  {
    "id": "armguard_lc_brigandine_xs",
    "type": "ARMOR",
    "copy-from": "armguard_lc_brigandine",
    "name": { "str": "pair of mild steel splint arm guards", "str_pl": "pairs of mild steel splint arm guards" },
    "proportional": { "weight": 0.75, "volume": 0.75, "price": 0.5 },
    "extend": { "flags": [ "UNDERSIZE", "PREFIX_XS" ] }
  },
  {
    "id": "armguard_mc_brigandine",
    "type": "ARMOR",
    "name": { "str": "pair of medium steel splint arm guards", "str_pl": "pairs of medium steel splint arm guards" },
    "copy-from": "armguard_lc_brigandine",
    "replace_materials": { "lc_steel": "mc_steel" }
  },
  {
    "id": "xl_armguard_mc_brigandine",
    "type": "ARMOR",
    "copy-from": "armguard_mc_brigandine",
    "name": { "str": "pair of medium steel splint arm guards", "str_pl": "pairs of medium steel splint arm guards" },
    "proportional": { "weight": 1.125, "volume": 1.13, "price": 1.25 },
    "extend": { "flags": [ "OVERSIZE", "PREFIX_XL" ] }
  },
  {
    "id": "armguard_mc_brigandine_xs",
    "type": "ARMOR",
    "copy-from": "armguard_mc_brigandine",
    "name": { "str": "pair of medium steel splint arm guards", "str_pl": "pairs of medium steel splint arm guards" },
    "proportional": { "weight": 0.75, "volume": 0.75, "price": 0.5 },
    "extend": { "flags": [ "UNDERSIZE", "PREFIX_XS" ] }
  },
  {
    "id": "armguard_hc_brigandine",
    "type": "ARMOR",
    "name": { "str": "pair of high steel splint arm guards", "str_pl": "pairs of high steel splint arm guards" },
    "copy-from": "armguard_lc_brigandine",
    "replace_materials": { "lc_steel": "hc_steel" }
  },
  {
    "id": "xl_armguard_hc_brigandine",
    "type": "ARMOR",
    "copy-from": "armguard_hc_brigandine",
    "name": { "str": "pair of high steel splint arm guards", "str_pl": "pairs of high steel splint arm guards" },
    "proportional": { "weight": 1.125, "volume": 1.13, "price": 1.25 },
    "extend": { "flags": [ "OVERSIZE", "PREFIX_XL" ] }
  },
  {
    "id": "armguard_hc_brigandine_xs",
    "type": "ARMOR",
    "copy-from": "armguard_hc_brigandine",
    "name": { "str": "pair of high steel splint arm guards", "str_pl": "pairs of high steel splint arm guards" },
    "proportional": { "weight": 0.75, "volume": 0.75, "price": 0.5 },
    "extend": { "flags": [ "UNDERSIZE", "PREFIX_XS" ] }
  },
  {
    "id": "armguard_ch_brigandine",
    "type": "ARMOR",
    "name": { "str": "pair of hardened splint arm guards", "str_pl": "pairs of hardened splint arm guards" },
    "copy-from": "armguard_lc_brigandine",
    "replace_materials": { "lc_steel": "ch_steel" }
  },
  {
    "id": "xl_armguard_ch_brigandine",
    "type": "ARMOR",
    "copy-from": "armguard_ch_brigandine",
    "name": { "str": "pair of hardened splint arm guards", "str_pl": "pairs of hardened splint arm guards" },
    "proportional": { "weight": 1.125, "volume": 1.13, "price": 1.25 },
    "extend": { "flags": [ "OVERSIZE", "PREFIX_XL" ] }
  },
  {
    "id": "armguard_ch_brigandine_xs",
    "type": "ARMOR",
    "copy-from": "armguard_ch_brigandine",
    "name": { "str": "pair of hardened splint arm guards", "str_pl": "pairs of hardened splint arm guards" },
    "proportional": { "weight": 0.75, "volume": 0.75, "price": 0.5 },
    "extend": { "flags": [ "UNDERSIZE", "PREFIX_XS" ] }
  },
  {
    "id": "armguard_qt_brigandine",
    "type": "ARMOR",
    "name": { "str": "pair of tempered splint arm guards", "str_pl": "pairs of tempered splint arm guards" },
    "copy-from": "armguard_lc_brigandine",
    "replace_materials": { "lc_steel": "qt_steel" }
  },
  {
    "id": "xl_armguard_qt_brigandine",
    "type": "ARMOR",
    "copy-from": "armguard_qt_brigandine",
    "name": { "str": "pair of tempered splint arm guards", "str_pl": "pairs of tempered splint arm guards" },
    "proportional": { "weight": 1.125, "volume": 1.13, "price": 1.25 },
    "extend": { "flags": [ "OVERSIZE", "PREFIX_XL" ] }
  },
  {
    "id": "armguard_qt_brigandine_xs",
    "type": "ARMOR",
    "copy-from": "armguard_qt_brigandine",
    "name": { "str": "pair of tempered splint arm guards", "str_pl": "pairs of tempered splint arm guards" },
    "proportional": { "weight": 0.75, "volume": 0.75, "price": 0.5 },
    "extend": { "flags": [ "UNDERSIZE", "PREFIX_XS" ] }
  },
  {
    "id": "legguard_lc_brigandine",
    "type": "ARMOR",
    "category": "armor",
    "name": { "str": "pair of mild steel splint leg guards", "str_pl": "pairs of mild steel splint leg guards" },
    "description": "A pair of leg guards made of tough fabric sandwiched between alternating strips of steel.  Can be comfortably worn over chainmail for extra protection.",
    "weight": "2674 g",
    "volume": "3278 ml",
    "price": "400 USD",
    "price_postapoc": "10 USD",
    "material": [ "lc_steel", "canvas" ],
    "symbol": "[",
    "looks_like": "legguard_lightplate",
    "color": "light_gray",
    "environmental_protection": 1,
    "flags": [ "OUTER", "STURDY", "ABLATIVE_CHAINMAIL_LEGS", "VARSIZE" ],
    "armor": [
      {
        "material": [
          { "type": "canvas", "covered_by_mat": 100, "thickness": 1.5 },
          { "type": "lc_steel", "covered_by_mat": 90, "thickness": 0.8 }
        ],
        "covers": [ "leg_l", "leg_r" ],
        "encumbrance": 6,
        "coverage": 100,
        "cover_melee": 100,
        "cover_ranged": 100,
        "cover_vitals": 90,
        "specifically_covers": [ "leg_lower_r", "leg_lower_l", "leg_upper_r", "leg_upper_l" ]
      }
    ]
  },
  {
    "id": "xl_legguard_lc_brigandine",
    "type": "ARMOR",
    "copy-from": "legguard_lc_brigandine",
    "name": { "str": "pair of mild steel splint leg guards", "str_pl": "pairs of mild steel splint leg guards" },
    "proportional": { "weight": 1.125, "volume": 1.13, "price": 1.25 },
    "extend": { "flags": [ "OVERSIZE", "PREFIX_XL" ] }
  },
  {
    "id": "legguard_lc_brigandine_xs",
    "type": "ARMOR",
    "copy-from": "legguard_lc_brigandine",
    "name": { "str": "pair of mild steel splint leg guards", "str_pl": "pairs of mild steel splint leg guards" },
    "proportional": { "weight": 0.75, "volume": 0.75, "price": 0.5 },
    "extend": { "flags": [ "UNDERSIZE", "PREFIX_XS" ] }
  },
  {
    "id": "legguard_mc_brigandine",
    "type": "ARMOR",
    "name": { "str": "pair of medium steel splint leg guards", "str_pl": "pairs of medium steel splint leg guards" },
    "copy-from": "legguard_lc_brigandine",
    "replace_materials": { "lc_steel": "mc_steel" }
  },
  {
    "id": "xl_legguard_mc_brigandine",
    "type": "ARMOR",
    "copy-from": "legguard_mc_brigandine",
    "name": { "str": "pair of medium steel splint leg guards", "str_pl": "pairs of medium steel splint leg guards" },
    "proportional": { "weight": 1.125, "volume": 1.13, "price": 1.25 },
    "extend": { "flags": [ "OVERSIZE", "PREFIX_XL" ] }
  },
  {
    "id": "legguard_mc_brigandine_xs",
    "type": "ARMOR",
    "copy-from": "legguard_mc_brigandine",
    "name": { "str": "pair of medium steel splint leg guards", "str_pl": "pairs of medium steel splint leg guards" },
    "proportional": { "weight": 0.75, "volume": 0.75, "price": 0.5 },
    "extend": { "flags": [ "UNDERSIZE", "PREFIX_XS" ] }
  },
  {
    "id": "legguard_hc_brigandine",
    "type": "ARMOR",
    "name": { "str": "pair of high steel splint leg guards", "str_pl": "pairs of high steel splint leg guards" },
    "copy-from": "legguard_lc_brigandine",
    "replace_materials": { "lc_steel": "hc_steel" }
  },
  {
    "id": "xl_legguard_hc_brigandine",
    "type": "ARMOR",
    "copy-from": "legguard_hc_brigandine",
    "name": { "str": "pair of high steel splint leg guards", "str_pl": "pairs of high steel splint leg guards" },
    "proportional": { "weight": 1.125, "volume": 1.13, "price": 1.25 },
    "extend": { "flags": [ "OVERSIZE", "PREFIX_XL" ] }
  },
  {
    "id": "legguard_hc_brigandine_xs",
    "type": "ARMOR",
    "copy-from": "legguard_hc_brigandine",
    "name": { "str": "pair of high steel splint leg guards", "str_pl": "pairs of high steel splint leg guards" },
    "proportional": { "weight": 0.75, "volume": 0.75, "price": 0.5 },
    "extend": { "flags": [ "UNDERSIZE", "PREFIX_XS" ] }
  },
  {
    "id": "legguard_ch_brigandine",
    "type": "ARMOR",
    "name": { "str": "pair of hardened splint leg guards", "str_pl": "pairs of hardened splint leg guards" },
    "copy-from": "legguard_lc_brigandine",
    "replace_materials": { "lc_steel": "ch_steel" }
  },
  {
    "id": "xl_legguard_ch_brigandine",
    "type": "ARMOR",
    "copy-from": "legguard_ch_brigandine",
    "name": { "str": "pair of hardened splint leg guards", "str_pl": "pairs of hardened splint leg guards" },
    "proportional": { "weight": 1.125, "volume": 1.13, "price": 1.25 },
    "extend": { "flags": [ "OVERSIZE", "PREFIX_XL" ] }
  },
  {
    "id": "legguard_ch_brigandine_xs",
    "type": "ARMOR",
    "copy-from": "legguard_ch_brigandine",
    "name": { "str": "pair of hardened splint leg guards", "str_pl": "pairs of hardened splint leg guards" },
    "proportional": { "weight": 0.75, "volume": 0.75, "price": 0.5 },
    "extend": { "flags": [ "UNDERSIZE", "PREFIX_XS" ] }
  },
  {
    "id": "legguard_qt_brigandine",
    "type": "ARMOR",
    "name": { "str": "pair of tempered splint leg guards", "str_pl": "pairs of tempered splint leg guards" },
    "copy-from": "legguard_lc_brigandine",
    "replace_materials": { "lc_steel": "qt_steel" }
  },
  {
    "id": "xl_legguard_qt_brigandine",
    "type": "ARMOR",
    "copy-from": "legguard_qt_brigandine",
    "name": { "str": "pair of tempered splint leg guards", "str_pl": "pairs of tempered splint leg guards" },
    "proportional": { "weight": 1.125, "volume": 1.13, "price": 1.25 },
    "extend": { "flags": [ "OVERSIZE", "PREFIX_XL" ] }
  },
  {
    "id": "legguard_qt_brigandine_xs",
    "type": "ARMOR",
    "copy-from": "legguard_qt_brigandine",
    "name": { "str": "pair of tempered splint leg guards", "str_pl": "pairs of tempered splint leg guards" },
    "proportional": { "weight": 0.75, "volume": 0.75, "price": 0.5 },
    "extend": { "flags": [ "UNDERSIZE", "PREFIX_XS" ] }
  },
  {
    "id": "lc_vambrace_brigandine",
    "type": "ARMOR",
    "category": "armor",
    "name": { "str": "pair of mild steel splint vambraces", "str_pl": "pairs of mild steel splint vambraces" },
    "description": "A pair of vambraces made of tough fabric sandwiched between alternating strips of steel.  Can be comfortably worn over chainmail for extra protection.",
    "weight": "600 g",
    "volume": "1400 ml",
    "longest_side": "12 cm",
    "price": "300 USD",
    "price_postapoc": "10 USD",
    "material": [ "lc_steel", "canvas" ],
    "symbol": "[",
    "looks_like": "armguard_bronze",
    "color": "light_gray",
    "environmental_protection": 1,
    "flags": [ "OUTER", "BLOCK_WHILE_WORN", "STURDY", "ABLATIVE_CHAINMAIL_ARMS", "VARSIZE" ],
    "armor": [
      {
        "material": [
          { "type": "canvas", "covered_by_mat": 100, "thickness": 1.5 },
          { "type": "lc_steel", "covered_by_mat": 90, "thickness": 0.8 }
        ],
        "covers": [ "arm_l", "arm_r" ],
        "encumbrance": 4,
        "coverage": 100,
        "cover_melee": 100,
        "cover_ranged": 100,
        "cover_vitals": 90,
        "specifically_covers": [ "arm_lower_r", "arm_lower_l" ]
      }
    ]
  },
  {
    "id": "xl_lc_vambrace_brigandine",
    "type": "ARMOR",
    "copy-from": "lc_vambrace_brigandine",
    "name": { "str": "pair of mild steel splint vambraces", "str_pl": "pairs of mild steel splint vambraces" },
    "proportional": { "weight": 1.125, "volume": 1.13, "price": 1.25 },
    "extend": { "flags": [ "OVERSIZE", "PREFIX_XL" ] }
  },
  {
    "id": "xs_lc_vambrace_brigandine",
    "type": "ARMOR",
    "copy-from": "lc_vambrace_brigandine",
    "name": { "str": "pair of mild steel splint vambraces", "str_pl": "pairs of mild steel splint vambraces" },
    "proportional": { "weight": 0.75, "volume": 0.75, "price": 0.5 },
    "extend": { "flags": [ "UNDERSIZE", "PREFIX_XS" ] }
  },
  {
    "id": "mc_vambrace_brigandine",
    "type": "ARMOR",
    "name": { "str": "pair of medium steel splint vambraces", "str_pl": "pairs of medium steel splint vambraces" },
    "copy-from": "lc_vambrace_brigandine",
    "replace_materials": { "lc_steel": "mc_steel" }
  },
  {
    "id": "xl_mc_vambrace_brigandine",
    "type": "ARMOR",
    "copy-from": "mc_vambrace_brigandine",
    "name": { "str": "pair of medium steel splint vambraces", "str_pl": "pairs of medium steel splint vambraces" },
    "proportional": { "weight": 1.125, "volume": 1.13, "price": 1.25 },
    "extend": { "flags": [ "OVERSIZE", "PREFIX_XL" ] }
  },
  {
    "id": "xs_mc_vambrace_brigandine",
    "type": "ARMOR",
    "copy-from": "mc_vambrace_brigandine",
    "name": { "str": "pair of medium steel splint vambraces", "str_pl": "pairs of medium steel splint vambraces" },
    "proportional": { "weight": 0.75, "volume": 0.75, "price": 0.5 },
    "extend": { "flags": [ "UNDERSIZE", "PREFIX_XS" ] }
  },
  {
    "id": "hc_vambrace_brigandine",
    "type": "ARMOR",
    "name": { "str": "pair of high steel splint vambraces", "str_pl": "pairs of high steel splint vambraces" },
    "copy-from": "lc_vambrace_brigandine",
    "replace_materials": { "lc_steel": "hc_steel" }
  },
  {
    "id": "xl_hc_vambrace_brigandine",
    "type": "ARMOR",
    "copy-from": "hc_vambrace_brigandine",
    "name": { "str": "pair of high steel splint vambraces", "str_pl": "pairs of high steel splint vambraces" },
    "proportional": { "weight": 1.125, "volume": 1.13, "price": 1.25 },
    "extend": { "flags": [ "OVERSIZE", "PREFIX_XL" ] }
  },
  {
    "id": "xs_hc_vambrace_brigandine",
    "type": "ARMOR",
    "copy-from": "hc_vambrace_brigandine",
    "name": { "str": "pair of high steel splint vambraces", "str_pl": "pairs of high steel splint vambraces" },
    "proportional": { "weight": 0.75, "volume": 0.75, "price": 0.5 },
    "extend": { "flags": [ "UNDERSIZE", "PREFIX_XS" ] }
  },
  {
    "id": "ch_vambrace_brigandine",
    "type": "ARMOR",
    "name": { "str": "pair of hardened splint vambraces", "str_pl": "pairs of hardened splint vambraces" },
    "copy-from": "lc_vambrace_brigandine",
    "replace_materials": { "lc_steel": "ch_steel" }
  },
  {
    "id": "xl_ch_vambrace_brigandine",
    "type": "ARMOR",
    "copy-from": "ch_vambrace_brigandine",
    "name": { "str": "pair of hardened splint vambraces", "str_pl": "pairs of hardened splint vambraces" },
    "proportional": { "weight": 1.125, "volume": 1.13, "price": 1.25 },
    "extend": { "flags": [ "OVERSIZE", "PREFIX_XL" ] }
  },
  {
    "id": "xs_ch_vambrace_brigandine",
    "type": "ARMOR",
    "copy-from": "ch_vambrace_brigandine",
    "name": { "str": "pair of hardened splint vambraces", "str_pl": "pairs of hardened splint vambraces" },
    "proportional": { "weight": 0.75, "volume": 0.75, "price": 0.5 },
    "extend": { "flags": [ "UNDERSIZE", "PREFIX_XS" ] }
  },
  {
    "id": "qt_vambrace_brigandine",
    "type": "ARMOR",
    "name": { "str": "pair of tempered splint vambraces", "str_pl": "pairs of tempered splint vambraces" },
    "copy-from": "lc_vambrace_brigandine",
    "replace_materials": { "lc_steel": "qt_steel" }
  },
  {
    "id": "xl_qt_vambrace_brigandine",
    "type": "ARMOR",
    "copy-from": "qt_vambrace_brigandine",
    "name": { "str": "pair of tempered splint vambraces", "str_pl": "pairs of tempered splint vambraces" },
    "proportional": { "weight": 1.125, "volume": 1.13, "price": 1.25 },
    "extend": { "flags": [ "OVERSIZE", "PREFIX_XL" ] }
  },
  {
    "id": "xs_qt_vambrace_brigandine",
    "type": "ARMOR",
    "copy-from": "qt_vambrace_brigandine",
    "name": { "str": "pair of tempered splint vambraces", "str_pl": "pairs of tempered splint vambraces" },
    "proportional": { "weight": 0.75, "volume": 0.75, "price": 0.5 },
    "extend": { "flags": [ "UNDERSIZE", "PREFIX_XS" ] }
  },
  {
    "id": "lc_greaves_brigandine",
    "type": "ARMOR",
    "category": "armor",
    "name": { "str": "pair of mild steel splint greaves", "str_pl": "pairs of mild steel splint greaves" },
    "description": "A pair of greaves made of tough fabric sandwiched between alternating strips of steel.  Can be comfortably worn over chainmail for extra protection.",
    "weight": "600 g",
    "volume": "1400 ml",
    "price": "400 USD",
    "price_postapoc": "10 USD",
    "material": [ "lc_steel", "canvas" ],
    "symbol": "[",
    "looks_like": "legguard_metal",
    "color": "light_gray",
    "environmental_protection": 1,
    "flags": [ "OUTER", "STURDY", "ABLATIVE_CHAINMAIL_LEGS", "VARSIZE" ],
    "armor": [
      {
        "material": [
          { "type": "canvas", "covered_by_mat": 100, "thickness": 1.5 },
          { "type": "lc_steel", "covered_by_mat": 90, "thickness": 0.8 }
        ],
        "covers": [ "leg_l", "leg_r" ],
        "encumbrance": 4,
        "coverage": 100,
        "cover_melee": 100,
        "cover_ranged": 100,
        "cover_vitals": 90,
        "specifically_covers": [ "leg_lower_r", "leg_lower_l" ]
      }
    ]
  },
  {
    "id": "xl_lc_greaves_brigandine",
    "type": "ARMOR",
    "copy-from": "lc_greaves_brigandine",
    "name": { "str": "pair of mild steel splint greaves", "str_pl": "pairs of mild steel splint greaves" },
    "proportional": { "weight": 1.125, "volume": 1.13, "price": 1.25 },
    "extend": { "flags": [ "OVERSIZE", "PREFIX_XL" ] }
  },
  {
    "id": "xs_lc_greaves_brigandine",
    "type": "ARMOR",
    "copy-from": "lc_greaves_brigandine",
    "name": { "str": "pair of mild steel splint greaves", "str_pl": "pairs of mild steel splint greaves" },
    "proportional": { "weight": 0.75, "volume": 0.75, "price": 0.5 },
    "extend": { "flags": [ "UNDERSIZE", "PREFIX_XS" ] }
  },
  {
    "id": "mc_greaves_brigandine",
    "type": "ARMOR",
    "name": { "str": "pair of medium steel splint greaves", "str_pl": "pairs of medium steel splint greaves" },
    "copy-from": "lc_greaves_brigandine",
    "replace_materials": { "lc_steel": "mc_steel" }
  },
  {
    "id": "xl_mc_greaves_brigandine",
    "type": "ARMOR",
    "copy-from": "mc_greaves_brigandine",
    "name": { "str": "pair of medium steel splint greaves", "str_pl": "pairs of medium steel splint greaves" },
    "proportional": { "weight": 1.125, "volume": 1.13, "price": 1.25 },
    "extend": { "flags": [ "OVERSIZE", "PREFIX_XL" ] }
  },
  {
    "id": "xs_mc_greaves_brigandine",
    "type": "ARMOR",
    "copy-from": "mc_greaves_brigandine",
    "name": { "str": "pair of medium steel splint greaves", "str_pl": "pairs of medium steel splint greaves" },
    "proportional": { "weight": 0.75, "volume": 0.75, "price": 0.5 },
    "extend": { "flags": [ "UNDERSIZE", "PREFIX_XS" ] }
  },
  {
    "id": "hc_greaves_brigandine",
    "type": "ARMOR",
    "name": { "str": "pair of high steel splint greaves", "str_pl": "pairs of high steel splint greaves" },
    "copy-from": "lc_greaves_brigandine",
    "replace_materials": { "lc_steel": "hc_steel" }
  },
  {
    "id": "xl_hc_greaves_brigandine",
    "type": "ARMOR",
    "copy-from": "hc_greaves_brigandine",
    "name": { "str": "pair of high steel splint greaves", "str_pl": "pairs of high steel splint greaves" },
    "proportional": { "weight": 1.125, "volume": 1.13, "price": 1.25 },
    "extend": { "flags": [ "OVERSIZE", "PREFIX_XL" ] }
  },
  {
    "id": "xs_hc_greaves_brigandine",
    "type": "ARMOR",
    "copy-from": "hc_greaves_brigandine",
    "name": { "str": "pair of high steel splint greaves", "str_pl": "pairs of high steel splint greaves" },
    "proportional": { "weight": 0.75, "volume": 0.75, "price": 0.5 },
    "extend": { "flags": [ "UNDERSIZE", "PREFIX_XS" ] }
  },
  {
    "id": "ch_greaves_brigandine",
    "type": "ARMOR",
    "name": { "str": "pair of hardened splint greaves", "str_pl": "pairs of hardened splint greaves" },
    "copy-from": "lc_greaves_brigandine",
    "replace_materials": { "lc_steel": "ch_steel" }
  },
  {
    "id": "xl_ch_greaves_brigandine",
    "type": "ARMOR",
    "copy-from": "ch_greaves_brigandine",
    "name": { "str": "pair of hardened splint greaves", "str_pl": "pairs of hardened splint greaves" },
    "proportional": { "weight": 1.125, "volume": 1.13, "price": 1.25 },
    "extend": { "flags": [ "OVERSIZE", "PREFIX_XL" ] }
  },
  {
    "id": "xs_ch_greaves_brigandine",
    "type": "ARMOR",
    "copy-from": "ch_greaves_brigandine",
    "name": { "str": "pair of hardened splint greaves", "str_pl": "pairs of hardened splint greaves" },
    "proportional": { "weight": 0.75, "volume": 0.75, "price": 0.5 },
    "extend": { "flags": [ "UNDERSIZE", "PREFIX_XS" ] }
  },
  {
    "id": "qt_greaves_brigandine",
    "type": "ARMOR",
    "name": { "str": "pair of tempered splint greaves", "str_pl": "pairs of tempered splint greaves" },
    "copy-from": "lc_greaves_brigandine",
    "replace_materials": { "lc_steel": "qt_steel" }
  },
  {
    "id": "xl_qt_greaves_brigandine",
    "type": "ARMOR",
    "copy-from": "qt_greaves_brigandine",
    "name": { "str": "pair of tempered splint greaves", "str_pl": "pairs of tempered splint greaves" },
    "proportional": { "weight": 1.125, "volume": 1.13, "price": 1.25 },
    "extend": { "flags": [ "OVERSIZE", "PREFIX_XL" ] }
  },
  {
    "id": "xs_qt_greaves_brigandine",
    "type": "ARMOR",
    "copy-from": "qt_greaves_brigandine",
    "name": { "str": "pair of tempered splint greaves", "str_pl": "pairs of tempered splint greaves" },
    "proportional": { "weight": 0.75, "volume": 0.75, "price": 0.5 },
    "extend": { "flags": [ "UNDERSIZE", "PREFIX_XS" ] }
  },
  {
    "id": "lc_brigandine_hands",
    "type": "ARMOR",
    "category": "armor",
    "name": { "str": "pair of mild steel brigandine gloves", "str_pl": "pairs of mild steel brigandine gloves" },
    "description": "A pair of gloves made of tough fabric, with steel plates of various size and shape riveted for additional protection, while still remaining relatively unhindering",
    "weight": "684 g",
    "volume": "750 ml",
    "price": "50 USD 12 cent",
    "price_postapoc": "25 USD",
    "to_hit": { "grip": "none", "length": "hand", "surface": "any", "balance": "uneven" },
    "melee_damage": { "bash": 3 },
    "material": [ "canvas", "lc_steel" ],
    "symbol": "[",
    "color": "light_gray",
    "flags": [ "STURDY", "OUTER", "VARSIZE" ],
    "armor": [
      {
        "material": [
          { "type": "canvas", "covered_by_mat": 100, "thickness": 1.5 },
          { "type": "lc_steel", "covered_by_mat": 95, "thickness": 1.0 }
        ],
        "covers": [ "hand_l", "hand_r" ],
        "specifically_covers": [ "hand_back_l", "hand_back_r", "hand_wrist_l", "hand_wrist_r" ],
        "coverage": 100,
        "encumbrance": 12
      },
      {
        "material": [
          { "type": "canvas", "covered_by_mat": 100, "thickness": 1.5 },
          { "type": "lc_steel", "covered_by_mat": 85, "thickness": 1.0 }
        ],
        "covers": [ "hand_l", "hand_r" ],
        "specifically_covers": [ "hand_fingers_l", "hand_fingers_r" ],
        "coverage": 100,
        "encumbrance": 0
      },
      {
        "material": [ { "type": "canvas", "covered_by_mat": 100, "thickness": 1.5 } ],
        "covers": [ "hand_l", "hand_r" ],
        "specifically_covers": [ "hand_palm_l", "hand_palm_r" ],
        "coverage": 100,
        "encumbrance": 0
      }
    ]
  },
  {
    "id": "xl_lc_brigandine_hands",
    "type": "ARMOR",
    "copy-from": "lc_brigandine_hands",
    "name": { "str": "pair of mild steel brigandine gloves", "str_pl": "pairs of mild steel brigandine gloves" },
    "proportional": { "weight": 1.125, "volume": 1.13, "price": 1.25 },
    "extend": { "flags": [ "OVERSIZE", "PREFIX_XL" ] }
  },
  {
    "id": "lc_brigandine_hands_xs",
    "type": "ARMOR",
    "copy-from": "lc_brigandine_hands",
    "name": { "str": "pair of mild steel brigandine gloves", "str_pl": "pairs of mild steel brigandine gloves" },
    "proportional": { "weight": 0.75, "volume": 0.75, "price": 0.5 },
    "extend": { "flags": [ "UNDERSIZE", "PREFIX_XS" ] }
  },
  {
    "id": "mc_brigandine_hands",
    "type": "ARMOR",
    "name": { "str": "pair of medium steel brigandine gloves", "str_pl": "pairs of medium steel brigandine gloves" },
    "copy-from": "lc_brigandine_hands",
    "replace_materials": { "lc_steel": "mc_steel" }
  },
  {
    "id": "xl_mc_brigandine_hands",
    "type": "ARMOR",
    "copy-from": "mc_brigandine_hands",
    "name": { "str": "pair of medium steel brigandine gloves", "str_pl": "pairs of medium steel brigandine gloves" },
    "proportional": { "weight": 1.125, "volume": 1.13, "price": 1.25 },
    "extend": { "flags": [ "OVERSIZE", "PREFIX_XL" ] }
  },
  {
    "id": "mc_brigandine_hands_xs",
    "type": "ARMOR",
    "copy-from": "mc_brigandine_hands",
    "name": { "str": "pair of medium steel brigandine gloves", "str_pl": "pairs of medium steel brigandine gloves" },
    "proportional": { "weight": 0.75, "volume": 0.75, "price": 0.5 },
    "extend": { "flags": [ "UNDERSIZE", "PREFIX_XS" ] }
  },
  {
    "id": "hc_brigandine_hands",
    "type": "ARMOR",
    "name": { "str": "pair of high steel brigandine gloves", "str_pl": "pairs of high steel brigandine gloves" },
    "copy-from": "lc_brigandine_hands",
    "replace_materials": { "lc_steel": "hc_steel" }
  },
  {
    "id": "xl_hc_brigandine_hands",
    "type": "ARMOR",
    "copy-from": "hc_brigandine_hands",
    "name": { "str": "pair of high steel brigandine gloves", "str_pl": "pairs of high steel brigandine gloves" },
    "proportional": { "weight": 1.125, "volume": 1.13, "price": 1.25 },
    "extend": { "flags": [ "OVERSIZE", "PREFIX_XL" ] }
  },
  {
    "id": "hc_brigandine_hands_xs",
    "type": "ARMOR",
    "copy-from": "hc_brigandine_hands",
    "name": { "str": "pair of high steel brigandine gloves", "str_pl": "pairs of high steel brigandine gloves" },
    "proportional": { "weight": 0.75, "volume": 0.75, "price": 0.5 },
    "extend": { "flags": [ "UNDERSIZE", "PREFIX_XS" ] }
  },
  {
    "id": "ch_brigandine_hands",
    "type": "ARMOR",
    "name": { "str": "pair of hardened brigandine gloves", "str_pl": "pairs of hardened brigandine gloves" },
    "copy-from": "lc_brigandine_hands",
    "replace_materials": { "lc_steel": "ch_steel" }
  },
  {
    "id": "xl_ch_brigandine_hands",
    "type": "ARMOR",
    "copy-from": "ch_brigandine_hands",
    "name": { "str": "pair of hardened brigandine gloves", "str_pl": "pairs of hardened brigandine gloves" },
    "proportional": { "weight": 1.125, "volume": 1.13, "price": 1.25 },
    "extend": { "flags": [ "OVERSIZE", "PREFIX_XL" ] }
  },
  {
    "id": "ch_brigandine_hands_xs",
    "type": "ARMOR",
    "copy-from": "ch_brigandine_hands",
    "name": { "str": "pair of hardened brigandine gloves", "str_pl": "pairs of hardened brigandine gloves" },
    "proportional": { "weight": 0.75, "volume": 0.75, "price": 0.5 },
    "extend": { "flags": [ "UNDERSIZE", "PREFIX_XS" ] }
  },
  {
    "id": "qt_brigandine_hands",
    "type": "ARMOR",
    "name": { "str": "pair of tempered brigandine gloves", "str_pl": "pairs of tempered brigandine gloves" },
    "copy-from": "lc_brigandine_hands",
    "replace_materials": { "lc_steel": "qt_steel" }
  },
  {
    "id": "xl_qt_brigandine_hands",
    "type": "ARMOR",
    "copy-from": "qt_brigandine_hands",
    "name": { "str": "pair of tempered brigandine gloves", "str_pl": "pairs of tempered brigandine gloves" },
    "proportional": { "weight": 1.125, "volume": 1.13, "price": 1.25 },
    "extend": { "flags": [ "OVERSIZE", "PREFIX_XL" ] }
  },
  {
    "id": "qt_brigandine_hands_xs",
    "type": "ARMOR",
    "copy-from": "qt_brigandine_hands",
    "name": { "str": "pair of tempered brigandine gloves", "str_pl": "pairs of tempered brigandine gloves" },
    "proportional": { "weight": 0.75, "volume": 0.75, "price": 0.5 },
    "extend": { "flags": [ "UNDERSIZE", "PREFIX_XS" ] }
  },
  {
    "id": "lc_knee_guards",
    "type": "ARMOR",
    "category": "armor",
    "name": { "str": "pair of mild steel knee guards", "str_pl": "pairs of mild steel knee guards" },
    "description": "A pair of thin knee guards, forged from steel.  Can be comfortably worn over chainmail for extra protection.",
    "weight": "157 g",
    "volume": "800 ml",
    "price": "25 USD",
    "price_postapoc": "50 cent",
    "material": [ "lc_steel" ],
    "symbol": "[",
    "looks_like": "legguard_hard",
    "color": "light_gray",
    "material_thickness": 1.2,
    "flags": [ "STURDY", "OUTER", "ABLATIVE_CHAINMAIL_KNEES" ],
    "armor": [
      {
        "covers": [ "leg_l", "leg_r" ],
        "encumbrance": 0,
        "coverage": 90,
        "cover_melee": 90,
        "cover_ranged": 95,
        "cover_vitals": 90,
        "specifically_covers": [ "leg_knee_r", "leg_knee_l" ]
      }
    ]
  },
  {
    "id": "xl_lc_knee_guards",
    "type": "ARMOR",
    "copy-from": "lc_knee_guards",
    "name": { "str": "pair of mild steel knee guards", "str_pl": "pairs of mild steel knee guards" },
    "proportional": { "weight": 1.125, "volume": 1.13, "price": 1.25 },
    "extend": { "flags": [ "OVERSIZE", "PREFIX_XL" ] }
  },
  {
    "id": "lc_knee_guards_xs",
    "type": "ARMOR",
    "copy-from": "lc_knee_guards",
    "name": { "str": "pair of mild steel knee guards", "str_pl": "pairs of mild steel knee guards" },
    "proportional": { "weight": 0.75, "volume": 0.75, "price": 0.5 },
    "extend": { "flags": [ "UNDERSIZE", "PREFIX_XS" ] }
  },
  {
    "id": "mc_knee_guards",
    "type": "ARMOR",
    "name": { "str": "pair of medium steel knee guards", "str_pl": "pairs of medium steel knee guards" },
    "copy-from": "lc_knee_guards",
    "replace_materials": { "lc_steel": "mc_steel" }
  },
  {
    "id": "xl_mc_knee_guards",
    "type": "ARMOR",
    "copy-from": "mc_knee_guards",
    "name": { "str": "pair of medium steel knee guards", "str_pl": "pairs of medium steel knee guards" },
    "proportional": { "weight": 1.125, "volume": 1.13, "price": 1.25 },
    "extend": { "flags": [ "OVERSIZE", "PREFIX_XL" ] }
  },
  {
    "id": "mc_knee_guards_xs",
    "type": "ARMOR",
    "copy-from": "mc_knee_guards",
    "name": { "str": "pair of medium steel knee guards", "str_pl": "pairs of medium steel knee guards" },
    "proportional": { "weight": 0.75, "volume": 0.75, "price": 0.5 },
    "extend": { "flags": [ "UNDERSIZE", "PREFIX_XS" ] }
  },
  {
    "id": "hc_knee_guards",
    "type": "ARMOR",
    "name": { "str": "pair of high steel knee guards", "str_pl": "pairs of high steel knee guards" },
    "copy-from": "lc_knee_guards",
    "replace_materials": { "lc_steel": "hc_steel" }
  },
  {
    "id": "xl_hc_knee_guards",
    "type": "ARMOR",
    "copy-from": "hc_knee_guards",
    "name": { "str": "pair of high steel knee guards", "str_pl": "pairs of high steel knee guards" },
    "proportional": { "weight": 1.125, "volume": 1.13, "price": 1.25 },
    "extend": { "flags": [ "OVERSIZE", "PREFIX_XL" ] }
  },
  {
    "id": "hc_knee_guards_xs",
    "type": "ARMOR",
    "copy-from": "hc_knee_guards",
    "name": { "str": "pair of high steel knee guards", "str_pl": "pairs of high steel knee guards" },
    "proportional": { "weight": 0.75, "volume": 0.75, "price": 0.5 },
    "extend": { "flags": [ "UNDERSIZE", "PREFIX_XS" ] }
  },
  {
    "id": "ch_knee_guards",
    "type": "ARMOR",
    "name": { "str": "pair of hardened knee guards", "str_pl": "pairs of hardened steel knee guards" },
    "copy-from": "lc_knee_guards",
    "replace_materials": { "lc_steel": "ch_steel" }
  },
  {
    "id": "xl_ch_knee_guards",
    "type": "ARMOR",
    "copy-from": "ch_knee_guards",
    "name": { "str": "pair of hardened knee guards", "str_pl": "pairs of hardened knee guards" },
    "proportional": { "weight": 1.125, "volume": 1.13, "price": 1.25 },
    "extend": { "flags": [ "OVERSIZE", "PREFIX_XL" ] }
  },
  {
    "id": "ch_knee_guards_xs",
    "type": "ARMOR",
    "copy-from": "ch_knee_guards",
    "name": { "str": "pair of hardened knee guards", "str_pl": "pairs of hardened knee guards" },
    "proportional": { "weight": 0.75, "volume": 0.75, "price": 0.5 },
    "extend": { "flags": [ "UNDERSIZE", "PREFIX_XS" ] }
  },
  {
    "id": "qt_knee_guards",
    "type": "ARMOR",
    "name": { "str": "pair of tempered knee guards", "str_pl": "pairs of tempered knee guards" },
    "copy-from": "lc_knee_guards",
    "replace_materials": { "lc_steel": "qt_steel" }
  },
  {
    "id": "xl_qt_knee_guards",
    "type": "ARMOR",
    "copy-from": "qt_knee_guards",
    "name": { "str": "pair of tempered knee guards", "str_pl": "pairs of tempered knee guards" },
    "proportional": { "weight": 1.125, "volume": 1.13, "price": 1.25 },
    "extend": { "flags": [ "OVERSIZE", "PREFIX_XL" ] }
  },
  {
    "id": "qt_knee_guards_xs",
    "type": "ARMOR",
    "copy-from": "qt_knee_guards",
    "name": { "str": "pair of tempered knee guards", "str_pl": "pairs of tempered knee guards" },
    "proportional": { "weight": 0.75, "volume": 0.75, "price": 0.5 },
    "extend": { "flags": [ "UNDERSIZE", "PREFIX_XS" ] }
  },
  {
    "id": "lc_elbow_guards",
    "type": "ARMOR",
    "category": "armor",
    "name": { "str": "pair of mild steel elbow guards", "str_pl": "pairs of mild steel elbow guards" },
    "description": "A pair of thin elbow guards, forged from steel.  Can be comfortably worn over chainmail for extra protection.",
    "weight": "103 g",
    "volume": "600 ml",
    "price": "35 USD",
    "price_postapoc": "2 USD 50 cent",
    "material": [ "lc_steel" ],
    "symbol": "[",
    "looks_like": "armguard_hard",
    "color": "light_gray",
    "material_thickness": 1.2,
    "flags": [ "STURDY", "OUTER", "ABLATIVE_CHAINMAIL_ELBOWS" ],
    "armor": [
      {
        "covers": [ "arm_l", "arm_r" ],
        "encumbrance": 0,
        "coverage": 90,
        "cover_melee": 90,
        "cover_ranged": 95,
        "cover_vitals": 90,
        "specifically_covers": [ "arm_elbow_r", "arm_elbow_l" ]
      }
    ]
  },
  {
    "id": "xl_lc_elbow_guards",
    "type": "ARMOR",
    "copy-from": "lc_elbow_guards",
    "name": { "str": "pair of mild steel elbow guards", "str_pl": "pairs of mild steel elbow guards" },
    "proportional": { "weight": 1.125, "volume": 1.13, "price": 1.25 },
    "extend": { "flags": [ "OVERSIZE", "PREFIX_XL" ] }
  },
  {
    "id": "lc_elbow_guards_xs",
    "type": "ARMOR",
    "copy-from": "lc_elbow_guards",
    "name": { "str": "pair of mild steel elbow guards", "str_pl": "pairs of mild steel elbow guards" },
    "proportional": { "weight": 0.75, "volume": 0.75, "price": 0.5 },
    "extend": { "flags": [ "UNDERSIZE", "PREFIX_XS" ] }
  },
  {
    "id": "mc_elbow_guards",
    "type": "ARMOR",
    "name": { "str": "pair of medium steel elbow guards", "str_pl": "pairs of medium steel elbow guards" },
    "copy-from": "lc_elbow_guards",
    "replace_materials": { "lc_steel": "mc_steel" }
  },
  {
    "id": "xl_mc_elbow_guards",
    "type": "ARMOR",
    "copy-from": "mc_elbow_guards",
    "name": { "str": "pair of medium steel elbow guards", "str_pl": "pairs of medium steel elbow guards" },
    "proportional": { "weight": 1.125, "volume": 1.13, "price": 1.25 },
    "extend": { "flags": [ "OVERSIZE", "PREFIX_XL" ] }
  },
  {
    "id": "mc_elbow_guards_xs",
    "type": "ARMOR",
    "copy-from": "mc_elbow_guards",
    "name": { "str": "pair of medium steel elbow guards", "str_pl": "pairs of medium steel elbow guards" },
    "proportional": { "weight": 0.75, "volume": 0.75, "price": 0.5 },
    "extend": { "flags": [ "UNDERSIZE", "PREFIX_XS" ] }
  },
  {
    "id": "hc_elbow_guards",
    "type": "ARMOR",
    "name": { "str": "pair of high steel elbow guards", "str_pl": "pairs of high steel elbow guards" },
    "copy-from": "lc_elbow_guards",
    "replace_materials": { "lc_steel": "hc_steel" }
  },
  {
    "id": "xl_hc_elbow_guards",
    "type": "ARMOR",
    "copy-from": "hc_elbow_guards",
    "name": { "str": "pair of high steel elbow guards", "str_pl": "pairs of high steel elbow guards" },
    "proportional": { "weight": 1.125, "volume": 1.13, "price": 1.25 },
    "extend": { "flags": [ "OVERSIZE", "PREFIX_XL" ] }
  },
  {
    "id": "hc_elbow_guards_xs",
    "type": "ARMOR",
    "copy-from": "hc_elbow_guards",
    "name": { "str": "pair of high steel elbow guards", "str_pl": "pairs of high steel elbow guards" },
    "proportional": { "weight": 0.75, "volume": 0.75, "price": 0.5 },
    "extend": { "flags": [ "UNDERSIZE", "PREFIX_XS" ] }
  },
  {
    "id": "ch_elbow_guards",
    "type": "ARMOR",
    "name": { "str": "pair of hardened elbow guards", "str_pl": "pairs of hardened elbow guards" },
    "copy-from": "lc_elbow_guards",
    "replace_materials": { "lc_steel": "ch_steel" }
  },
  {
    "id": "xl_ch_elbow_guards",
    "type": "ARMOR",
    "copy-from": "ch_elbow_guards",
    "name": { "str": "pair of hardened elbow guards", "str_pl": "pairs of hardened elbow guards" },
    "proportional": { "weight": 1.125, "volume": 1.13, "price": 1.25 },
    "extend": { "flags": [ "OVERSIZE", "PREFIX_XL" ] }
  },
  {
    "id": "ch_elbow_guards_xs",
    "type": "ARMOR",
    "copy-from": "ch_elbow_guards",
    "name": { "str": "pair of hardened elbow guards", "str_pl": "pairs of hardened elbow guards" },
    "proportional": { "weight": 0.75, "volume": 0.75, "price": 0.5 },
    "extend": { "flags": [ "UNDERSIZE", "PREFIX_XS" ] }
  },
  {
    "id": "qt_elbow_guards",
    "type": "ARMOR",
    "name": { "str": "pair of tempered elbow guards", "str_pl": "pairs of tempered elbow guards" },
    "copy-from": "lc_elbow_guards",
    "replace_materials": { "lc_steel": "qt_steel" }
  },
  {
    "id": "xl_qt_elbow_guards",
    "type": "ARMOR",
    "copy-from": "qt_elbow_guards",
    "name": { "str": "pair of tempered elbow guards", "str_pl": "pairs of tempered elbow guards" },
    "proportional": { "weight": 1.125, "volume": 1.13, "price": 1.25 },
    "extend": { "flags": [ "OVERSIZE", "PREFIX_XL" ] }
  },
  {
    "id": "qt_elbow_guards_xs",
    "type": "ARMOR",
    "copy-from": "qt_elbow_guards",
    "name": { "str": "pair of tempered elbow guards", "str_pl": "pairs of tempered elbow guards" },
    "proportional": { "weight": 0.75, "volume": 0.75, "price": 0.5 },
    "extend": { "flags": [ "UNDERSIZE", "PREFIX_XS" ] }
  },
  {
    "id": "lc_shoulder_guards",
    "type": "GENERIC",
    "category": "spare_parts",
    "name": { "str": "pair of mild steel shoulder guards", "str_pl": "pairs of mild steel shoulder guards" },
    "description": "A pair of thin shoulder guards, made of steel.  Designed to be attached to brigandine.",
    "weight": "438 g",
    "volume": "600 ml",
    "price": "600 USD",
    "price_postapoc": "1 USD",
    "material": [ "lc_steel" ],
    "symbol": ",",
    "color": "light_gray"
  },
  {
    "id": "xl_lc_shoulder_guards",
    "type": "GENERIC",
    "copy-from": "lc_shoulder_guards",
    "name": { "str": "pair of mild steel shoulder guards", "str_pl": "pairs of mild steel shoulder guards" },
    "proportional": { "weight": 1.125, "volume": 1.13, "price": 1.25 },
    "extend": { "flags": [ "PREFIX_XL" ] }
  },
  {
    "id": "lc_shoulder_guards_xs",
    "type": "GENERIC",
    "copy-from": "lc_shoulder_guards",
    "name": { "str": "pair of mild steel shoulder guards", "str_pl": "pairs of mild steel shoulder guards" },
    "proportional": { "weight": 0.75, "volume": 0.75, "price": 0.5 },
    "extend": { "flags": [ "PREFIX_XS" ] }
  },
  {
    "id": "mc_shoulder_guards",
    "type": "GENERIC",
    "copy-from": "lc_shoulder_guards",
    "name": { "str": "pair of medium steel shoulder guards", "str_pl": "pairs of medium steel shoulder guards" },
    "replace_materials": { "lc_steel": "mc_steel" }
  },
  {
    "id": "xl_mc_shoulder_guards",
    "type": "GENERIC",
    "copy-from": "mc_shoulder_guards",
    "name": { "str": "pair of medium steel shoulder guards", "str_pl": "pairs of medium steel shoulder guards" },
    "proportional": { "weight": 1.125, "volume": 1.13, "price": 1.25 },
    "extend": { "flags": [ "PREFIX_XL" ] }
  },
  {
    "id": "mc_shoulder_guards_xs",
    "type": "GENERIC",
    "copy-from": "mc_shoulder_guards",
    "name": { "str": "pair of medium steel shoulder guards", "str_pl": "pairs of medium steel shoulder guards" },
    "proportional": { "weight": 0.75, "volume": 0.75, "price": 0.5 },
    "extend": { "flags": [ "PREFIX_XS" ] }
  },
  {
    "id": "hc_shoulder_guards",
    "type": "GENERIC",
    "copy-from": "lc_shoulder_guards",
    "name": { "str": "pair of high steel shoulder guards", "str_pl": "pairs of high steel shoulder guards" },
    "replace_materials": { "lc_steel": "hc_steel" }
  },
  {
    "id": "xl_hc_shoulder_guards",
    "type": "GENERIC",
    "copy-from": "hc_shoulder_guards",
    "name": { "str": "pair of high steel shoulder guards", "str_pl": "pairs of high steel shoulder guards" },
    "proportional": { "weight": 1.125, "volume": 1.13, "price": 1.25 },
    "extend": { "flags": [ "PREFIX_XL" ] }
  },
  {
    "id": "hc_shoulder_guards_xs",
    "type": "GENERIC",
    "copy-from": "hc_shoulder_guards",
    "name": { "str": "pair of high steel shoulder guards", "str_pl": "pairs of high steel shoulder guards" },
    "proportional": { "weight": 0.75, "volume": 0.75, "price": 0.5 },
    "extend": { "flags": [ "PREFIX_XS" ] }
  },
  {
    "id": "ch_shoulder_guards",
    "type": "GENERIC",
    "copy-from": "lc_shoulder_guards",
    "name": { "str": "pair of hardened shoulder guards", "str_pl": "pairs of hardened shoulder guards" },
    "replace_materials": { "lc_steel": "ch_steel" }
  },
  {
    "id": "xl_ch_shoulder_guards",
    "type": "GENERIC",
    "copy-from": "ch_shoulder_guards",
    "name": { "str": "pair of hardened shoulder guards", "str_pl": "pairs of hardened shoulder guards" },
    "proportional": { "weight": 1.125, "volume": 1.13, "price": 1.25 },
    "extend": { "flags": [ "PREFIX_XL" ] }
  },
  {
    "id": "ch_shoulder_guards_xs",
    "type": "GENERIC",
    "copy-from": "ch_shoulder_guards",
    "name": { "str": "pair of hardened shoulder guards", "str_pl": "pairs of hardened shoulder guards" },
    "proportional": { "weight": 0.75, "volume": 0.75, "price": 0.5 },
    "extend": { "flags": [ "PREFIX_XS" ] }
  },
  {
    "id": "qt_shoulder_guards",
    "type": "GENERIC",
    "copy-from": "lc_shoulder_guards",
    "name": { "str": "pair of tempered shoulder guards", "str_pl": "pairs of tempered shoulder guards" },
    "replace_materials": { "lc_steel": "qt_steel" }
  },
  {
    "id": "xl_qt_shoulder_guards",
    "type": "GENERIC",
    "copy-from": "qt_shoulder_guards",
    "name": { "str": "pair of tempered shoulder guards", "str_pl": "pairs of tempered shoulder guards" },
    "proportional": { "weight": 1.125, "volume": 1.13, "price": 1.25 },
    "extend": { "flags": [ "PREFIX_XL" ] }
  },
  {
    "id": "qt_shoulder_guards_xs",
    "type": "GENERIC",
    "copy-from": "qt_shoulder_guards",
    "name": { "str": "pair of tempered shoulder guards", "str_pl": "pairs of tempered shoulder guards" },
    "proportional": { "weight": 0.75, "volume": 0.75, "price": 0.5 },
    "extend": { "flags": [ "PREFIX_XS" ] }
  }
]
