[
  {
    "id": "beekeeping_gloves",
    "type": "ARMOR",
    "name": { "str": "pair of beekeeping gloves", "str_pl": "pairs of beekeeping gloves" },
    "description": "A pair of white beekeeping gloves made out of smooth leather.",
    "weight": "120 g",
    "volume": "250 ml",
    "price": "30 USD",
    "price_postapoc": "2 USD 50 cent",
    "material": [ "leather" ],
    "symbol": "[",
    "looks_like": "gloves_leather",
    "color": "white",
    "warmth": 30,
    "material_thickness": 2,
    "environmental_protection": 2,
    "flags": [ "VARSIZE", "SKINTIGHT" ],
    "armor": [ { "encumbrance": 10, "coverage": 100, "covers": [ "hand_l", "hand_r" ] } ]
  },
  {
    "id": "boxing_gloves",
    "type": "ARMOR",
    "name": { "str": "pair of boxing gloves", "str_pl": "pairs of boxing gloves" },
    "description": "A pair of big, red, 8 oz. boxing gloves made from thick leather.",
    "weight": "453 g",
    "volume": "1 L",
    "price": "40 USD",
    "price_postapoc": "10 cent",
    "material": [ "leather" ],
    "symbol": "[",
    "looks_like": "gloves_leather",
    "color": "red",
    "warmth": 20,
    "material_thickness": 3,
    "environmental_protection": 3,
    "flags": [ "VARSIZE", "OVERSIZE", "STURDY" ],
    "armor": [ { "encumbrance": 70, "coverage": 100, "covers": [ "hand_l", "hand_r" ] } ]
  },
  {
    "id": "chainmail_junk_hands",
    "type": "ARMOR",
    "category": "armor",
    "name": { "str": "pair of chainmail gloves", "str_pl": "pairs of chainmail gloves" },
    "description": "A pair of customized chainmail gloves that fully enclose the hands.  The metal shows signs of rust and corrosion.",
    "weight": "957 g",
    "volume": "500 ml",
    "price": "50 USD 12 cent",
    "price_postapoc": "25 USD",
    "material": [ "budget_steel_chain" ],
    "symbol": "[",
    "color": "light_red",
    "material_thickness": 2,
    "flags": [ "VARSIZE", "STURDY", "OUTER" ],
    "armor": [
      {
        "material": [ { "type": "budget_steel_chain", "covered_by_mat": 100, "thickness": 1.2 } ],
        "covers": [ "hand_l", "hand_r" ],
        "coverage": 100,
        "encumbrance": 14
      }
    ]
  },
  {
    "id": "lc_chainmail_hands",
    "type": "ARMOR",
    "category": "armor",
    "name": { "str": "pair of mild steel chainmail gloves", "str_pl": "pairs of mild steel chainmail gloves" },
    "description": "A pair of customized steel chainmail gloves that fully enclose the hands.",
    "weight": "957 g",
    "volume": "500 ml",
    "price": "50 USD 12 cent",
    "price_postapoc": "25 USD",
    "material": [ "lc_steel_chain" ],
    "symbol": "[",
    "color": "light_red",
    "material_thickness": 2,
    "flags": [ "VARSIZE", "STURDY", "OUTER" ],
    "armor": [
      {
        "material": [ { "type": "lc_steel_chain", "covered_by_mat": 100, "thickness": 1.2 } ],
        "covers": [ "hand_l", "hand_r" ],
        "coverage": 100,
        "encumbrance": 14
      }
    ]
  },
  {
    "id": "xl_lc_chainmail_hands",
    "type": "ARMOR",
    "copy-from": "lc_chainmail_hands",
    "name": { "str": "pair of mild steel chainmail gloves", "str_pl": "pairs of mild steel chainmail gloves" },
    "proportional": { "weight": 1.5, "volume": 1.5 },
    "extend": { "flags": [ "OVERSIZE", "PREFIX_XL" ] }
  },
  {
    "id": "xs_lc_chainmail_hands",
    "type": "ARMOR",
    "copy-from": "lc_chainmail_hands",
    "name": { "str": "pair of mild steel chainmail gloves", "str_pl": "pairs of mild steel chainmail gloves" },
    "proportional": { "weight": 0.75, "volume": 0.75, "price": 0.5 },
    "extend": { "flags": [ "UNDERSIZE", "PREFIX_XS" ] }
  },
  {
    "id": "mc_chainmail_hands",
    "type": "ARMOR",
    "copy-from": "lc_chainmail_hands",
    "name": { "str": "pair of medium steel chainmail gloves", "str_pl": "pairs of medium steel chainmail gloves" },
    "replace_materials": { "lc_steel_chain": "mc_steel_chain" }
  },
  {
    "id": "xl_mc_chainmail_hands",
    "type": "ARMOR",
    "copy-from": "mc_chainmail_hands",
    "name": { "str": "pair of medium steel chainmail gloves", "str_pl": "pairs of medium steel chainmail gloves" },
    "proportional": { "weight": 1.5, "volume": 1.5 },
    "extend": { "flags": [ "OVERSIZE", "PREFIX_XL" ] }
  },
  {
    "id": "xs_mc_chainmail_hands",
    "type": "ARMOR",
    "copy-from": "mc_chainmail_hands",
    "name": { "str": "pair of medium steel chainmail gloves", "str_pl": "pairs of medium steel chainmail gloves" },
    "proportional": { "weight": 0.75, "volume": 0.75, "price": 0.5 },
    "extend": { "flags": [ "UNDERSIZE", "PREFIX_XS" ] }
  },
  {
    "id": "hc_chainmail_hands",
    "type": "ARMOR",
    "copy-from": "lc_chainmail_hands",
    "name": { "str": "pair of high steel chainmail gloves", "str_pl": "pairs of high steel chainmail gloves" },
    "replace_materials": { "lc_steel_chain": "hc_steel_chain" }
  },
  {
    "id": "xl_hc_chainmail_hands",
    "type": "ARMOR",
    "copy-from": "hc_chainmail_hands",
    "name": { "str": "pair of high steel chainmail gloves", "str_pl": "pairs of high steel chainmail gloves" },
    "proportional": { "weight": 1.5, "volume": 1.5 },
    "extend": { "flags": [ "OVERSIZE", "PREFIX_XL" ] }
  },
  {
    "id": "xs_hc_chainmail_hands",
    "type": "ARMOR",
    "copy-from": "hc_chainmail_hands",
    "name": { "str": "pair of high steel chainmail gloves", "str_pl": "pairs of high steel chainmail gloves" },
    "proportional": { "weight": 0.75, "volume": 0.75, "price": 0.5 },
    "extend": { "flags": [ "UNDERSIZE", "PREFIX_XS" ] }
  },
  {
    "id": "ch_chainmail_hands",
    "type": "ARMOR",
    "copy-from": "lc_chainmail_hands",
    "name": { "str": "pair of hardened steel chainmail gloves", "str_pl": "pairs of hardened steel chainmail gloves" },
    "replace_materials": { "lc_steel_chain": "ch_steel_chain" }
  },
  {
    "id": "xl_ch_chainmail_hands",
    "type": "ARMOR",
    "copy-from": "ch_chainmail_hands",
    "name": { "str": "pair of hardened steel chainmail gloves", "str_pl": "pairs of hardened steel chainmail gloves" },
    "proportional": { "weight": 1.5, "volume": 1.5 },
    "extend": { "flags": [ "OVERSIZE", "PREFIX_XL" ] }
  },
  {
    "id": "xs_ch_chainmail_hands",
    "type": "ARMOR",
    "copy-from": "ch_chainmail_hands",
    "name": { "str": "pair of hardened steel chainmail gloves", "str_pl": "pairs of hardened steel chainmail gloves" },
    "proportional": { "weight": 0.75, "volume": 0.75, "price": 0.5 },
    "extend": { "flags": [ "UNDERSIZE", "PREFIX_XS" ] }
  },
  {
    "id": "qt_chainmail_hands",
    "type": "ARMOR",
    "copy-from": "lc_chainmail_hands",
    "material": [ "qt_steel_chain" ],
    "name": { "str": "pair of tempered steel chainmail gloves", "str_pl": "pairs of tempered steel chainmail gloves" },
    "replace_materials": { "lc_steel_chain": "qt_steel_chain" }
  },
  {
    "id": "xl_qt_chainmail_hands",
    "type": "ARMOR",
    "copy-from": "qt_chainmail_hands",
    "name": { "str": "pair of tempered steel chainmail gloves", "str_pl": "pairs of tempered steel chainmail gloves" },
    "proportional": { "weight": 1.5, "volume": 1.5 },
    "extend": { "flags": [ "OVERSIZE", "PREFIX_XL" ] }
  },
  {
    "id": "xs_qt_chainmail_hands",
    "type": "ARMOR",
    "copy-from": "qt_chainmail_hands",
    "name": { "str": "pair of tempered steel chainmail gloves", "str_pl": "pairs of tempered steel chainmail gloves" },
    "proportional": { "weight": 0.75, "volume": 0.75, "price": 0.5 },
    "extend": { "flags": [ "UNDERSIZE", "PREFIX_XS" ] }
  },
  {
    "id": "fire_gauntlets",
    "type": "ARMOR",
    "category": "armor",
    "name": { "str": "pair of fire gauntlets", "str_pl": "pairs of fire gauntlets" },
    "description": "A heavy pair of gloves, used by firefighters and metalworkers for heat protection.",
    "weight": "572 g",
    "volume": "1 L",
    "price": "82 USD",
    "price_postapoc": "5 USD",
    "material": [ "leather", "nomex" ],
    "symbol": "[",
    "looks_like": "gloves_leather",
    "color": "dark_gray",
    "warmth": 25,
    "material_thickness": 3,
    "environmental_protection": 6,
    "flags": [ "VARSIZE", "STURDY", "WATERPROOF" ],
    "armor": [ { "encumbrance": 50, "coverage": 100, "covers": [ "hand_l", "hand_r" ] } ]
  },
  {
    "id": "gauntlets_chitin",
    "type": "ARMOR",
    "category": "armor",
    "name": { "str": "pair of chitinous gauntlets", "str_pl": "pairs of chitinous gauntlets" },
    "description": "A pair of gauntlets made from the exoskeletons of insects.",
    "weight": "760 g",
    "volume": "1750 ml",
    "price": "380 USD",
    "price_postapoc": "12 USD 50 cent",
    "material": [ "chitin" ],
    "symbol": "[",
    "looks_like": "gauntlets_larmor",
    "color": "green",
    "warmth": 20,
    "material_thickness": 4,
    "environmental_protection": 4,
    "flags": [ "STURDY", "DURABLE_MELEE", "OUTER" ],
    "armor": [
      {
        "encumbrance": 12,
        "coverage": 95,
        "covers": [ "hand_l", "hand_r" ],
        "specifically_covers": [ "hand_back_l", "hand_back_r", "hand_wrist_l", "hand_wrist_r" ]
      },
      {
        "coverage": 80,
        "covers": [ "hand_l", "hand_r" ],
        "specifically_covers": [ "hand_fingers_l", "hand_fingers_r" ]
      }
    ],
    "melee_damage": { "bash": 2 }
  },
  {
    "id": "xl_gauntlets_chitin",
    "type": "ARMOR",
    "name": { "str": "pair of chitinous gauntlets", "str_pl": "pairs of chitinous gauntlets" },
    "copy-from": "gauntlets_chitin",
    "proportional": { "weight": 1.5, "volume": 1.5 },
    "extend": { "flags": [ "OVERSIZE", "PREFIX_XL" ] }
  },
  {
    "id": "xs_gauntlets_chitin",
    "type": "ARMOR",
    "copy-from": "gauntlets_chitin",
    "name": { "str": "pair of chitinous gauntlets", "str_pl": "pairs of chitinous gauntlets" },
    "proportional": { "weight": 0.75, "volume": 0.75, "price": 0.5 },
    "extend": { "flags": [ "UNDERSIZE", "PREFIX_XS" ] }
  },
  {
    "id": "gauntlets_acidchitin",
    "copy-from": "gauntlets_chitin",
    "type": "ARMOR",
    "name": { "str": "pair of biosilicified chitin gauntlets", "str_pl": "pairs of biosilicified chitin gauntlets" },
    "description": "A pair of gauntlets crafted from the carefully cleaned and pruned biosilicified exoskeletons of acidic ants.  Acid-resistant but brittle.",
    "material": [ "acidchitin" ],
    "price_postapoc": "17 USD 50 cent",
    "relative": { "melee_damage": { "bash": 1 } }
  },
  {
    "id": "xl_gauntlets_acidchitin",
    "type": "ARMOR",
    "name": { "str": "pair of biosilicified chitin gauntlets", "str_pl": "pairs of biosilicified chitin gauntlets" },
    "copy-from": "gauntlets_acidchitin",
    "proportional": { "weight": 1.5, "volume": 1.5 },
    "extend": { "flags": [ "OVERSIZE", "PREFIX_XL" ] }
  },
  {
    "id": "xs_gauntlets_acidchitin",
    "type": "ARMOR",
    "copy-from": "gauntlets_acidchitin",
    "name": { "str": "pair of biosilicified chitin gauntlets", "str_pl": "pairs of biosilicified chitin gauntlets" },
    "proportional": { "weight": 0.75, "volume": 0.75, "price": 0.5 },
    "extend": { "flags": [ "UNDERSIZE", "PREFIX_XS" ] }
  },
  {
    "id": "gloves_claws",
    "type": "ARMOR",
    "name": { "str": "pair of claw gloves", "str_pl": "pairs of claw gloves" },
    "description": "A pair of well-made black stretch vinyl gloves, with black steel claws connected to the fingers.  Used in BDSM performances or as part of a costume.",
    "weight": "160 g",
    "volume": "270 ml",
    "price": "60 USD",
    "price_postapoc": "1 USD 40 cent",
    "material": [ "plastic" ],
    "symbol": "[",
    "looks_like": "gloves_medical",
    "color": "dark_gray",
    "material_thickness": 0.5,
    "environmental_protection": 4,
    "flags": [ "WATER_FRIENDLY", "WATERPROOF" ],
    "armor": [ { "encumbrance": 15, "coverage": 100, "covers": [ "hand_l", "hand_r" ] } ],
    "melee_damage": { "cut": 1 }
  },
  {
    "id": "gauntlet_fencing",
    "type": "ARMOR",
    "name": { "str": "fencing gauntlet" },
    "description": "A single suede glove with a sturdy cotton wrist, padded back, and well-fitting fingers.",
    "weight": "175 g",
    "volume": "250 ml",
    "price": "64 USD",
    "price_postapoc": "2 USD 50 cent",
    "material": [ "leather", "cotton" ],
    "symbol": "[",
    "color": "white",
    "warmth": 15,
    "material_thickness": 2.0,
    "environmental_protection": 1,
    "flags": [ "STURDY" ],
    "armor": [ { "encumbrance": 4, "coverage": 100, "covers": [ "hand_r" ] } ]
  },
  {
    "id": "gauntlet_fencing_l",
    "type": "ARMOR",
    "name": { "str": "fencing gauntlet (left)", "str_pl": "fencing gauntlets (left)" },
    "description": "A single suede glove with a sturdy cotton wrist, padded back, and well-fitting fingers.  This one is left-handed.",
    "weight": "175 g",
    "volume": "250 ml",
    "price": "64 USD",
    "price_postapoc": "2 USD 50 cent",
    "material": [ "leather", "cotton" ],
    "symbol": "[",
    "color": "white",
    "warmth": 15,
    "material_thickness": 2.0,
    "environmental_protection": 1,
    "flags": [ "STURDY" ],
    "armor": [ { "encumbrance": 4, "coverage": 100, "covers": [ "hand_l" ] } ]
  },
  {
    "id": "gauntlets_larmor",
    "type": "ARMOR",
    "category": "armor",
    "name": { "str": "pair of leather armor gauntlets", "str_pl": "pairs of leather armor gauntlets" },
    "description": "A pair of heavy fingerless leather gloves.",
    "weight": "350 g",
    "volume": "750 ml",
    "price": "34 USD",
    "price_postapoc": "7 USD 50 cent",
    "material": [ "leather" ],
    "symbol": "[",
    "looks_like": "gloves_leather",
    "color": "brown",
    "warmth": 15,
    "material_thickness": 3,
    "environmental_protection": 1,
    "flags": [ "VARSIZE", "STURDY", "ALLOWS_NATURAL_ATTACKS", "DURABLE_MELEE" ],
    "armor": [
      {
        "encumbrance": 4,
        "coverage": 75,
        "covers": [ "hand_l", "hand_r" ],
        "specifically_covers": [ "hand_wrist_l", "hand_wrist_r" ]
      },
      {
        "encumbrance": 4,
        "coverage": 100,
        "covers": [ "hand_l", "hand_r" ],
        "specifically_covers": [ "hand_palm_l", "hand_palm_r", "hand_back_l", "hand_back_r" ]
      },
      {
        "encumbrance": 0,
        "coverage": 50,
        "covers": [ "hand_l", "hand_r" ],
        "specifically_covers": [ "hand_fingers_l", "hand_fingers_r" ]
      }
    ],
    "melee_damage": { "bash": 2 }
  },
  {
    "id": "xl_gauntlets_larmor",
    "type": "ARMOR",
    "name": { "str": "pair of leather armor gauntlets", "str_pl": "pairs of leather armor gauntlets" },
    "copy-from": "gauntlets_larmor",
    "proportional": { "weight": 1.5, "volume": 1.5 },
    "extend": { "flags": [ "OVERSIZE", "PREFIX_XL" ] }
  },
  {
    "id": "xs_gauntlets_larmor",
    "type": "ARMOR",
    "copy-from": "gauntlets_larmor",
    "looks_like": "gauntlets_larmor",
    "name": { "str": "pair of leather armor gauntlets", "str_pl": "pairs of leather armor gauntlets" },
    "proportional": { "weight": 0.75, "volume": 0.75, "price": 0.5 },
    "extend": { "flags": [ "UNDERSIZE", "PREFIX_XS" ] }
  },
  {
    "id": "gloves_bag",
    "type": "ARMOR",
    "name": { "str": "pair of bag gloves", "str_pl": "pairs of bag gloves" },
    "description": "A pair of disposable plastic bags, adapted to be used as gloves.",
    "weight": "6 g",
    "volume": "250 ml",
    "price": "50 cent",
    "price_postapoc": "10 cent",
    "material": [ "plastic" ],
    "symbol": "[",
    "looks_like": "gloves_wraps",
    "color": "light_blue",
    "material_thickness": 0.01,
    "flags": [ "WATERPROOF", "OVERSIZE", "OUTER", "SOFT" ],
    "armor": [ { "encumbrance": 7, "coverage": 70, "covers": [ "hand_l", "hand_r" ] } ]
  },
  {
    "id": "gloves_fingerless",
    "type": "ARMOR",
    "name": { "str": "pair of fingerless leather gloves", "str_pl": "pairs of fingerless leather gloves" },
    "description": "A pair of leather gloves without fingers.",
    "weight": "100 g",
    "volume": "250 ml",
    "price": "14 USD",
    "price_postapoc": "1 USD",
    "material": [ "leather" ],
    "symbol": "[",
    "looks_like": "gloves_light",
    "color": "dark_gray",
    "warmth": 10,
    "material_thickness": 0.5,
    "flags": [ "VARSIZE", "WATER_FRIENDLY", "ALLOWS_NATURAL_ATTACKS" ],
    "armor": [
      {
        "coverage": 75,
        "covers": [ "hand_l", "hand_r" ],
        "specifically_covers": [ "hand_wrist_l", "hand_wrist_r", "hand_back_l", "hand_back_r" ]
      },
      { "coverage": 100, "covers": [ "hand_l", "hand_r" ], "specifically_covers": [ "hand_palm_l", "hand_palm_r" ] },
      {
        "coverage": 50,
        "covers": [ "hand_l", "hand_r" ],
        "specifically_covers": [ "hand_fingers_l", "hand_fingers_r" ]
      }
    ]
  },
  {
    "id": "gloves_fingerless_mod",
    "type": "ARMOR",
    "category": "armor",
    "name": { "str": "pair of armored fingerless leather gloves", "str_pl": "pairs of armored fingerless leather gloves" },
    "description": "A pair of leather gloves without fingers.  These have been crudely reinforced with steel guards across the back.",
    "weight": "380 g",
    "volume": "500 ml",
    "price": "90 USD",
    "price_postapoc": "2 USD 50 cent",
    "material": [ "steel", "leather" ],
    "symbol": "[",
    "looks_like": "gloves_fingerless",
    "color": "dark_gray",
    "warmth": 5,
    "material_thickness": 0.5,
    "flags": [ "VARSIZE", "ALLOWS_NATURAL_ATTACKS" ],
    "armor": [
      {
        "coverage": 90,
        "covers": [ "hand_l", "hand_r" ],
        "specifically_covers": [ "hand_back_l", "hand_back_r" ],
        "material": [
          { "type": "leather", "covered_by_mat": 80, "thickness": 0.5 },
          { "type": "steel", "covered_by_mat": 100, "thickness": 0.25 }
        ]
      },
      {
        "encumbrance": 3,
        "coverage": 75,
        "covers": [ "hand_l", "hand_r" ],
        "specifically_covers": [ "hand_wrist_l", "hand_wrist_r" ],
        "material": [ { "type": "leather", "covered_by_mat": 100, "thickness": 0.5 } ]
      },
      {
        "encumbrance": 3,
        "coverage": 100,
        "covers": [ "hand_l", "hand_r" ],
        "specifically_covers": [ "hand_palm_l", "hand_palm_r" ],
        "material": [ { "type": "leather", "covered_by_mat": 100, "thickness": 0.5 } ]
      },
      {
        "encumbrance": 0,
        "coverage": 50,
        "covers": [ "hand_l", "hand_r" ],
        "specifically_covers": [ "hand_fingers_l", "hand_fingers_r" ],
        "material": [ { "type": "leather", "covered_by_mat": 100, "thickness": 0.5 } ]
      }
    ]
  },
  {
    "id": "mitten_gaunt_metal_sheets",
    "type": "ARMOR",
    "category": "armor",
    "name": { "str": "pair of sheet metal gauntlets", "str_pl": "pairs of sheet metal gauntlets" },
    "description": "A pair of small sheets of metal, one attached to the back of the hand, and one tied to the back of your fingers, leaving the index finger untied for trigger pulling.  Your handwriting will suffer, but they'll keep your fingers attached.",
    "//": "The weight assumes four small sheets of about 10cm x 10cm.",
    "weight": "480 g",
    "volume": "1250 ml",
    "price": "4 USD",
    "price_postapoc": "1 USD",
    "symbol": "[",
    "looks_like": "lc_mitten_gaunt",
    "material": [ "lc_steel" ],
    "repairs_with": [ "steel" ],
    "color": "light_gray",
    "warmth": 5,
    "material_thickness": 1.5,
    "environmental_protection": 1,
    "flags": [ "OUTER" ],
    "armor": [
      {
        "material": [ { "type": "lc_steel", "covered_by_mat": 100, "thickness": 1.5 } ],
        "covers": [ "hand_l", "hand_r" ],
        "specifically_covers": [ "hand_wrist_l", "hand_wrist_r", "hand_fingers_l", "hand_fingers_r", "hand_back_l", "hand_back_r" ],
        "coverage": 100,
        "encumbrance": 25
      }
    ],
    "melee_damage": { "bash": 5 }
  },
  {
    "id": "ch_mitten_gaunt_metal_sheets",
    "type": "ARMOR",
    "copy-from": "mitten_gaunt_metal_sheets",
    "name": { "str": "pair of hardened steel sheet metal gauntlets", "str_pl": "pairs of hardened steel sheet metal gauntlets" },
    "description": "These crude mitten gauntlets have been hardened to keep the zombie dogs from biting your fingers off.",
    "material": [ "ch_steel" ],
    "extend": { "flags": [ "STURDY" ] },
    "armor": [
      {
        "material": [ { "type": "ch_steel", "covered_by_mat": 100, "thickness": 1.5 } ],
        "covers": [ "hand_l", "hand_r" ],
        "specifically_covers": [ "hand_wrist_l", "hand_wrist_r", "hand_fingers_l", "hand_fingers_r", "hand_back_l", "hand_back_r" ],
        "coverage": 100,
        "encumbrance": 25
      }
    ]
  },
  {
    "id": "gloves_fur",
    "type": "ARMOR",
    "name": { "str": "pair of fur gloves", "str_pl": "pairs of fur gloves" },
    "description": "A pair of warm fur gloves.",
    "weight": "410 g",
    "volume": "1 L",
    "price": "40 USD",
    "price_postapoc": "2 USD 50 cent",
    "material": [ "fur" ],
    "symbol": "[",
    "looks_like": "fire_gauntlets",
    "color": "brown",
    "warmth": 70,
    "material_thickness": 3,
    "armor": [ { "encumbrance": 30, "coverage": 100, "covers": [ "hand_l", "hand_r" ] } ]
  },
  {
    "id": "xl_gloves_fur",
    "type": "ARMOR",
    "name": { "str": "pair of fur gloves", "str_pl": "pairs of fur gloves" },
    "copy-from": "gloves_fur",
    "proportional": { "weight": 1.6, "volume": 1.6 },
    "extend": { "flags": [ "OVERSIZE", "PREFIX_XL" ] }
  },
  {
    "id": "xs_gloves_fur",
    "type": "ARMOR",
    "copy-from": "gloves_fur",
    "looks_like": "gloves_fur",
    "name": { "str": "pair of fur gloves", "str_pl": "pairs of fur gloves" },
    "proportional": { "weight": 0.75, "volume": 0.75, "price": 0.5 },
    "extend": { "flags": [ "UNDERSIZE", "PREFIX_XS" ] }
  },
  {
    "id": "gloves_faux_fur",
    "type": "ARMOR",
    "name": { "str": "pair of faux fur gloves", "str_pl": "pairs of faux fur gloves" },
    "description": "A pair of warm faux fur gloves.",
    "weight": "410 g",
    "volume": "1 L",
    "price": "40 USD",
    "price_postapoc": "2 USD 50 cent",
    "material": [ "faux_fur" ],
    "symbol": "[",
    "looks_like": "gloves_fur",
    "color": "brown",
    "warmth": 55,
    "material_thickness": 3,
    "armor": [ { "encumbrance": 30, "coverage": 95, "covers": [ "hand_l", "hand_r" ] } ]
  },
  {
    "id": "xl_gloves_faux_fur",
    "type": "ARMOR",
    "name": { "str": "pair of faux fur gloves", "str_pl": "pairs of faux fur gloves" },
    "copy-from": "gloves_faux_fur",
    "proportional": { "weight": 1.6, "volume": 1.6 },
    "extend": { "flags": [ "OVERSIZE", "PREFIX_XL" ] }
  },
  {
    "id": "xs_gloves_faux_fur",
    "type": "ARMOR",
    "copy-from": "gloves_faux_fur",
    "name": { "str": "pair of faux fur gloves", "str_pl": "pairs of faux fur gloves" },
    "proportional": { "weight": 0.75, "volume": 0.75, "price": 0.5 },
    "extend": { "flags": [ "UNDERSIZE", "PREFIX_XS" ] }
  },
  {
    "id": "glove_jackson",
    "type": "ARMOR",
    "name": { "str": "white glove" },
    "description": "A single white glove covered with hundreds of rhinestones.",
    "weight": "59 g",
    "volume": "250 ml",
    "price": "500 USD",
    "price_postapoc": "50 cent",
    "material": [ "cotton" ],
    "symbol": "[",
    "looks_like": "gloves_leather",
    "color": "white",
    "warmth": 20,
    "material_thickness": 0.5,
    "flags": [ "WATER_FRIENDLY", "FANCY" ],
    "armor": [
      {
        "coverage": 100,
        "covers": [ "hand_l", "hand_r" ],
        "specifically_covers": [ "hand_fingers_l", "hand_fingers_r", "hand_back_l", "hand_back_r", "hand_palm_l", "hand_palm_r" ]
      },
      { "coverage": 50, "covers": [ "hand_l", "hand_r" ], "specifically_covers": [ "hand_wrist_l", "hand_wrist_r" ] }
    ]
  },
  {
    "id": "gloves_leather",
    "type": "ARMOR",
    "name": { "str": "pair of leather gloves", "str_pl": "pairs of leather gloves" },
    "description": "A thin pair of black leather gloves.",
    "weight": "160 g",
    "volume": "250 ml",
    "price": "45 USD",
    "price_postapoc": "1 USD 50 cent",
    "material": [ "leather" ],
    "symbol": "[",
    "looks_like": "gloves_light",
    "color": "dark_gray",
    "warmth": 25,
    "material_thickness": 0.5,
    "valid_mods": [ "steel_padded" ],
    "flags": [ "VARSIZE", "WATERPROOF" ],
    "armor": [ { "encumbrance": 10, "coverage": 100, "covers": [ "hand_l", "hand_r" ] } ]
  },
  {
    "id": "xl_gloves_leather",
    "type": "ARMOR",
    "name": { "str": "pair of leather gloves", "str_pl": "pairs of leather gloves" },
    "copy-from": "gloves_leather",
    "proportional": { "weight": 1.5, "volume": 1.5 },
    "extend": { "flags": [ "OVERSIZE", "PREFIX_XL" ] }
  },
  {
    "id": "xs_gloves_leather",
    "type": "ARMOR",
    "copy-from": "gloves_leather",
    "looks_like": "gloves_leather",
    "name": { "str": "pair of leather gloves", "str_pl": "pairs of leather gloves" },
    "proportional": { "weight": 0.75, "volume": 0.75, "price": 0.5 },
    "extend": { "flags": [ "UNDERSIZE", "PREFIX_XS" ] }
  },
  {
    "id": "gloves_denim",
    "type": "ARMOR",
    "name": { "str": "pair of denim gloves", "str_pl": "pairs of denim gloves" },
    "description": "A pair of denim gloves.  Not very comfortable but slightly warmer and more sturdier than ones that would be made from cotton.",
    "//": "10 oz.",
    "weight": "150 g",
    "volume": "400 ml",
    "price": "30 USD",
    "price_postapoc": "5 USD",
    "material": [ "denim" ],
    "symbol": "[",
    "color": "light_blue",
    "looks_like": "gloves_leather",
    "flags": [ "VARSIZE", "WATER_FRIENDLY" ],
    "armor": [ { "encumbrance": 5, "coverage": 100, "covers": [ "hand_l", "hand_r" ] } ],
    "warmth": 15,
    "material_thickness": 0.65
  },
  {
    "id": "gloves_denim_fingerless",
    "type": "ARMOR",
    "name": { "str": "pair of fingerless denim gloves", "str_pl": "pairs of fingerless denim gloves" },
    "description": "A pair of fingerless denim gloves.  Much less cumbersome this way, but not as protective or warm",
    "weight": "122 g",
    "volume": "270 ml",
    "price_postapoc": "3 USD 50 cent",
    "material": [ "denim" ],
    "symbol": "[",
    "color": "light_blue",
    "looks_like": "gloves_leather",
    "flags": [ "VARSIZE", "WATER_FRIENDLY" ],
    "armor": [
      {
        "coverage": 75,
        "covers": [ "hand_l", "hand_r" ],
        "specifically_covers": [ "hand_wrist_l", "hand_wrist_r", "hand_back_l", "hand_back_r" ]
      },
      { "coverage": 100, "covers": [ "hand_l", "hand_r" ], "specifically_covers": [ "hand_palm_l", "hand_palm_r" ] },
      {
        "coverage": 30,
        "covers": [ "hand_l", "hand_r" ],
        "specifically_covers": [ "hand_fingers_l", "hand_fingers_r" ]
      }
    ],
    "warmth": 10,
    "material_thickness": 0.65
  },
  {
    "id": "gloves_light",
    "type": "ARMOR",
    "name": { "str": "pair of light gloves", "str_pl": "pairs of light gloves" },
    "description": "A pair of cotton gloves.",
    "weight": "118 g",
    "volume": "250 ml",
    "price": "11 USD",
    "price_postapoc": "2 USD 50 cent",
    "material": [ "cotton" ],
    "symbol": "[",
    "looks_like": "gloves_leather",
    "color": "light_blue",
    "warmth": 10,
    "material_thickness": 0.2,
    "flags": [ "VARSIZE", "WATER_FRIENDLY" ],
    "armor": [ { "encumbrance": 2, "coverage": 100, "covers": [ "hand_l", "hand_r" ] } ]
  },
  {
    "id": "xl_gloves_light",
    "type": "ARMOR",
    "name": { "str": "pair of light gloves", "str_pl": "pairs of light gloves" },
    "copy-from": "gloves_light",
    "proportional": { "weight": 1.5, "volume": 1.5 },
    "extend": { "flags": [ "OVERSIZE", "PREFIX_XL" ] }
  },
  {
    "id": "xs_gloves_light",
    "type": "ARMOR",
    "copy-from": "gloves_light",
    "looks_like": "gloves_light",
    "name": { "str": "pair of light gloves", "str_pl": "pairs of light gloves" },
    "proportional": { "weight": 0.75, "volume": 0.75, "price": 0.5 },
    "extend": { "flags": [ "UNDERSIZE", "PREFIX_XS" ] }
  },
  {
    "id": "gloves_liner",
    "type": "ARMOR",
    "name": { "str": "pair of glove liners", "str_pl": "pairs of glove liners" },
    "description": "A pair of thin cotton gloves.  Often used as a liner beneath other gloves.",
    "weight": "63 g",
    "volume": "250 ml",
    "price": "6 USD",
    "price_postapoc": "50 cent",
    "material": [ "cotton" ],
    "symbol": "[",
    "looks_like": "gloves_light",
    "color": "light_gray",
    "warmth": 5,
    "material_thickness": 0.1,
    "flags": [ "WATER_FRIENDLY", "SKINTIGHT" ],
    "armor": [ { "encumbrance": 1, "coverage": 100, "covers": [ "hand_l", "hand_r" ] } ]
  },
  {
    "id": "xl_gloves_liner",
    "type": "ARMOR",
    "name": { "str": "pair of glove liners", "str_pl": "pairs of glove liners" },
    "copy-from": "gloves_liner",
    "proportional": { "weight": 2, "volume": 2 },
    "extend": { "flags": [ "OVERSIZE", "PREFIX_XL" ] }
  },
  {
    "id": "xs_gloves_liner",
    "type": "ARMOR",
    "copy-from": "gloves_liner",
    "looks_like": "gloves_liner",
    "name": { "str": "pair of glove liners", "str_pl": "pairs of glove liners" },
    "proportional": { "weight": 0.75, "volume": 0.75, "price": 0.5 },
    "extend": { "flags": [ "UNDERSIZE", "PREFIX_XS" ] }
  },
  {
    "id": "gloves_medical",
    "type": "ARMOR",
    "name": { "str": "pair of medical gloves", "str_pl": "pairs of medical gloves" },
    "description": "A pair of thin latex gloves, designed to limit the spread of disease.  Too fragile to protect you from much else.",
    "weight": "3 g",
    "volume": "5 ml",
    "price": "10 cent",
    "price_postapoc": "10 cent",
    "material": [ "plastic" ],
    "symbol": "[",
    "looks_like": "gloves_light",
    "color": "white",
    "material_thickness": 0.1,
    "environmental_protection": 2,
    "flags": [ "WATER_FRIENDLY", "WATERPROOF", "SKINTIGHT", "SOFT", "FRAGILE", "NO_REPAIR" ],
    "armor": [ { "encumbrance": 1, "coverage": 100, "covers": [ "hand_l", "hand_r" ] } ]
  },
  {
    "id": "gloves_black",
    "type": "ARMOR",
    "name": { "str": "pair of black gloves", "str_pl": "pairs of black gloves" },
    "description": "A pair of black cotton gloves.",
    "weight": "118 g",
    "volume": "250 ml",
    "price": "11 USD",
    "price_postapoc": "2 USD 50 cent",
    "material": [ "cotton" ],
    "symbol": "[",
    "looks_like": "gloves_light",
    "color": "dark_gray",
    "warmth": 10,
    "material_thickness": 0.2,
    "flags": [ "VARSIZE" ],
    "armor": [ { "encumbrance": 2, "coverage": 100, "covers": [ "hand_l", "hand_r" ] } ]
  },
  {
    "id": "gloves_plate",
    "type": "ARMOR",
    "category": "armor",
    "name": { "str": "pair of armored gauntlets", "str_pl": "pairs of armored gauntlets" },
    "description": "An extremely heavy set of armor-plated leather gloves.",
    "weight": "980 g",
    "volume": "1500 ml",
    "price": "400 USD",
    "price_postapoc": "30 USD",
    "material": [ "iron", "leather" ],
    "symbol": "[",
    "looks_like": "fire_gauntlets",
    "color": "light_gray",
    "warmth": 20,
    "material_thickness": 4,
    "environmental_protection": 1,
    "flags": [ "VARSIZE", "STURDY", "DURABLE_MELEE" ],
    "armor": [
      {
        "encumbrance": 20,
        "coverage": 100,
        "covers": [ "hand_l", "hand_r" ],
        "specifically_covers": [ "hand_back_l", "hand_back_r" ],
        "material": [
          { "type": "leather", "covered_by_mat": 100, "thickness": 2.0 },
          { "type": "iron", "covered_by_mat": 100, "thickness": 2.0 }
        ]
      },
      {
        "coverage": 100,
        "covers": [ "hand_l", "hand_r" ],
        "specifically_covers": [ "hand_wrist_l", "hand_wrist_r" ],
        "material": [
          { "type": "leather", "covered_by_mat": 100, "thickness": 2.0 },
          { "type": "iron", "covered_by_mat": 100, "thickness": 2.0 }
        ]
      },
      {
        "coverage": 100,
        "covers": [ "hand_l", "hand_r" ],
        "specifically_covers": [ "hand_palm_l", "hand_palm_r" ],
        "material": [ { "type": "leather", "covered_by_mat": 100, "thickness": 2.0 } ]
      },
      {
        "coverage": 100,
        "covers": [ "hand_l", "hand_r" ],
        "specifically_covers": [ "hand_fingers_l", "hand_fingers_r" ],
        "material": [
          { "type": "leather", "covered_by_mat": 100, "thickness": 2.0 },
          { "type": "iron", "covered_by_mat": 80, "thickness": 2.0 }
        ]
      }
    ],
    "melee_damage": { "bash": 7 }
  },
  {
    "id": "xl_gloves_plate",
    "type": "ARMOR",
    "name": { "str": "pair of armored gauntlets", "str_pl": "pairs of armored gauntlets" },
    "copy-from": "gloves_plate",
    "proportional": { "weight": 1.5, "volume": 1.5 },
    "extend": { "flags": [ "OVERSIZE", "PREFIX_XL" ] }
  },
  {
    "id": "xs_gloves_plate",
    "type": "ARMOR",
    "copy-from": "gloves_plate",
    "looks_like": "gloves_plate",
    "name": { "str": "pair of armored gauntlets", "str_pl": "pairs of armored gauntlets" },
    "proportional": { "weight": 0.75, "volume": 0.75, "price": 0.5 },
    "extend": { "flags": [ "UNDERSIZE", "PREFIX_XS" ] }
  },
  {
    "id": "gloves_rubber",
    "type": "ARMOR",
    "name": { "str": "pair of rubber gloves", "str_pl": "pairs of rubber gloves" },
    "description": "A pair of rubber gloves, often used while cleaning with caustic materials.",
    "weight": "20 g",
    "volume": "250 ml",
    "price": "13 USD",
    "price_postapoc": "50 cent",
    "material": [ "rubber" ],
    "symbol": "[",
    "looks_like": "gloves_light",
    "color": "yellow",
    "warmth": 10,
    "material_thickness": 0.35,
    "environmental_protection": 8,
    "flags": [ "WATERPROOF", "SOFT" ],
    "armor": [ { "encumbrance": 4, "coverage": 100, "covers": [ "hand_l", "hand_r" ] } ]
  },
  {
    "id": "gloves_tactical",
    "type": "ARMOR",
    "category": "armor",
    "name": { "str": "pair of tactical gloves", "str_pl": "pairs of tactical gloves" },
    "description": "A pair of flame- and cut-resistant aramid fabric gloves.  Commonly used by police and military units.",
    "weight": "220 g",
    "volume": "500 ml",
    "price": "52 USD",
    "price_postapoc": "15 USD",
    "material": [ "kevlar", "leather" ],
    "symbol": "[",
    "looks_like": "fire_gauntlets",
    "color": "dark_gray",
    "warmth": 20,
    "material_thickness": 1.5,
    "environmental_protection": 2,
    "flags": [ "VARSIZE", "STURDY" ],
    "armor": [ { "encumbrance": 13, "coverage": 100, "covers": [ "hand_l", "hand_r" ] } ]
  },
  {
    "id": "gloves_winter",
    "type": "ARMOR",
    "name": { "str": "pair of winter gloves", "str_pl": "pairs of winter gloves" },
    "description": "A pair of padded cotton gloves.  Toasty!",
    "weight": "218 g",
    "volume": "750 ml",
    "price": "65 USD",
    "price_postapoc": "50 cent",
    "material": [ "cotton" ],
    "symbol": "[",
    "looks_like": "gloves_leather",
    "color": "light_blue",
    "warmth": 70,
    "material_thickness": 4,
    "armor": [ { "encumbrance": 40, "coverage": 100, "covers": [ "hand_l", "hand_r" ] } ]
  },
  {
    "id": "gloves_wool",
    "type": "ARMOR",
    "name": { "str": "pair of wool gloves", "str_pl": "pairs of wool gloves" },
    "description": "A warm pair of wool gloves.",
    "weight": "100 g",
    "volume": "250 ml",
    "price": "35 USD",
    "price_postapoc": "50 cent",
    "material": [ "wool" ],
    "symbol": "[",
    "looks_like": "gloves_winter",
    "color": "blue",
    "warmth": 60,
    "material_thickness": 3,
    "armor": [ { "encumbrance": 20, "coverage": 100, "covers": [ "hand_l", "hand_r" ] } ]
  },
  {
    "id": "xl_gloves_wool",
    "type": "ARMOR",
    "name": { "str": "pair of wool gloves", "str_pl": "pairs of wool gloves" },
    "copy-from": "gloves_wool",
    "proportional": { "weight": 1.4, "volume": 1.4 },
    "flags": [ "OVERSIZE", "PREFIX_XL" ]
  },
  {
    "id": "xs_gloves_wool",
    "type": "ARMOR",
    "copy-from": "gloves_wool",
    "looks_like": "gloves_wool",
    "name": { "str": "pair of wool gloves", "str_pl": "pairs of wool gloves" },
    "proportional": { "weight": 0.75, "volume": 0.75, "price": 0.5 },
    "flags": [ "UNDERSIZE", "PREFIX_XS" ]
  },
  {
    "id": "gloves_wool_fingerless",
    "type": "ARMOR",
    "name": { "str": "pair of fingerless wool gloves", "str_pl": "pairs of fingerless wool gloves" },
    "description": "A warm pair of wool gloves without fingers.  Less encumbering, but provides significantly less warmth.",
    "weight": "75 g",
    "volume": "250 ml",
    "price": "35 USD",
    "price_postapoc": "50 cent",
    "material": [ "wool" ],
    "symbol": "[",
    "looks_like": "gloves_wool",
    "color": "blue",
    "warmth": 40,
    "material_thickness": 3,
    "flags": [ "ALLOWS_NATURAL_ATTACKS" ],
    "armor": [
      {
        "encumbrance": 7,
        "coverage": 100,
        "covers": [ "hand_l", "hand_r" ],
        "specifically_covers": [ "hand_wrist_l", "hand_wrist_r", "hand_back_l", "hand_back_r", "hand_palm_l", "hand_palm_r" ]
      },
      {
        "coverage": 67,
        "covers": [ "hand_l", "hand_r" ],
        "specifically_covers": [ "hand_fingers_l", "hand_fingers_r" ]
      }
    ]
  },
  {
    "id": "xl_gloves_wool_fingerless",
    "type": "ARMOR",
    "name": { "str": "pair of fingerless wool gloves", "str_pl": "pairs of fingerless wool gloves" },
    "copy-from": "gloves_wool_fingerless",
    "proportional": { "weight": 1.4, "volume": 1.4 },
    "flags": [ "OVERSIZE", "PREFIX_XL" ]
  },
  {
    "id": "xs_gloves_wool_fingerless",
    "type": "ARMOR",
    "copy-from": "gloves_wool_fingerless",
    "name": { "str": "pair of fingerless wool gloves", "str_pl": "pairs of fingerless wool gloves" },
    "proportional": { "weight": 0.75, "volume": 0.75 },
    "flags": [ "UNDERSIZE", "PREFIX_XS" ]
  },
  {
    "id": "gloves_work",
    "type": "ARMOR",
    "name": { "str": "pair of work gloves", "str_pl": "pairs of work gloves" },
    "description": "A tough pair of gloves, for tough everyday work.",
    "weight": "195 g",
    "volume": "250 ml",
    "price": "45 USD",
    "price_postapoc": "1 USD",
    "material": [ "leather", "cotton" ],
    "symbol": "[",
    "looks_like": "gloves_leather",
    "color": "brown",
    "warmth": 25,
    "material_thickness": 2,
    "environmental_protection": 5,
    "flags": [ "WATERPROOF", "STURDY", "VARSIZE" ],
    "armor": [ { "encumbrance": 20, "coverage": 100, "covers": [ "hand_l", "hand_r" ] } ]
  },
  {
    "id": "gloves_cut_resistant",
    "type": "ARMOR",
    "category": "armor",
    "name": { "str": "pair of cut-resistant gloves", "str_pl": "pairs of cut-resistant gloves" },
    "description": "A pair of cut-resistant gloves, useful for butchery or routine work with bladed objects.",
    "weight": "240 g",
    "volume": "250 ml",
    "price": "90 USD",
    "price_postapoc": "1 USD",
    "material": [ "kevlar" ],
    "symbol": "[",
    "looks_like": "gloves_work",
    "color": "light_gray",
    "warmth": 10,
    "material_thickness": 2,
    "environmental_protection": 1,
    "flags": [ "STURDY", "VARSIZE" ],
    "armor": [ { "encumbrance": 20, "coverage": 100, "covers": [ "hand_l", "hand_r" ] } ]
  },
  {
    "id": "gloves_wraps",
    "type": "ARMOR",
    "name": { "str": "pair of hand wraps", "str_pl": "pairs of hand wraps" },
    "description": "Long pieces of cloth that are meant to be wrapped around your hands.  They provide small amounts of protection while punching and performing other general mischief.",
    "weight": "100 g",
    "volume": "250 ml",
    "price": "5 USD",
    "price_postapoc": "10 cent",
    "material": [ "cotton" ],
    "symbol": "[",
    "looks_like": "gloves_light",
    "color": "white",
    "warmth": 5,
    "material_thickness": 2,
    "flags": [ "SKINTIGHT", "OVERSIZE", "ALLOWS_NATURAL_ATTACKS" ],
    "armor": [ { "coverage": 80, "covers": [ "hand_l", "hand_r" ] } ]
  },
  {
    "id": "gloves_wraps_fur",
    "type": "ARMOR",
    "name": { "str": "pair of fur hand wraps", "str_pl": "pairs of fur hand wraps" },
    "description": "Pieces of animal pelt that are meant to be wrapped around your hands.  They provide small amounts of protection while punching and performing other general mischief.",
    "weight": "250 g",
    "volume": "500 ml",
    "price": "7 USD",
    "price_postapoc": "10 cent",
    "material": [ "fur" ],
    "symbol": "[",
    "looks_like": "gloves_wraps",
    "color": "brown",
    "warmth": 20,
    "material_thickness": 2,
    "flags": [ "OVERSIZE", "ALLOWS_NATURAL_ATTACKS" ],
    "armor": [ { "encumbrance": 5, "coverage": 80, "covers": [ "hand_l", "hand_r" ] } ]
  },
  {
    "id": "gloves_wraps_leather",
    "type": "ARMOR",
    "name": { "str": "pair of leather hand wraps", "str_pl": "pairs of leather hand wraps" },
    "description": "Pieces of leather that are meant to be wrapped around your hands.  They provide small amounts of protection while punching and performing other general mischief.",
    "weight": "200 g",
    "volume": "500 ml",
    "price": "5 USD 25 cent",
    "price_postapoc": "10 cent",
    "material": [ "leather" ],
    "symbol": "[",
    "looks_like": "gloves_wraps",
    "color": "brown",
    "warmth": 10,
    "material_thickness": 2,
    "flags": [ "OVERSIZE", "ALLOWS_NATURAL_ATTACKS" ],
    "armor": [ { "encumbrance": 5, "coverage": 80, "covers": [ "hand_l", "hand_r" ] } ]
  },
  {
    "id": "gloves_wraps_wool",
    "type": "ARMOR",
    "name": { "str": "pair of wool hand wraps", "str_pl": "pairs of wool hand wraps" },
    "description": "Long pieces of wool that are meant to be wrapped around your hands.  They provide small amounts of protection while punching and performing other general mischief.",
    "weight": "100 g",
    "volume": "250 ml",
    "price": "5 USD",
    "price_postapoc": "10 cent",
    "material": [ "wool" ],
    "symbol": "[",
    "looks_like": "gloves_wraps",
    "color": "blue",
    "warmth": 15,
    "material_thickness": 2,
    "flags": [ "SKINTIGHT", "OVERSIZE", "ALLOWS_NATURAL_ATTACKS" ],
    "armor": [ { "encumbrance": 2, "coverage": 80, "covers": [ "hand_l", "hand_r" ] } ]
  },
  {
    "id": "long_glove_white",
    "type": "ARMOR",
    "name": { "str": "pair of extra long white gloves", "str_pl": "pairs of extra long white gloves" },
    "description": "Long white costume gloves.",
    "weight": "400 g",
    "volume": "1 L",
    "price": "11 USD",
    "price_postapoc": "1 USD",
    "material": [ "cotton" ],
    "symbol": "[",
    "looks_like": "gloves_light",
    "color": "white",
    "armor": [
      { "covers": [ "hand_l", "hand_r" ], "coverage": 100, "encumbrance": 2 },
      {
        "covers": [ "arm_l", "arm_r" ],
        "specifically_covers": [ "arm_elbow_l", "arm_elbow_r", "arm_lower_l", "arm_lower_r" ],
        "coverage": 100,
        "encumbrance": 2
      },
      { "covers": [ "arm_l", "arm_r" ], "specifically_covers": [ "arm_upper_l", "arm_upper_r" ], "coverage": 50 }
    ],
    "warmth": 10,
    "material_thickness": 0.2,
    "flags": [ "VARSIZE", "SKINTIGHT", "FANCY" ]
  },
  {
    "id": "mittens",
    "type": "ARMOR",
    "name": { "str": "pair of mittens", "str_pl": "pairs of mittens" },
    "description": "A pair of warm but cumbersome mittens.",
    "weight": "364 g",
    "volume": "750 ml",
    "price": "25 USD",
    "price_postapoc": "50 cent",
    "material": [ "wool" ],
    "symbol": "[",
    "looks_like": "gloves_wool",
    "color": "blue",
    "warmth": 70,
    "material_thickness": 1,
    "flags": [ "OVERSIZE", "OUTER" ],
    "armor": [ { "encumbrance": 80, "coverage": 100, "covers": [ "hand_l", "hand_r" ] } ]
  },
  {
    "id": "nomex_gloves",
    "type": "ARMOR",
    "name": { "str": "pair of flame-resistant gloves", "str_pl": "pairs of flame-resistant gloves" },
    "description": "A snug-fitting pair of gloves made from thin and lightweight Nomex fabric.",
    "weight": "190 g",
    "volume": "500 ml",
    "price": "20 USD",
    "price_postapoc": "1 USD",
    "material": [ "nomex" ],
    "symbol": "[",
    "looks_like": "gloves_light",
    "color": "light_gray",
    "warmth": 5,
    "material_thickness": 1,
    "environmental_protection": 2,
    "flags": [ "VARSIZE", "WATER_FRIENDLY", "SKINTIGHT", "STURDY" ],
    "armor": [ { "encumbrance": 6, "coverage": 100, "covers": [ "hand_l", "hand_r" ] } ]
  },
  {
    "id": "santa_gloves",
    "type": "ARMOR",
    "name": { "str": "pair of Santa gloves", "str_pl": "pairs of Santa gloves" },
    "description": "A pair of red gloves with white faux fur trim.  Keeps your hands warm and your holiday spirit bright.",
    "weight": "400 g",
    "volume": "1 L",
    "price": "40 USD",
    "price_postapoc": "2 USD 50 cent",
    "material": [ "cotton", "faux_fur" ],
    "symbol": "[",
    "looks_like": "gloves_fur",
    "color": "red",
    "warmth": 30,
    "material_thickness": 0.5,
    "armor": [ { "encumbrance": 10, "coverage": 100, "covers": [ "hand_l", "hand_r" ] } ]
  },
  {
    "id": "sockmitts",
    "type": "ARMOR",
    "name": { "str": "pair of sock mitts", "str_pl": "pairs of sock mitts" },
    "description": "A pair of improvised gloves made from socks with holes poked through them.",
    "weight": "32 g",
    "volume": "250 ml",
    "price": "0 cent",
    "price_postapoc": "10 cent",
    "material": [ "cotton" ],
    "symbol": "[",
    "looks_like": "mittens",
    "color": "white",
    "warmth": 5,
    "material_thickness": 0.2,
    "flags": [ "VARSIZE", "SKINTIGHT", "ALLOWS_NATURAL_ATTACKS" ],
    "armor": [
      {
        "coverage": 100,
        "covers": [ "hand_l", "hand_r" ],
        "specifically_covers": [ "hand_palm_l", "hand_palm_r", "hand_back_l", "hand_back_r", "hand_wrist_l", "hand_wrist_r" ]
      }
    ]
  },
  {
    "id": "wool_sockmitts",
    "type": "ARMOR",
    "copy-from": "sockmitts",
    "name": { "str": "pair of wool sock mitts", "str_pl": "pairs of wool sock mitts" },
    "description": "A pair of improvised gloves made from wool socks with holes poked through them.",
    "weight": "44 g",
    "volume": "250 ml",
    "material": [ "wool" ],
    "warmth": 30,
    "material_thickness": 0.3,
    "armor": [
      {
        "coverage": 100,
        "covers": [ "hand_l", "hand_r" ],
        "specifically_covers": [ "hand_palm_l", "hand_palm_r", "hand_back_l", "hand_back_r", "hand_wrist_l", "hand_wrist_r" ]
      }
    ]
  },
  {
    "id": "nomex_sockmitts",
    "type": "ARMOR",
    "copy-from": "sockmitts",
    "name": { "str": "pair of Nomex sock mitts", "str_pl": "pairs of Nomex sock mitts" },
    "description": "A pair of improvised gloves made from Nomex socks with holes poked through them.",
    "weight": "200 g",
    "volume": "750 ml",
    "material": [ "nomex" ],
    "color": "light_gray",
    "warmth": 5,
    "material_thickness": 1,
    "environmental_protection": 2,
    "extend": { "flags": [ "STURDY" ] },
    "armor": [
      {
        "coverage": 100,
        "covers": [ "hand_l", "hand_r" ],
        "specifically_covers": [ "hand_palm_l", "hand_palm_r", "hand_back_l", "hand_back_r", "hand_wrist_l", "hand_wrist_r" ]
      }
    ]
  },
  {
    "id": "stockings_tent_arms",
    "type": "ARMOR",
    "name": { "str": "pair of tentacle sleeves", "str_pl": "pairs of tentacle sleeves" },
    "description": "Long cotton tubes sized to fit over tentacles and help protect them from the cold.",
    "weight": "360 g",
    "volume": "1500 ml",
    "price": "4 USD",
    "price_postapoc": "2 USD 50 cent",
    "material": [ "cotton" ],
    "symbol": "[",
    "looks_like": "arm_warmers",
    "color": "dark_gray",
    "warmth": 10,
    "material_thickness": 0.2,
    "flags": [ "VARSIZE", "SKINTIGHT", "OVERSIZE" ],
    "armor": [ { "encumbrance": 10, "coverage": 75, "covers": [ "arm_l", "arm_r", "hand_l", "hand_r" ] } ]
  },
  {
    "id": "winter_gloves_army",
    "type": "ARMOR",
    "name": { "str": "pair of army winter gloves", "str_pl": "pairs of army winter gloves" },
    "description": "A pair of padded gloves.  Favored by the military.",
    "weight": "218 g",
    "volume": "750 ml",
    "price": "81 USD 25 cent",
    "price_postapoc": "2 USD 50 cent",
    "material": [ "cotton" ],
    "symbol": "[",
    "looks_like": "fire_gauntlets",
    "color": "white",
    "warmth": 50,
    "material_thickness": 2,
    "armor": [ { "encumbrance": 20, "coverage": 100, "covers": [ "hand_l", "hand_r" ] } ]
  },
  {
    "id": "gloves_white",
    "type": "ARMOR",
    "name": { "str": "pair of white gloves", "str_pl": "pairs of white gloves" },
    "description": "A pair of white costume gloves made out of cotton.",
    "copy-from": "gloves_liner",
    "color": "white",
    "material_thickness": 0.2,
    "flags": [ "VARSIZE", "SKINTIGHT" ],
    "armor": [ { "encumbrance": 5, "coverage": 100, "covers": [ "hand_l", "hand_r" ] } ]
  },
  {
    "id": "gloves_skeleton",
    "type": "ARMOR",
    "name": { "str": "pair of skeleton gloves", "str_pl": "pairs of skeleton gloves" },
    "description": "A pair of black costume gloves with a skeletal hand pattern printed on them.",
    "copy-from": "gloves_liner",
    "weight": "23 g",
    "color": "white",
    "material_thickness": 0.1,
    "flags": [ "VARSIZE", "SKINTIGHT" ],
    "warmth": 5,
    "armor": [ { "encumbrance": 1, "coverage": 100, "covers": [ "hand_l", "hand_r" ] } ]
  },
  {
    "id": "gloves_golf",
    "type": "ARMOR",
    "name": { "str": "pair of golfing gloves", "str_pl": "pairs of golfing gloves" },
    "description": "A thin pair of black leather golfing gloves.",
    "weight": "150 g",
    "volume": "250 ml",
    "price": "40 USD",
    "price_postapoc": "50 cent",
    "material": [ "leather" ],
    "symbol": "[",
    "looks_like": "gloves_light",
    "color": "dark_gray",
    "warmth": 20,
    "material_thickness": 0.5,
    "flags": [ "VARSIZE", "WATERPROOF", "SKINTIGHT" ],
    "armor": [
      {
        "encumbrance": 5,
        "coverage": 100,
        "covers": [ "hand_l", "hand_r" ],
        "specifically_covers": [ "hand_back_l", "hand_back_r", "hand_palm_l", "hand_palm_r", "hand_fingers_l", "hand_fingers_r" ]
      },
      { "coverage": 80, "covers": [ "hand_l", "hand_r" ], "specifically_covers": [ "hand_wrist_l", "hand_wrist_r" ] }
    ]
  },
  {
    "id": "gloves_eod",
    "type": "ARMOR",
    "category": "armor",
    "name": { "str": "pair of EOD overhand protectors", "str_pl": "pairs of EOD overhand protectors" },
    "description": "A pair of fragmentation resistant pads for wearing over the backs of one's hands, providing protection from shrapnel in case things go wrong.  Sold as an accessory for explosive ordnance disposal suits, but not often used due to the difficulty in armoring the entire hand and retaining dexterity.",
    "weight": "610 g",
    "volume": "1000 ml",
    "price": "700 USD",
    "price_postapoc": "80 USD",
    "warmth": 10,
    "material": [ "kevlar_layered" ],
    "symbol": "[",
    "color": "light_gray",
    "flags": [ "STURDY", "OUTER", "ONLY_ONE", "NO_SALVAGE" ],
    "armor": [
      {
        "encumbrance": 10,
        "coverage": 40,
        "covers": [ "hand_l", "hand_r" ],
        "specifically_covers": [ "hand_back_l", "hand_back_r" ],
        "material": [ { "type": "kevlar_layered", "covered_by_mat": 100, "thickness": 3, "ignore_sheet_thickness": true } ]
      }
    ]
  },
  {
    "id": "lc_demi_gaunt",
    "type": "ARMOR",
    "category": "armor",
    "name": { "str": "pair of mild steel demi-gauntlets", "str_pl": "pairs of mild steel demi-gauntlets" },
    "description": "A pair of leather gloves with chainmail protecting the fingers and palm, and plating over the back of the hand and wrist.",
    "weight": "750 g",
    "volume": "750 ml",
    "price": "400 USD",
    "price_postapoc": "30 USD",
    "symbol": "[",
    "looks_like": "fire_gauntlets",
    "material": [ "lc_steel", "lc_steel_chain" ],
    "color": "light_gray",
    "warmth": 15,
    "environmental_protection": 1,
    "flags": [ "STURDY", "OUTER" ],
    "armor": [
      {
        "encumbrance": 10,
        "coverage": 100,
        "covers": [ "hand_l", "hand_r" ],
        "specifically_covers": [ "hand_back_l", "hand_back_r", "hand_wrist_l", "hand_wrist_r" ],
        "material": [
          { "type": "lc_steel", "covered_by_mat": 100, "thickness": 1.25 },
          { "type": "lc_steel_chain", "covered_by_mat": 100, "thickness": 1.2 },
          { "type": "leather", "covered_by_mat": 100, "thickness": 1.0 }
        ]
      },
      {
        "coverage": 100,
        "covers": [ "hand_l", "hand_r" ],
        "specifically_covers": [ "hand_palm_l", "hand_palm_r" ],
        "material": [
          { "type": "lc_steel_chain", "covered_by_mat": 100, "thickness": 1.2 },
          { "type": "leather", "covered_by_mat": 100, "thickness": 1.0 }
        ]
      },
      {
        "coverage": 100,
        "covers": [ "hand_l", "hand_r" ],
        "specifically_covers": [ "hand_fingers_l", "hand_fingers_r" ],
        "material": [
          { "type": "lc_steel_chain", "covered_by_mat": 100, "thickness": 1.2 },
          { "type": "leather", "covered_by_mat": 100, "thickness": 1.0 }
        ]
      }
    ],
    "melee_damage": { "bash": 7 }
  },
  {
    "id": "xl_lc_demi_gaunt",
    "type": "ARMOR",
    "copy-from": "lc_demi_gaunt",
    "name": { "str": "pair of mild steel demi-gauntlets", "str_pl": "pairs of mild steel demi-gauntlets" },
    "proportional": { "weight": 1.5, "volume": 1.5 },
    "extend": { "flags": [ "OVERSIZE", "PREFIX_XL" ] }
  },
  {
    "id": "mc_demi_gaunt",
    "type": "ARMOR",
    "copy-from": "lc_demi_gaunt",
    "name": { "str": "pair of medium steel demi-gauntlets", "str_pl": "pairs of medium steel demi-gauntlets" },
    "replace_materials": { "lc_steel": "mc_steel", "lc_steel_chain": "mc_steel_chain" }
  },
  {
    "id": "xl_mc_demi_gaunt",
    "type": "ARMOR",
    "copy-from": "mc_demi_gaunt",
    "name": { "str": "pair of medium steel demi-gauntlets", "str_pl": "pairs of medium steel demi-gauntlets" },
    "proportional": { "weight": 1.5, "volume": 1.5 },
    "extend": { "flags": [ "OVERSIZE", "PREFIX_XL" ] }
  },
  {
    "id": "hc_demi_gaunt",
    "type": "ARMOR",
    "copy-from": "lc_demi_gaunt",
    "name": { "str": "pair of high steel demi-gauntlets", "str_pl": "pairs of high steel demi-gauntlets" },
    "replace_materials": { "lc_steel": "hc_steel", "lc_steel_chain": "hc_steel_chain" }
  },
  {
    "id": "xl_hc_demi_gaunt",
    "type": "ARMOR",
    "name": { "str": "pair of high steel demi-gauntlets", "str_pl": "pairs of high steel demi-gauntlets" },
    "copy-from": "hc_demi_gaunt",
    "proportional": { "weight": 1.5, "volume": 1.5 },
    "extend": { "flags": [ "OVERSIZE", "PREFIX_XL" ] }
  },
  {
    "id": "ch_demi_gaunt",
    "type": "ARMOR",
    "copy-from": "lc_demi_gaunt",
    "name": { "str": "pair of hardened steel demi-gauntlets", "str_pl": "pairs of hardened steel demi-gauntlets" },
    "replace_materials": { "lc_steel": "ch_steel", "lc_steel_chain": "ch_steel_chain" }
  },
  {
    "id": "xl_ch_demi_gaunt",
    "type": "ARMOR",
    "name": { "str": "pair of hardened steel demi-gauntlets", "str_pl": "pairs of hardened steel demi-gauntlets" },
    "copy-from": "ch_demi_gaunt",
    "material": [ "qt_steel", "qt_steel_chain" ],
    "proportional": { "weight": 1.5, "volume": 1.5 },
    "extend": { "flags": [ "OVERSIZE", "PREFIX_XL" ] }
  },
  {
    "id": "qt_demi_gaunt",
    "type": "ARMOR",
    "copy-from": "lc_demi_gaunt",
    "name": { "str": "pair of tempered steel demi-gauntlets", "str_pl": "pairs of tempered steel demi-gauntlets" },
    "replace_materials": { "lc_steel": "qt_steel", "lc_steel_chain": "qt_steel_chain" }
  },
  {
    "id": "xl_qt_demi_gaunt",
    "type": "ARMOR",
    "name": { "str": "pair of tempered steel demi-gauntlets", "str_pl": "pairs of tempered steel demi-gauntlets" },
    "copy-from": "qt_demi_gaunt",
    "proportional": { "weight": 1.5, "volume": 1.5 },
    "extend": { "flags": [ "OVERSIZE", "PREFIX_XL" ] }
  },
  {
    "id": "lc_mitten_gaunt",
    "type": "ARMOR",
    "category": "armor",
    "name": { "str": "pair of mild steel mitten gauntlets", "str_pl": "pairs of mild steel mitten gauntlets" },
    "description": "A pair of leather mittens with chainmail protecting the fingers and palm, and steel plating over the back of the hand, fingers, and wrist for additional protection.",
    "weight": "1250 g",
    "volume": "1250 ml",
    "price": "400 USD",
    "price_postapoc": "30 USD",
    "symbol": "[",
    "looks_like": "fire_gauntlets",
    "material": [ "lc_steel", "lc_steel_chain" ],
    "color": "light_gray",
    "warmth": 15,
    "environmental_protection": 1,
    "flags": [ "STURDY", "DURABLE_MELEE", "OUTER" ],
    "armor": [
      {
        "encumbrance": 20,
        "coverage": 100,
        "covers": [ "hand_l", "hand_r" ],
        "specifically_covers": [ "hand_back_l", "hand_back_r", "hand_wrist_l", "hand_wrist_r" ],
        "material": [
          { "type": "lc_steel", "covered_by_mat": 100, "thickness": 1.25 },
          { "type": "lc_steel_chain", "covered_by_mat": 100, "thickness": 1.2 },
          { "type": "leather", "covered_by_mat": 100, "thickness": 1.0 }
        ]
      },
      {
        "coverage": 100,
        "covers": [ "hand_l", "hand_r" ],
        "specifically_covers": [ "hand_palm_l", "hand_palm_r" ],
        "material": [
          { "type": "lc_steel_chain", "covered_by_mat": 100, "thickness": 1.2 },
          { "type": "leather", "covered_by_mat": 100, "thickness": 1.0 }
        ]
      },
      {
        "coverage": 100,
        "covers": [ "hand_l", "hand_r" ],
        "specifically_covers": [ "hand_fingers_l", "hand_fingers_r" ],
        "material": [
          { "type": "lc_steel", "covered_by_mat": 95, "thickness": 1.25 },
          { "type": "lc_steel_chain", "covered_by_mat": 100, "thickness": 1.2 },
          { "type": "leather", "covered_by_mat": 100, "thickness": 1.0 }
        ]
      }
    ],
    "melee_damage": { "bash": 7 }
  },
  {
    "id": "xl_lc_mitten_gaunt",
    "type": "ARMOR",
    "copy-from": "lc_mitten_gaunt",
    "name": { "str": "pair of mild steel mitten gauntlets", "str_pl": "pairs of mild steel mitten gauntlets" },
    "proportional": { "weight": 1.5, "volume": 1.5 },
    "extend": { "flags": [ "OVERSIZE", "PREFIX_XL" ] }
  },
  {
    "id": "mc_mitten_gaunt",
    "type": "ARMOR",
    "copy-from": "lc_mitten_gaunt",
    "name": { "str": "pair of medium steel mitten gauntlets", "str_pl": "pairs of medium steel mitten gauntlets" },
    "replace_materials": { "lc_steel": "mc_steel", "lc_steel_chain": "mc_steel_chain" }
  },
  {
    "id": "xl_mc_mitten_gaunt",
    "type": "ARMOR",
    "copy-from": "mc_mitten_gaunt",
    "name": { "str": "pair of medium steel mitten gauntlets", "str_pl": "pairs of medium steel mitten gauntlets" },
    "proportional": { "weight": 1.5, "volume": 1.5 },
    "extend": { "flags": [ "OVERSIZE", "PREFIX_XL" ] }
  },
  {
    "id": "hc_mitten_gaunt",
    "type": "ARMOR",
    "copy-from": "lc_mitten_gaunt",
    "name": { "str": "pair of high steel mitten gauntlets", "str_pl": "pairs of high steel mitten gauntlets" },
    "replace_materials": { "lc_steel": "hc_steel", "lc_steel_chain": "hc_steel_chain" }
  },
  {
    "id": "xl_hc_mitten_gaunt",
    "type": "ARMOR",
    "copy-from": "hc_mitten_gaunt",
    "name": { "str": "pair of high steel mitten gauntlets", "str_pl": "pairs of high steel mitten gauntlets" },
    "proportional": { "weight": 1.5, "volume": 1.5 },
    "extend": { "flags": [ "OVERSIZE", "PREFIX_XL" ] }
  },
  {
    "id": "ch_mitten_gaunt",
    "type": "ARMOR",
    "copy-from": "lc_mitten_gaunt",
    "name": { "str": "pair of hardened steel mitten gauntlets", "str_pl": "pairs of hardened steel mitten gauntlets" },
    "replace_materials": { "lc_steel": "ch_steel", "lc_steel_chain": "ch_steel_chain" }
  },
  {
    "id": "xl_ch_mitten_gaunt",
    "type": "ARMOR",
    "copy-from": "ch_mitten_gaunt",
    "name": { "str": "pair of hardened steel mitten gauntlets", "str_pl": "pairs of hardened steel mitten gauntlets" },
    "proportional": { "weight": 1.5, "volume": 1.5 },
    "extend": { "flags": [ "OVERSIZE", "PREFIX_XL" ] }
  },
  {
    "id": "qt_mitten_gaunt",
    "type": "ARMOR",
    "copy-from": "lc_mitten_gaunt",
    "name": { "str": "pair of tempered steel mitten gauntlets", "str_pl": "pairs of tempered steel mitten gauntlets" },
    "replace_materials": { "lc_steel": "qt_steel", "lc_steel_chain": "qt_steel_chain" }
  },
  {
    "id": "xl_qt_mitten_gaunt",
    "type": "ARMOR",
    "copy-from": "qt_mitten_gaunt",
    "name": { "str": "pair of tempered steel mitten gauntlets", "str_pl": "pairs of tempered steel mitten gauntlets" },
    "proportional": { "weight": 1.5, "volume": 1.5 },
    "extend": { "flags": [ "OVERSIZE", "PREFIX_XL" ] }
  },
  {
    "id": "gloves_airsoft",
    "type": "ARMOR",
    "category": "armor",
    "name": { "str": "pair of airsoft gloves", "str_pl": "pairs of airsoft gloves" },
    "description": "A pair of fingerless gloves with hard plastic reinforcing the backs of the hands to protect against BB pellets and other light projectiles.",
    "weight": "200 g",
    "volume": "300 ml",
    "price": "40 USD",
    "price_postapoc": "10 USD",
    "material": [ "leather", "thermo_resin" ],
    "symbol": "[",
    "looks_like": "gloves_tactical",
    "color": "dark_gray",
    "warmth": 5,
    "flags": [ "VARSIZE", "STURDY", "ALLOWS_NATURAL_ATTACKS" ],
    "armor": [
      {
        "encumbrance": 4,
        "coverage": 100,
        "covers": [ "hand_l", "hand_r" ],
        "specifically_covers": [ "hand_wrist_l", "hand_wrist_r", "hand_palm_l", "hand_palm_r" ],
        "material": [ { "type": "leather", "covered_by_mat": 100, "thickness": 0.6 } ]
      },
      {
        "coverage": 100,
        "covers": [ "hand_l", "hand_r" ],
        "specifically_covers": [ "hand_back_l", "hand_back_r" ],
        "material": [
          { "type": "leather", "covered_by_mat": 100, "thickness": 0.6 },
          { "type": "thermo_resin", "covered_by_mat": 95, "thickness": 1 }
        ]
      },
      {
        "encumbrance": 0,
        "coverage": 50,
        "covers": [ "hand_l", "hand_r" ],
        "specifically_covers": [ "hand_fingers_l", "hand_fingers_r" ],
        "material": [
          { "type": "leather", "covered_by_mat": 100, "thickness": 0.6 },
          { "type": "thermo_resin", "covered_by_mat": 50, "thickness": 0.5 }
        ]
      }
    ]
  }
]
