[
  {
    "id": "back_holster",
    "type": "ARMOR",
    "name": { "str": "back holster" },
    "description": "A leather holster, big enough for a rifle or other large gun.  Designed to be strapped to the back.  Activate to holster/draw a gun.",
    "weight": "240 g",
    "volume": "1250 ml",
    "price": "100 USD",
    "price_postapoc": "12 USD 50 cent",
    "material": [ "leather" ],
    "symbol": "[",
    "looks_like": "quiver_large",
    "color": "light_gray",
    "material_thickness": 1,
    "pocket_data": [
      {
        "pocket_type": "CONTAINER",
        "holster": true,
        "min_item_volume": "1500 ml",
        "max_contains_volume": "9 L",
        "max_contains_weight": "10 kg",
        "max_item_length": "133 cm",
        "moves": 150,
        "volume_encumber_modifier": 0.4
      }
    ],
    "use_action": { "type": "holster" },
    "flags": [ "BELTED", "OVERSIZE" ],
    "armor": [ { "encumbrance": 2, "coverage": 10, "covers": [ "torso" ], "specifically_covers": [ "torso_hanging_back" ] } ]
  },
  {
    "id": "baldric_holster",
    "type": "ARMOR",
    "name": { "str": "baldric holster" },
    "description": "A leather harness which can hold up to six pistol-sized guns in total, available for quick drawing.  Historically, similar harnesses were used by pirates to carry multiple loaded flintlock pistols at once, as reloading them is a lengthy process.  Activate to holster/draw a gun.",
    "weight": "1320 g",
    "volume": "3 L",
    "price": "200 USD",
    "price_postapoc": "20 USD",
    "material": [ "leather" ],
    "symbol": "[",
    "looks_like": "quiver_large",
    "color": "brown",
    "material_thickness": 1,
    "pocket_data": [
      {
        "pocket_type": "CONTAINER",
        "holster": true,
        "min_item_volume": "300 ml",
        "max_contains_volume": "1 L",
        "max_contains_weight": "2 kg",
        "max_item_length": "35 cm",
        "moves": 50,
        "volume_encumber_modifier": 0.3
      },
      {
        "pocket_type": "CONTAINER",
        "holster": true,
        "min_item_volume": "300 ml",
        "max_contains_volume": "1 L",
        "max_contains_weight": "2 kg",
        "max_item_length": "35 cm",
        "moves": 50,
        "volume_encumber_modifier": 0.3
      },
      {
        "pocket_type": "CONTAINER",
        "holster": true,
        "min_item_volume": "300 ml",
        "max_contains_volume": "1 L",
        "max_contains_weight": "2 kg",
        "max_item_length": "35 cm",
        "moves": 50,
        "volume_encumber_modifier": 0.3
      },
      {
        "pocket_type": "CONTAINER",
        "holster": true,
        "min_item_volume": "300 ml",
        "max_contains_volume": "1 L",
        "max_contains_weight": "2 kg",
        "max_item_length": "35 cm",
        "moves": 50,
        "volume_encumber_modifier": 0.3
      },
      {
        "pocket_type": "CONTAINER",
        "holster": true,
        "min_item_volume": "300 ml",
        "max_contains_volume": "1 L",
        "max_contains_weight": "2 kg",
        "max_item_length": "35 cm",
        "moves": 50,
        "volume_encumber_modifier": 0.3
      },
      {
        "pocket_type": "CONTAINER",
        "holster": true,
        "min_item_volume": "300 ml",
        "max_contains_volume": "1 L",
        "max_contains_weight": "2 kg",
        "max_item_length": "35 cm",
        "moves": 50,
        "volume_encumber_modifier": 0.3
      }
    ],
    "use_action": { "type": "holster" },
    "flags": [ "WATER_FRIENDLY", "BELTED", "OVERSIZE" ],
    "armor": [ { "encumbrance": 2, "coverage": 40, "covers": [ "torso" ], "specifically_covers": [ "torso_hanging_back" ] } ]
  },
  {
    "id": "bootstrap",
    "type": "ARMOR",
    "name": { "str": "ankle holster" },
    "description": "A small concealed holster worn on the ankle.  It is awkward to use without practice.  Activate to holster/draw a small pistol.",
    "weight": "200 g",
    "volume": "250 ml",
    "price": "74 USD",
    "price_postapoc": "5 USD",
    "material": [ "leather" ],
    "symbol": "[",
    "looks_like": "holster",
    "color": "brown",
    "sided": true,
    "material_thickness": 1,
    "flags": [ "BELTED", "OVERSIZE", "ALLOWS_NATURAL_ATTACKS" ],
    "pocket_data": [
      {
        "magazine_well": "200 ml",
        "pocket_type": "CONTAINER",
        "min_item_volume": "100 ml",
        "max_contains_volume": "400 ml",
        "max_contains_weight": "1 kg",
        "max_item_length": "20 cm",
        "moves": 150
      }
    ],
    "use_action": { "type": "holster" },
    "armor": [
      {
        "material": [ { "type": "leather", "covered_by_mat": 100, "thickness": 1 } ],
        "covers": [ "foot_l", "foot_r" ],
        "specifically_covers": [ "foot_ankle_l", "foot_ankle_r" ],
        "coverage": 25,
        "encumbrance": [ 3, 4 ],
        "layers": [ "BELTED" ]
      }
    ]
  },
  {
    "id": "bow_sling",
    "type": "ARMOR",
    "name": { "str": "bow sling" },
    "description": "A somewhat complicated set of straps and fabric to keep your bow close to hand and (mostly) out of harm's way.  Activate to holster/draw your bow.",
    "weight": "320 g",
    "volume": "500 ml",
    "price": "80 USD",
    "price_postapoc": "5 USD",
    "material": [ "cotton" ],
    "symbol": "[",
    "looks_like": "slingpack",
    "color": "green",
    "material_thickness": 1,
    "flags": [ "OVERSIZE", "BELTED" ],
    "pocket_data": [
      {
        "pocket_type": "CONTAINER",
        "holster": true,
        "min_item_volume": "500 ml",
        "max_contains_volume": "7 L",
        "max_contains_weight": "5 kg",
        "max_item_length": "200 cm",
        "moves": 50,
        "flag_restriction": [ "SHEATH_BOW" ]
      }
    ],
    "use_action": { "type": "holster" },
    "armor": [ { "encumbrance": [ 3, 7 ], "coverage": 5, "covers": [ "torso" ], "specifically_covers": [ "torso_hanging_front" ] } ]
  },
  {
    "id": "single_sling",
    "type": "ARMOR",
    "name": { "str": "single point sling" },
    "description": "A harness going over your shoulder and across your chest.  Designed to connect to a rifle at a single point with the rifle hanging off your front.  Great for fighting, not great for travel.  Activate to holster/draw your weapon.",
    "weight": "320 g",
    "volume": "500 ml",
    "price": "80 USD",
    "price_postapoc": "5 USD",
    "material": [ "nylon" ],
    "symbol": "[",
    "looks_like": "slingpack",
    "color": "green",
    "material_thickness": 2,
    "flags": [ "OVERSIZE", "BELTED" ],
    "pocket_data": [
      {
        "pocket_type": "CONTAINER",
        "holster": true,
        "min_item_volume": "1000 ml",
        "max_contains_volume": "8 L",
        "max_contains_weight": "8200 g",
        "max_item_length": "120 cm",
        "moves": 30
      }
    ],
    "use_action": { "type": "holster" },
    "armor": [
      { "encumbrance": [ 0, 16 ], "coverage": 13, "covers": [ "torso" ], "specifically_covers": [ "torso_hanging_front" ] }
    ]
  },
  {
    "id": "holster",
    "type": "ARMOR",
    "name": { "str": "holster" },
    "description": "A leather strap worn on the hip for holding pistol-sized guns.  Activate to holster/draw a gun.",
    "weight": "220 g",
    "volume": "500 ml",
    "price": "90 USD",
    "price_postapoc": "5 USD",
    "material": [ "leather" ],
    "symbol": "[",
    "looks_like": "sheath",
    "color": "light_gray",
    "sided": true,
    "material_thickness": 1,
    "pocket_data": [
      {
        "magazine_well": "350 ml",
        "pocket_type": "CONTAINER",
        "holster": true,
        "min_item_volume": "250 ml",
        "max_contains_volume": "1000 ml",
        "max_contains_weight": "2 kg",
        "max_item_length": "30 cm",
        "moves": 50
      }
    ],
    "use_action": { "type": "holster" },
    "flags": [ "BELTED", "BELT_CLIP", "OVERSIZE", "PALS_MEDIUM" ],
    "armor": [
      {
        "encumbrance": [ 3, 4 ],
        "coverage": 5,
        "covers": [ "leg_l", "leg_r" ],
        "specifically_covers": [ "leg_hip_r", "leg_hip_l" ]
      }
    ]
  },
  {
    "id": "nylon_holster",
    "type": "ARMOR",
    "name": { "str": "nylon holster" },
    "description": "Holster made from nylon, rather than leather.  A bit stronger and lighter, but not as fashionable.  Activate to draw/holster a gun.",
    "weight": "200 g",
    "volume": "500 ml",
    "price": "9 USD",
    "price_postapoc": "2 USD 50 cent",
    "material": [ "nylon" ],
    "symbol": "[",
    "looks_like": "sheath",
    "color": "light_gray",
    "sided": true,
    "material_thickness": 0.5,
    "pocket_data": [
      {
        "magazine_well": "350 ml",
        "pocket_type": "CONTAINER",
        "holster": true,
        "min_item_volume": "250 ml",
        "max_contains_volume": "1000 ml",
        "max_contains_weight": "2250 g",
        "max_item_length": "30 cm",
        "moves": 50
      }
    ],
    "use_action": { "type": "holster" },
    "flags": [ "BELTED", "BELT_CLIP", "OVERSIZE", "PALS_MEDIUM" ],
    "armor": [
      {
        "encumbrance": [ 3, 4 ],
        "coverage": 5,
        "covers": [ "leg_l", "leg_r" ],
        "specifically_covers": [ "leg_hip_r", "leg_hip_l" ]
      }
    ]
  },
  {
    "id": "western_holster",
    "type": "ARMOR",
    "name": { "str": "western gun belt" },
    "description": "A Western-style gun belt as worn by cowboys and gunfighters in the movies and on TV. Has loops across the back to hold spare ammo.  Activate to holster/draw a gun.",
    "weight": "260 g",
    "volume": "550 ml",
    "price_postapoc": "5 USD",
    "material": [ "leather" ],
    "symbol": "[",
    "looks_like": "sheath",
    "color": "light_gray",
    "sided": true,
    "material_thickness": 2,
    "armor": [
      {
        "covers": [ "torso" ],
        "coverage": 50,
        "specifically_covers": [ "torso_waist" ],
        "encumbrance": [ 1, 1 ],
        "material": [
          { "type": "leather", "covered_by_mat": 100, "thickness": 2 },
          { "type": "steel", "covered_by_mat": 10, "thickness": 0.5 }
        ]
      },
      {
        "covers": [ "leg_l", "leg_r" ],
        "coverage": 40,
        "encumbrance": [ 2, 3 ],
        "specifically_covers": [ "leg_hip_r", "leg_hip_l" ]
      }
    ],
    "pocket_data": [
      {
        "pocket_type": "CONTAINER",
        "holster": true,
        "min_item_volume": "100 ml",
        "max_contains_volume": "855 ml",
        "max_contains_weight": "2 kg",
        "max_item_length": "38 cm",
        "moves": 30
      },
      {
        "pocket_type": "CONTAINER",
        "holster": false,
        "rigid": true,
        "ammo_restriction": {
          "32": 18,
          "762x25": 18,
          "38": 18,
          "357mag": 18,
          "357sig": 18,
          "380": 18,
          "38super": 18,
          "40": 18,
          "10mm": 18,
          "44": 18,
          "45": 18,
          "45colt": 18,
          "46": 18,
          "57": 18,
          "9x18": 18,
          "9mm": 18,
          "454": 18,
          "500": 18
        },
        "moves": 20
      }
    ],
    "use_action": { "type": "holster" },
    "flags": [ "BELTED", "OVERSIZE" ]
  },
  {
    "id": "sholster",
    "copy-from": "holster",
    "type": "ARMOR",
    "name": { "str": "fast draw holster" },
    "description": "A comfortable quick-draw holster for small guns.  Activate to holster/draw a gun.",
    "price_postapoc": "5 USD",
    "material": [ "leather" ],
    "pocket_data": [
      {
        "magazine_well": "200 ml",
        "pocket_type": "CONTAINER",
        "holster": true,
        "min_item_volume": "100 ml",
        "max_contains_volume": "490 ml",
        "max_contains_weight": "2 kg",
        "max_item_length": "250 mm",
        "moves": 30
      }
    ],
    "use_action": { "type": "holster" },
    "armor": [
      {
        "encumbrance": [ 1, 2 ],
        "coverage": 5,
        "covers": [ "leg_l", "leg_r" ],
        "specifically_covers": [ "leg_hip_r", "leg_hip_l" ]
      }
    ]
  },
  {
    "id": "shoulder_holster",
    "copy-from": "holster",
    "type": "ARMOR",
    "name": { "str": "shoulder holster" },
    "description": "A comfortable quick-draw holster for larger pistols.  One side holsters a gun, and the other side holds two magazines.  Activate to holster/draw a gun.",
    "price_postapoc": "5 USD",
    "material": [ "leather" ],
    "pocket_data": [
      {
        "magazine_well": "200 ml",
        "pocket_type": "CONTAINER",
        "holster": true,
        "min_item_volume": "100 ml",
        "max_contains_volume": "650 ml",
        "max_contains_weight": "2 kg",
        "max_item_length": "250 mm",
        "moves": 30,
        "volume_encumber_modifier": 0.3
      },
      {
        "pocket_type": "CONTAINER",
        "max_item_length": "240 mm",
        "max_contains_volume": "750 ml",
        "max_contains_weight": "2 kg",
        "moves": 40,
        "flag_restriction": [ "MAG_COMPACT" ],
        "volume_encumber_modifier": 0.3
      }
    ],
    "use_action": { "type": "holster" },
    "flags": [ "BELTED", "OVERSIZE" ],
    "armor": [ { "encumbrance": 1, "coverage": 5, "covers": [ "torso" ], "specifically_covers": [ "torso_upper" ] } ]
  },
  {
    "id": "bholster",
    "copy-from": "holster",
    "type": "ARMOR",
    "name": { "str": "deep concealment holster" },
    "description": "An elastic band with numerous provisions for concealing a very small pistol close to the body.  It is awkward to use without practice.  Activate to holster/draw a gun.",
    "weight": "120 g",
    "volume": "250 ml",
    "price": "30 USD",
    "price_postapoc": "5 USD",
    "material": [ "lycra" ],
    "pocket_data": [
      {
        "magazine_well": "150 ml",
        "pocket_type": "CONTAINER",
        "holster": true,
        "min_item_volume": "100 ml",
        "max_contains_volume": "400 ml",
        "max_contains_weight": "1 kg",
        "max_item_length": "165 mm",
        "moves": 210
      }
    ],
    "use_action": { "type": "holster" },
    "flags": [ "SKINTIGHT", "WATER_FRIENDLY" ],
    "armor": [
      {
        "encumbrance": [ 1, 3 ],
        "coverage": 25,
        "covers": [ "leg_l", "leg_r" ],
        "specifically_covers": [ "leg_hip_l", "leg_hip_r" ]
      }
    ]
  },
  {
    "id": "bbholster",
    "copy-from": "holster",
    "type": "ARMOR",
    "name": { "str": "belly band holster" },
    "description": "A wide elastic belly belt with a built-in holster for a pistol and a spare magazine.  It is very awkward to use without practice.  Activate to holster/draw a gun.",
    "weight": "240 g",
    "volume": "750 ml",
    "price_postapoc": "5 USD",
    "material": [ "lycra" ],
    "warmth": 5,
    "sided": false,
    "pocket_data": [
      {
        "magazine_well": "250 ml",
        "pocket_type": "CONTAINER",
        "holster": true,
        "min_item_volume": "150 ml",
        "max_contains_volume": "600 ml",
        "max_contains_weight": "1 kg",
        "max_item_length": "20 cm",
        "moves": 240,
        "volume_encumber_modifier": 0.4
      },
      {
        "pocket_type": "CONTAINER",
        "max_item_length": "240 mm",
        "max_contains_volume": "500 ml",
        "max_contains_weight": "1 kg",
        "moves": 60,
        "flag_restriction": [ "MAG_COMPACT" ],
        "volume_encumber_modifier": 0.2
      }
    ],
    "use_action": { "type": "holster" },
    "flags": [ "SKINTIGHT", "WATER_FRIENDLY" ],
    "armor": [ { "encumbrance": 0, "coverage": 50, "covers": [ "torso" ], "specifically_covers": [ "torso_lower" ] } ]
  },
  {
    "id": "side_double_holster",
    "type": "ARMOR",
    "name": { "str": "side-by-side double holster" },
    "description": "Two holsters attached together by a strap, right next to each other.  The placement means that drawing guns out of either one is slower than a regular holster.  Activate to holster/draw a gun.",
    "weight": "500 g",
    "volume": "1000 ml",
    "price": "90 USD",
    "price_postapoc": "12 USD",
    "material": [ "leather" ],
    "symbol": "[",
    "looks_like": "sheath",
    "color": "light_gray",
    "sided": true,
    "material_thickness": 2,
    "pocket_data": [
      {
        "magazine_well": "350 ml",
        "pocket_type": "CONTAINER",
        "holster": true,
        "min_item_volume": "250 ml",
        "max_contains_volume": "1000 ml",
        "max_contains_weight": "2 kg",
        "max_item_length": "30 cm",
        "moves": 70
      },
      {
        "magazine_well": "350 ml",
        "pocket_type": "CONTAINER",
        "holster": true,
        "min_item_volume": "250 ml",
        "max_contains_volume": "1000 ml",
        "max_contains_weight": "2 kg",
        "max_item_length": "30 cm",
        "moves": 70
      }
    ],
    "use_action": { "type": "holster" },
    "flags": [ "BELTED", "BELT_CLIP", "OVERSIZE", "PALS_LARGE" ],
    "armor": [
      {
        "encumbrance": [ 5, 7 ],
        "coverage": 5,
        "covers": [ "leg_l", "leg_r" ],
        "specifically_covers": [ "leg_hip_r", "leg_hip_l" ]
      }
    ]
  },
  {
    "id": "FB_double_holster",
    "type": "ARMOR",
    "name": { "str": "front-to-back double holster" },
    "description": "Two holsters attached together by a strap, one in front of the other.  The placement means that drawing a gun out of the front holster is slower than the other holster.  Activate to holster/draw a gun.",
    "weight": "500 g",
    "volume": "1000 ml",
    "price": "90 USD",
    "price_postapoc": "12 USD",
    "material": [ "leather" ],
    "symbol": "[",
    "looks_like": "sheath",
    "color": "light_gray",
    "sided": true,
    "material_thickness": 1,
    "pocket_data": [
      {
        "magazine_well": "350 ml",
        "pocket_type": "CONTAINER",
        "holster": true,
        "min_item_volume": "250 ml",
        "max_contains_volume": "1000 ml",
        "max_contains_weight": "2 kg",
        "max_item_length": "30 cm",
        "moves": 50
      },
      {
        "magazine_well": "350 ml",
        "pocket_type": "CONTAINER",
        "holster": true,
        "min_item_volume": "250 ml",
        "max_contains_volume": "1000 ml",
        "max_contains_weight": "2 kg",
        "max_item_length": "30 cm",
        "moves": 80
      }
    ],
    "use_action": { "type": "holster" },
    "flags": [ "BELTED", "BELT_CLIP", "OVERSIZE", "PALS_LARGE" ],
    "armor": [
      {
        "encumbrance": [ 8, 10 ],
        "coverage": 8,
        "covers": [ "leg_l", "leg_r" ],
        "specifically_covers": [ "leg_hip_r", "leg_hip_l" ]
      }
    ]
  },
  {
    "id": "side_nylon_double_holster",
    "type": "ARMOR",
    "name": { "str": "nylon side-by-side double holster" },
    "description": "Two nylon holsters attached together by a strap, right next to each other.  The placement means that drawing guns out of either one is slower than a regular holster.  Activate to holster/draw a gun.",
    "weight": "500 g",
    "volume": "1000 ml",
    "price": "90 USD",
    "price_postapoc": "12 USD",
    "material": [ "nylon" ],
    "symbol": "[",
    "looks_like": "sheath",
    "color": "light_gray",
    "sided": true,
    "material_thickness": 2,
    "pocket_data": [
      {
        "magazine_well": "350 ml",
        "pocket_type": "CONTAINER",
        "holster": true,
        "min_item_volume": "250 ml",
        "max_contains_volume": "1000 ml",
        "max_contains_weight": "2250 g",
        "max_item_length": "30 cm",
        "moves": 70
      },
      {
        "magazine_well": "350 ml",
        "pocket_type": "CONTAINER",
        "holster": true,
        "min_item_volume": "250 ml",
        "max_contains_volume": "1000 ml",
        "max_contains_weight": "2250 g",
        "max_item_length": "30 cm",
        "moves": 70
      }
    ],
    "use_action": { "type": "holster" },
    "flags": [ "BELTED", "BELT_CLIP", "OVERSIZE", "PALS_LARGE" ],
    "armor": [
      {
        "encumbrance": [ 5, 7 ],
        "coverage": 5,
        "covers": [ "leg_l", "leg_r" ],
        "specifically_covers": [ "leg_hip_r", "leg_hip_l" ]
      }
    ]
  },
  {
    "id": "FB_nylon_double_holster",
    "type": "ARMOR",
    "name": { "str": "nylon front-to-back double holster" },
    "description": "Two nylon holsters attached together by a strap, one in front of the other.  The placement means that drawing a gun out of the front holster is slower than the other holster.  Activate to holster/draw a gun.",
    "weight": "480 g",
    "volume": "1000 ml",
    "price": "90 USD",
    "price_postapoc": "12 USD",
    "material": [ "nylon" ],
    "symbol": "[",
    "looks_like": "sheath",
    "color": "light_gray",
    "sided": true,
    "material_thickness": 1,
    "pocket_data": [
      {
        "magazine_well": "350 ml",
        "pocket_type": "CONTAINER",
        "holster": true,
        "min_item_volume": "250 ml",
        "max_contains_volume": "1000 ml",
        "max_contains_weight": "2250 g",
        "max_item_length": "30 cm",
        "moves": 50
      },
      {
        "magazine_well": "350 ml",
        "pocket_type": "CONTAINER",
        "holster": true,
        "min_item_volume": "250 ml",
        "max_contains_volume": "1000 ml",
        "max_contains_weight": "2250 g",
        "max_item_length": "30 cm",
        "moves": 80
      }
    ],
    "use_action": { "type": "holster" },
    "flags": [ "BELTED", "BELT_CLIP", "OVERSIZE", "PALS_LARGE" ],
    "armor": [
      {
        "encumbrance": [ 8, 10 ],
        "coverage": 8,
        "covers": [ "leg_l", "leg_r" ],
        "specifically_covers": [ "leg_hip_r", "leg_hip_l" ]
      }
    ]
  },
  {
    "id": "XL_holster",
    "type": "ARMOR",
    "name": { "str": "large holster" },
    "description": "A belt holster consisting of a loop and strap intended for use with larger firearms.  Slightly more cumbersome than a standard holster due to the straps that hold it flat against your leg.  Activate to holster/draw a gun.",
    "weight": "320 g",
    "volume": "250 ml",
    "price": "90 USD",
    "price_postapoc": "7 USD 50 cent",
    "material": [ "leather" ],
    "symbol": "[",
    "looks_like": "quiver_large",
    "color": "light_gray",
    "sided": true,
    "material_thickness": 1,
    "pocket_data": [
      {
        "pocket_type": "CONTAINER",
        "holster": true,
        "min_item_volume": "500 ml",
        "max_contains_volume": "1500 ml",
        "max_contains_weight": "5 kg",
        "max_item_length": "525 mm",
        "moves": 70
      }
    ],
    "use_action": { "type": "holster" },
    "flags": [ "BELTED", "OVERSIZE", "PALS_LARGE" ],
    "armor": [
      {
        "encumbrance": [ 4, 5 ],
        "coverage": 10,
        "covers": [ "leg_l", "leg_r" ],
        "specifically_covers": [ "leg_hip_r", "leg_hip_l", "leg_upper_r", "leg_upper_l" ]
      }
    ]
  },
  {
    "id": "XL_nylon_holster",
    "type": "ARMOR",
    "name": { "str": "large nylon holster" },
    "description": "A belt holster consisting of a loop and strap intended for use with larger firearms, but made with nylon instead of leather.  Activate to holster/draw a gun",
    "weight": "287 g",
    "volume": "250 ml",
    "price": "9 USD",
    "price_postapoc": "5 USD",
    "material": [ "nylon" ],
    "symbol": "[",
    "looks_like": "quiver_large",
    "color": "light_gray",
    "sided": true,
    "material_thickness": 0.5,
    "pocket_data": [
      {
        "pocket_type": "CONTAINER",
        "holster": true,
        "min_item_volume": "500 ml",
        "max_contains_volume": "1500 ml",
        "max_contains_weight": "5500 g",
        "max_item_length": "525 mm",
        "moves": 70
      }
    ],
    "use_action": { "type": "holster" },
    "flags": [ "BELTED", "OVERSIZE", "PALS_LARGE" ],
    "armor": [
      {
        "encumbrance": [ 2, 7 ],
        "coverage": 10,
        "covers": [ "leg_l", "leg_r" ],
        "specifically_covers": [ "leg_hip_r", "leg_hip_l", "leg_upper_r", "leg_upper_l" ]
      }
    ]
  },
  {
    "id": "XS_holster",
    "type": "ARMOR",
    "copy-from": "holster",
    "name": { "str": "holster" },
    "proportional": { "weight": 0.75, "volume": 0.75, "price": 0.5 },
    "flags": [ "BELTED", "BELT_CLIP", "UNDERSIZE", "PREFIX_XS", "PALS_MEDIUM" ]
  },
  {
    "id": "XS_nylon_holster",
    "type": "ARMOR",
    "copy-from": "nylon_holster",
    "name": { "str": "nylon holster" },
    "proportional": { "weight": 0.75, "volume": 0.75, "price": 0.5 },
    "flags": [ "BELTED", "BELT_CLIP", "UNDERSIZE", "PREFIX_XS", "PALS_MEDIUM" ]
  }
]
