[
  {
    "abstract": "horse_armor",
    "type": "PET_ARMOR",
    "name": { "str": "horse armor", "//~": "NO_I18N" },
    "symbol": "[",
    "min_pet_vol": "380 L",
    "max_pet_vol": "1000 L",
    "pet_bodytype": "horse",
    "longest_side": "60 cm",
    "flags": [ "IS_PET_ARMOR" ]
  },
  {
    "type": "PET_ARMOR",
    "id": "kevlar_armor_horse",
    "copy-from": "horse_armor",
    "color": "yellow",
    "name": { "str": "Kevlar-lined horse peto" },
    "description": "A heavy, mattress-like armor of cloth, leather and thick linings of Kevlar, originally used as protection in bullfighting.  You could put this on a friendly horse.",
    "price": "500 USD",
    "price_postapoc": "50 USD",
    "material": [ "cotton", "leather", "kevlar_layered" ],
    "weight": "30 kg",
    "volume": "150 L",
    "material_thickness": 10
  },
  {
    "type": "PET_ARMOR",
    "id": "acidchitin_armor_horse",
    "copy-from": "horse_armor",
    "color": "green",
    "name": { "str": "biosilicified chitin horse armor" },
    "description": "A makeshift assembly of criniere, peytral and croupiere made from biosilicified chitin fitted to a thin mesh.  You could put this on a friendly horse.  Acid-resistant but brittle.",
    "price": "1 kUSD 200 USD",
    "price_postapoc": "80 USD",
    "material": [ "acidchitin" ],
    "weight": "35 kg",
    "volume": "150 L",
    "material_thickness": 6,
    "environmental_protection": 7
  },
  {
    "type": "PET_ARMOR",
    "id": "chitin_armor_horse",
    "copy-from": "horse_armor",
    "color": "green",
    "name": { "str": "chitin horse armor" },
    "description": "A makeshift assembly of criniere, peytral and croupiere made from chitin fitted to a thin mesh.  You could put this on a friendly horse.",
    "price": "1 kUSD",
    "price_postapoc": "60 USD",
    "material": [ "chitin" ],
    "weight": "35 kg",
    "volume": "150 L",
    "material_thickness": 6,
    "environmental_protection": 4
  },
  {
    "type": "PET_ARMOR",
    "id": "chainmail_armor_horse",
    "copy-from": "horse_armor",
    "color": "green",
    "name": { "str": "chainmail horse armor" },
    "description": "A heavy covering of chainmail, suitably made for horses as protection.  You could put this on a friendly horse.",
    "price": "400 USD",
    "price_postapoc": "100 USD",
    "material": [ "steel", "leather" ],
    "weight": "40 kg",
    "volume": "150 L",
    "material_thickness": 6
  },
  {
    "type": "PET_ARMOR",
    "id": "leather_armor_horse",
    "copy-from": "horse_armor",
    "color": "green",
    "name": { "str": "boiled leather horse barding with caparison", "str_pl": "boiled leather horse bardings with caparison" },
    "description": "A full barding for horses consisting of boiled leather and cloth undercovering.  This caparison depicts a battle between a monstrous dragon and regal griffin.  You could put this on a friendly horse.",
    "price": "300 USD",
    "price_postapoc": "30 USD",
    "material": [ "cotton", "leather" ],
    "weight": "15 kg",
    "volume": "150 L",
    "material_thickness": 6,
    "snippet_category": [
      {
        "id": "battle",
        "text": "A full barding for horses consisting of boiled leather and cloth undercovering.  This caparison depicts a battle between a monstrous dragon and regal griffin.  You could put this on a friendly horse."
      },
      {
        "id": "ancientdragon",
        "text": "A full barding for horses consisting of boiled leather and cloth undercovering.  This caparison depicts a red dragon breathing fire on cities.  You could put this on a friendly horse."
      },
      {
        "id": "criticalbear",
        "text": "A full barding for horses consisting of boiled leather and cloth undercovering.  This caparison depicts a bear standing on its hind legs, forelegs outstretched in a menacing manner.  You could put this on a friendly horse."
      },
      {
        "id": "orange",
        "text": "A full barding for horses consisting of boiled leather and cloth undercovering.  This caparison depicts an assortment of fruits and vegetables with a very large orange featured in the foreground.  You could put this on a friendly horse."
      },
      {
        "id": "vulture",
        "text": "A full barding for horses consisting of boiled leather and cloth undercovering.  This caparison depicts a massive vulture perched on a mountain.  You could put this on a friendly horse."
      },
      {
        "id": "direboar",
        "text": "A full barding for horses consisting of boiled leather and cloth undercovering.  This caparison depicts the mythical Erymanthian boar in various artistic forms.  You could put this on a friendly horse."
      },
      {
        "id": "rycon",
        "text": "A full barding for horses consisting of boiled leather and cloth undercovering.  This caparison seems to be sponsored by Rycon Construction, with a tag line of \"From down under to your home, we play all the roles from start to finish!\".  You could put this on a friendly horse."
      },
      {
        "id": "coregentech",
        "text": "A full barding for horses consisting of boiled leather and cloth undercovering.  This caparison seems to be sponsored by Core Generator Tech, with a tag line of \"Providing power solutions from culinary to graphic design, we have the magic touch for your problems!\".  You could put this on a friendly horse."
      }
    ]
  },
  {
    "type": "PET_ARMOR",
    "id": "leatherbone_armor_horse",
    "copy-from": "horse_armor",
    "color": "green",
    "name": { "str": "boiled leather horse barding with bones", "str_pl": "boiled leather horse bardings with bones" },
    "description": "Decorative bones affixed to leather horse barding to invoke fear in bandits and raiders and traders all!  You could put this on a friendly horse.",
    "price": "450 USD",
    "price_postapoc": "30 USD",
    "material": [ "leather" ],
    "weight": "17 kg",
    "volume": "150 L",
    "material_thickness": 6
  },
  {
    "type": "PET_ARMOR",
    "id": "rubber_armor_horse",
    "copy-from": "horse_armor",
    "color": "green",
    "name": { "str": "horse rain sheet" },
    "description": "A thin plastic covering designed to keep a horse dry in the rain.  You could put this on a friendly horse.",
    "price": "150 USD",
    "price_postapoc": "15 USD",
    "material": [ "neoprene", "plastic" ],
    "weight": "14 kg",
    "volume": "150 L",
    "material_thickness": 3
  },
  {
    "type": "PET_ARMOR",
    "id": "iron_armor_horse",
    "copy-from": "horse_armor",
    "color": "brown",
    "name": { "str": "iron horse armor" },
    "description": "A heavy covering of strategically-placed iron plates and leather, suitably made for horses as protection.  You could put this on a friendly horse.",
    "price": "500 USD",
    "price_postapoc": "100 USD",
    "material": [ "iron", "leather" ],
    "weight": "30 kg",
    "volume": "150 L",
    "material_thickness": 4
  },
  {
    "type": "PET_ARMOR",
    "id": "steel_armor_horse",
    "copy-from": "horse_armor",
    "color": "light_gray",
    "name": { "str": "steel horse armor" },
    "description": "A heavy covering of steel plate and leather, suitably made for horses as protection.  You could put this on a friendly horse.",
    "price": "600 USD",
    "price_postapoc": "150 USD",
    "material": [ "steel", "leather" ],
    "weight": "50 kg",
    "volume": "150 L",
    "material_thickness": 4
  },
  {
    "type": "PET_ARMOR",
    "id": "bronze_armor_horse",
    "copy-from": "horse_armor",
    "color": "yellow",
    "name": { "str": "bronze horse armor" },
    "description": "A heavy covering of strategically-placed bronze plates and leather, suitably made for horses as protection.  You could put this on a friendly horse.",
    "price": "500 USD",
    "price_postapoc": "100 USD",
    "material": [ "bronze", "leather" ],
    "weight": "30 kg",
    "volume": "150 L",
    "material_thickness": 4
  },
  {
    "id": "saddlebag",
    "type": "ARMOR",
    "name": { "str": "pair of saddle bags", "str_pl": "pairs of saddle bags" },
    "description": "A pair of covered pouches laid across the back of a horse behind the saddle.",
    "weight": "1 kg",
    "volume": "7500 ml",
    "price": "150 USD",
    "price_postapoc": "25 USD",
    "material": [ "leather" ],
    "symbol": "[",
    "looks_like": "dump_pouch",
    "color": "green",
    "warmth": 10,
    "material_thickness": 2,
    "flags": [ "BELTED", "WATER_FRIENDLY" ],
    "//": "each 15 L bag is ~ 60 x 25 x 10 cm",
    "pocket_data": [
      {
        "pocket_type": "CONTAINER",
        "max_contains_volume": "15 L",
        "max_contains_weight": "20 kg",
        "max_item_length": "60 cm",
        "moves": 200
      },
      {
        "pocket_type": "CONTAINER",
        "max_contains_volume": "15 L",
        "max_contains_weight": "20 kg",
        "max_item_length": "60 cm",
        "moves": 200
      }
    ],
    "armor": [ { "encumbrance": 30, "coverage": 50, "covers": [ "hand_l", "hand_r" ] } ]
  }
]
